Measure,Unit,Year,Value
Producer Support Estimate (PSE),"Euro, Millions",2013,188140.5076
Producer Support Estimate (PSE),"Euro, Millions",2014,175169.7918
Producer Support Estimate (PSE),"Euro, Millions",2015,193117.8237
Producer Support Estimate (PSE),"Euro, Millions",2016,194821.1649
Producer Support Estimate (PSE),"Euro, Millions",2017,190739.158
Producer Support Estimate (PSE),"Euro, Millions",2018,196247.3993
Producer Support Estimate (PSE),"Euro, Millions",2019,204861.6846
Producer Support Estimate (PSE),"Euro, Millions",2020,204096.2744
Producer Support Estimate (PSE),"Euro, Millions",2021,201950.6586
Producer Support Estimate (PSE),"Euro, Millions",2022,193184.4276
Producer Support Estimate (PSE),"Euro, Millions",2023,206904.4543
Producer Support Estimate (PSE),"Euro, Millions",2024,216223.5747
Producer Support Estimate (PSE),"US dollar, Millions",2013,249872.8428
Producer Support Estimate (PSE),"US dollar, Millions",2014,232713.2667
Producer Support Estimate (PSE),"US dollar, Millions",2015,214266.8154
Producer Support Estimate (PSE),"US dollar, Millions",2016,215648.2581
Producer Support Estimate (PSE),"US dollar, Millions",2017,215474.3167
Producer Support Estimate (PSE),"US dollar, Millions",2018,231759.1601
Producer Support Estimate (PSE),"US dollar, Millions",2019,229337.4999
Producer Support Estimate (PSE),"US dollar, Millions",2020,233118.0761
Producer Support Estimate (PSE),"US dollar, Millions",2021,238855.2238
Producer Support Estimate (PSE),"US dollar, Millions",2022,203432.5455
Producer Support Estimate (PSE),"US dollar, Millions",2023,223719.1885
Producer Support Estimate (PSE),"US dollar, Millions",2024,234036.0591
Producer Support Estimate (PSE),"National currency, Millions",2013,249872.8428
Producer Support Estimate (PSE),"National currency, Millions",2014,232713.2667
Producer Support Estimate (PSE),"National currency, Millions",2015,214266.8154
Producer Support Estimate (PSE),"National currency, Millions",2016,215648.2581
Producer Support Estimate (PSE),"National currency, Millions",2017,215474.3167
Producer Support Estimate (PSE),"National currency, Millions",2018,231759.1601
Producer Support Estimate (PSE),"National currency, Millions",2019,229337.4999
Producer Support Estimate (PSE),"National currency, Millions",2020,233118.0761
Producer Support Estimate (PSE),"National currency, Millions",2021,238855.2238
Producer Support Estimate (PSE),"National currency, Millions",2022,203432.5455
Producer Support Estimate (PSE),"National currency, Millions",2023,223719.1885
Producer Support Estimate (PSE),"National currency, Millions",2024,234036.0591
Support based on commodity output,"Euro, Millions",2013,84681.8103
Support based on commodity output,"Euro, Millions",2014,74337.9417
Support based on commodity output,"Euro, Millions",2015,86301.5786
Support based on commodity output,"Euro, Millions",2016,88954.1679
Support based on commodity output,"Euro, Millions",2017,88861.4286
Support based on commodity output,"Euro, Millions",2018,90688.8471
Support based on commodity output,"Euro, Millions",2019,86186.3712
Support based on commodity output,"Euro, Millions",2020,86386.0726
Support based on commodity output,"Euro, Millions",2021,72368.666
Support based on commodity output,"Euro, Millions",2022,63002.5488
Support based on commodity output,"Euro, Millions",2023,81113.0837
Support based on commodity output,"Euro, Millions",2024,89773.9274
Support based on commodity output,"US dollar, Millions",2013,112467.4582
Support based on commodity output,"US dollar, Millions",2014,98758.0397
Support based on commodity output,"US dollar, Millions",2015,95752.759
Support based on commodity output,"US dollar, Millions",2016,98463.6929
Support based on commodity output,"US dollar, Millions",2017,100385.0274
Support based on commodity output,"US dollar, Millions",2018,107099.3609
Support based on commodity output,"US dollar, Millions",2019,96483.4734
Support based on commodity output,"US dollar, Millions",2020,98669.8808
Support based on commodity output,"US dollar, Millions",2021,85593.3525
Support based on commodity output,"US dollar, Millions",2022,66344.7309
Support based on commodity output,"US dollar, Millions",2023,87704.9908
Support based on commodity output,"US dollar, Millions",2024,97169.4979
Support based on commodity output,"National currency, Millions",2013,112467.4582
Support based on commodity output,"National currency, Millions",2014,98758.0397
Support based on commodity output,"National currency, Millions",2015,95752.759
Support based on commodity output,"National currency, Millions",2016,98463.6929
Support based on commodity output,"National currency, Millions",2017,100385.0274
Support based on commodity output,"National currency, Millions",2018,107099.3609
Support based on commodity output,"National currency, Millions",2019,96483.4734
Support based on commodity output,"National currency, Millions",2020,98669.8808
Support based on commodity output,"National currency, Millions",2021,85593.3525
Support based on commodity output,"National currency, Millions",2022,66344.7309
Support based on commodity output,"National currency, Millions",2023,87704.9908
Support based on commodity output,"National currency, Millions",2024,97169.4979
Market Price Support (MPS),"Euro, Millions",2013,80444.3992
Market Price Support (MPS),"Euro, Millions",2014,70537.6965
Market Price Support (MPS),"Euro, Millions",2015,82683.858
Market Price Support (MPS),"Euro, Millions",2016,85590.3414
Market Price Support (MPS),"Euro, Millions",2017,85602.782
Market Price Support (MPS),"Euro, Millions",2018,80296.3494
Market Price Support (MPS),"Euro, Millions",2019,82591.5315
Market Price Support (MPS),"Euro, Millions",2020,76782.377
Market Price Support (MPS),"Euro, Millions",2021,67891.7494
Market Price Support (MPS),"Euro, Millions",2022,59613.3439
Market Price Support (MPS),"Euro, Millions",2023,78214.981
Market Price Support (MPS),"Euro, Millions",2024,85949.6967
Market Price Support (MPS),"US dollar, Millions",2013,106839.6751
Market Price Support (MPS),"US dollar, Millions",2014,93709.4096
Market Price Support (MPS),"US dollar, Millions",2015,91738.8494
Market Price Support (MPS),"US dollar, Millions",2016,94740.261
Market Price Support (MPS),"US dollar, Millions",2017,96703.7977
Market Price Support (MPS),"US dollar, Millions",2018,94826.2987
Market Price Support (MPS),"US dollar, Millions",2019,92459.1409
Market Price Support (MPS),"US dollar, Millions",2020,87700.572
Market Price Support (MPS),"US dollar, Millions",2021,80298.3219
Market Price Support (MPS),"US dollar, Millions",2022,62775.7343
Market Price Support (MPS),"US dollar, Millions",2023,84571.3647
Market Price Support (MPS),"US dollar, Millions",2024,93030.2273
Market Price Support (MPS),"National currency, Millions",2013,106839.6751
Market Price Support (MPS),"National currency, Millions",2014,93709.4096
Market Price Support (MPS),"National currency, Millions",2015,91738.8494
Market Price Support (MPS),"National currency, Millions",2016,94740.261
Market Price Support (MPS),"National currency, Millions",2017,96703.7977
Market Price Support (MPS),"National currency, Millions",2018,94826.2987
Market Price Support (MPS),"National currency, Millions",2019,92459.1409
Market Price Support (MPS),"National currency, Millions",2020,87700.572
Market Price Support (MPS),"National currency, Millions",2021,80298.3219
Market Price Support (MPS),"National currency, Millions",2022,62775.7343
Market Price Support (MPS),"National currency, Millions",2023,84571.3647
Market Price Support (MPS),"National currency, Millions",2024,93030.2273
Positive Market Price Support,"Euro, Millions",2013,80544.9643
Positive Market Price Support,"Euro, Millions",2014,70869.4088
Positive Market Price Support,"Euro, Millions",2015,82992.9185
Positive Market Price Support,"Euro, Millions",2016,85784.2829
Positive Market Price Support,"Euro, Millions",2017,85973.9635
Positive Market Price Support,"Euro, Millions",2018,80502.2424
Positive Market Price Support,"Euro, Millions",2019,82912.2581
Positive Market Price Support,"Euro, Millions",2020,76825.3519
Positive Market Price Support,"Euro, Millions",2021,67915.0619
Positive Market Price Support,"Euro, Millions",2022,59755.194
Positive Market Price Support,"Euro, Millions",2023,78406.7997
Positive Market Price Support,"Euro, Millions",2024,86748.6924
Positive Market Price Support,"US dollar, Millions",2013,106973.2375
Positive Market Price Support,"US dollar, Millions",2014,94150.0898
Positive Market Price Support,"US dollar, Millions",2015,92081.7562
Positive Market Price Support,"US dollar, Millions",2016,94954.9356
Positive Market Price Support,"US dollar, Millions",2017,97123.1143
Positive Market Price Support,"US dollar, Millions",2018,95069.4488
Positive Market Price Support,"US dollar, Millions",2019,92818.1862
Positive Market Price Support,"US dollar, Millions",2020,87749.6578
Positive Market Price Support,"US dollar, Millions",2021,80325.8946
Positive Market Price Support,"US dollar, Millions",2022,62925.1093
Positive Market Price Support,"US dollar, Millions",2023,84778.7722
Positive Market Price Support,"US dollar, Millions",2024,93895.0442
Positive Market Price Support,"National currency, Millions",2013,106973.2375
Positive Market Price Support,"National currency, Millions",2014,94150.0898
Positive Market Price Support,"National currency, Millions",2015,92081.7562
Positive Market Price Support,"National currency, Millions",2016,94954.9356
Positive Market Price Support,"National currency, Millions",2017,97123.1143
Positive Market Price Support,"National currency, Millions",2018,95069.4488
Positive Market Price Support,"National currency, Millions",2019,92818.1862
Positive Market Price Support,"National currency, Millions",2020,87749.6578
Positive Market Price Support,"National currency, Millions",2021,80325.8946
Positive Market Price Support,"National currency, Millions",2022,62925.1093
Positive Market Price Support,"National currency, Millions",2023,84778.7722
Positive Market Price Support,"National currency, Millions",2024,93895.0442
Negative Market Price Support,"Euro, Millions",2013,-100.5651
Negative Market Price Support,"Euro, Millions",2014,-331.7123
Negative Market Price Support,"Euro, Millions",2015,-309.0605
Negative Market Price Support,"Euro, Millions",2016,-193.9416
Negative Market Price Support,"Euro, Millions",2017,-371.1816
Negative Market Price Support,"Euro, Millions",2018,-205.893
Negative Market Price Support,"Euro, Millions",2019,-320.7265
Negative Market Price Support,"Euro, Millions",2020,-42.9749
Negative Market Price Support,"Euro, Millions",2021,-23.3125
Negative Market Price Support,"Euro, Millions",2022,-141.8501
Negative Market Price Support,"Euro, Millions",2023,-191.8187
Negative Market Price Support,"Euro, Millions",2024,-798.9957
Negative Market Price Support,"US dollar, Millions",2013,-133.5624
Negative Market Price Support,"US dollar, Millions",2014,-440.6802
Negative Market Price Support,"US dollar, Millions",2015,-342.9067
Negative Market Price Support,"US dollar, Millions",2016,-214.6746
Negative Market Price Support,"US dollar, Millions",2017,-419.3166
Negative Market Price Support,"US dollar, Millions",2018,-243.1502
Negative Market Price Support,"US dollar, Millions",2019,-359.0453
Negative Market Price Support,"US dollar, Millions",2020,-49.0858
Negative Market Price Support,"US dollar, Millions",2021,-27.5727
Negative Market Price Support,"US dollar, Millions",2022,-149.375
Negative Market Price Support,"US dollar, Millions",2023,-207.4075
Negative Market Price Support,"US dollar, Millions",2024,-864.8169
Negative Market Price Support,"National currency, Millions",2013,-133.5624
Negative Market Price Support,"National currency, Millions",2014,-440.6802
Negative Market Price Support,"National currency, Millions",2015,-342.9067
Negative Market Price Support,"National currency, Millions",2016,-214.6746
Negative Market Price Support,"National currency, Millions",2017,-419.3166
Negative Market Price Support,"National currency, Millions",2018,-243.1502
Negative Market Price Support,"National currency, Millions",2019,-359.0453
Negative Market Price Support,"National currency, Millions",2020,-49.0858
Negative Market Price Support,"National currency, Millions",2021,-27.5727
Negative Market Price Support,"National currency, Millions",2022,-149.375
Negative Market Price Support,"National currency, Millions",2023,-207.4075
Negative Market Price Support,"National currency, Millions",2024,-864.8169
Payments based on output,"Euro, Millions",2013,4237.4111
Payments based on output,"Euro, Millions",2014,3800.2452
Payments based on output,"Euro, Millions",2015,3617.7206
Payments based on output,"Euro, Millions",2016,3363.8266
Payments based on output,"Euro, Millions",2017,3258.6466
Payments based on output,"Euro, Millions",2018,10392.4978
Payments based on output,"Euro, Millions",2019,3594.8397
Payments based on output,"Euro, Millions",2020,9603.6957
Payments based on output,"Euro, Millions",2021,4476.9166
Payments based on output,"Euro, Millions",2022,3389.2049
Payments based on output,"Euro, Millions",2023,2898.1027
Payments based on output,"Euro, Millions",2024,3824.2308
Payments based on output,"US dollar, Millions",2013,5627.7831
Payments based on output,"US dollar, Millions",2014,5048.6301
Payments based on output,"US dollar, Millions",2015,4013.9095
Payments based on output,"US dollar, Millions",2016,3723.4319
Payments based on output,"US dollar, Millions",2017,3681.2297
Payments based on output,"US dollar, Millions",2018,12273.0623
Payments based on output,"US dollar, Millions",2019,4024.3325
Payments based on output,"US dollar, Millions",2020,10969.3088
Payments based on output,"US dollar, Millions",2021,5295.0306
Payments based on output,"US dollar, Millions",2022,3568.9966
Payments based on output,"US dollar, Millions",2023,3133.6261
Payments based on output,"US dollar, Millions",2024,4139.2707
Payments based on output,"National currency, Millions",2013,5627.7831
Payments based on output,"National currency, Millions",2014,5048.6301
Payments based on output,"National currency, Millions",2015,4013.9095
Payments based on output,"National currency, Millions",2016,3723.4319
Payments based on output,"National currency, Millions",2017,3681.2297
Payments based on output,"National currency, Millions",2018,12273.0623
Payments based on output,"National currency, Millions",2019,4024.3325
Payments based on output,"National currency, Millions",2020,10969.3088
Payments based on output,"National currency, Millions",2021,5295.0306
Payments based on output,"National currency, Millions",2022,3568.9966
Payments based on output,"National currency, Millions",2023,3133.6261
Payments based on output,"National currency, Millions",2024,4139.2707
Payments based on input use,"Euro, Millions",2013,24824.2519
Payments based on input use,"Euro, Millions",2014,24166.9073
Payments based on input use,"Euro, Millions",2015,26204.107
Payments based on input use,"Euro, Millions",2016,23919.8515
Payments based on input use,"Euro, Millions",2017,23743.6051
Payments based on input use,"Euro, Millions",2018,25012.0038
Payments based on input use,"Euro, Millions",2019,25514.5085
Payments based on input use,"Euro, Millions",2020,30209.7716
Payments based on input use,"Euro, Millions",2021,25133.9408
Payments based on input use,"Euro, Millions",2022,31600.4947
Payments based on input use,"Euro, Millions",2023,34460.3944
Payments based on input use,"Euro, Millions",2024,34434.9844
Payments based on input use,"US dollar, Millions",2013,32969.5422
Payments based on input use,"US dollar, Millions",2014,32105.7637
Payments based on input use,"US dollar, Millions",2015,29073.8082
Payments based on input use,"US dollar, Millions",2016,26476.9708
Payments based on input use,"US dollar, Millions",2017,26822.6889
Payments based on input use,"US dollar, Millions",2018,29538.0271
Payments based on input use,"US dollar, Millions",2019,28562.8501
Payments based on input use,"US dollar, Millions",2020,34505.4992
Payments based on input use,"US dollar, Millions",2021,29726.9299
Payments based on input use,"US dollar, Millions",2022,33276.8492
Payments based on input use,"US dollar, Millions",2023,37260.9256
Payments based on input use,"US dollar, Millions",2024,37271.7363
Payments based on input use,"National currency, Millions",2013,32969.5422
Payments based on input use,"National currency, Millions",2014,32105.7637
Payments based on input use,"National currency, Millions",2015,29073.8082
Payments based on input use,"National currency, Millions",2016,26476.9708
Payments based on input use,"National currency, Millions",2017,26822.6889
Payments based on input use,"National currency, Millions",2018,29538.0271
Payments based on input use,"National currency, Millions",2019,28562.8501
Payments based on input use,"National currency, Millions",2020,34505.4992
Payments based on input use,"National currency, Millions",2021,29726.9299
Payments based on input use,"National currency, Millions",2022,33276.8492
Payments based on input use,"National currency, Millions",2023,37260.9256
Payments based on input use,"National currency, Millions",2024,37271.7363
Based on variable input use,"Euro, Millions",2013,9727.6161
Based on variable input use,"Euro, Millions",2014,9610.2641
Based on variable input use,"Euro, Millions",2015,9975.1989
Based on variable input use,"Euro, Millions",2016,8720.0404
Based on variable input use,"Euro, Millions",2017,9204.1999
Based on variable input use,"Euro, Millions",2018,9211.7531
Based on variable input use,"Euro, Millions",2019,8866.933
Based on variable input use,"Euro, Millions",2020,13270.1459
Based on variable input use,"Euro, Millions",2021,9442.6395
Based on variable input use,"Euro, Millions",2022,12206.2785
Based on variable input use,"Euro, Millions",2023,12730.6824
Based on variable input use,"Euro, Millions",2024,12867.4865
Based on variable input use,"US dollar, Millions",2013,12919.4245
Based on variable input use,"US dollar, Millions",2014,12767.2467
Based on variable input use,"US dollar, Millions",2015,11067.617
Based on variable input use,"US dollar, Millions",2016,9652.2446
Based on variable input use,"US dollar, Millions",2017,10397.8056
Based on variable input use,"US dollar, Millions",2018,10878.6571
Based on variable input use,"US dollar, Millions",2019,9926.3083
Based on variable input use,"US dollar, Millions",2020,15157.1159
Based on variable input use,"US dollar, Millions",2021,11168.1922
Based on variable input use,"US dollar, Millions",2022,12853.8016
Based on variable input use,"US dollar, Millions",2023,13765.2809
Based on variable input use,"US dollar, Millions",2024,13927.5092
Based on variable input use,"National currency, Millions",2013,12919.4245
Based on variable input use,"National currency, Millions",2014,12767.2467
Based on variable input use,"National currency, Millions",2015,11067.617
Based on variable input use,"National currency, Millions",2016,9652.2446
Based on variable input use,"National currency, Millions",2017,10397.8056
Based on variable input use,"National currency, Millions",2018,10878.6571
Based on variable input use,"National currency, Millions",2019,9926.3083
Based on variable input use,"National currency, Millions",2020,15157.1159
Based on variable input use,"National currency, Millions",2021,11168.1922
Based on variable input use,"National currency, Millions",2022,12853.8016
Based on variable input use,"National currency, Millions",2023,13765.2809
Based on variable input use,"National currency, Millions",2024,13927.5092
With input constraints,"Euro, Millions",2013,2107.485
With input constraints,"Euro, Millions",2014,1565.1312
With input constraints,"Euro, Millions",2015,1448.8125
With input constraints,"Euro, Millions",2016,1071.3709
With input constraints,"Euro, Millions",2017,1230.3128
With input constraints,"Euro, Millions",2018,1104.7204
With input constraints,"Euro, Millions",2019,884.004
With input constraints,"Euro, Millions",2020,1013.5264
With input constraints,"Euro, Millions",2021,1111.3666
With input constraints,"Euro, Millions",2022,2423.6867
With input constraints,"Euro, Millions",2023,2353.8
With input constraints,"Euro, Millions",2024,2412.8057
With input constraints,"US dollar, Millions",2013,2798.9894
With input constraints,"US dollar, Millions",2014,2079.2786
With input constraints,"US dollar, Millions",2015,1607.4769
With input constraints,"US dollar, Millions",2016,1185.9044
With input constraints,"US dollar, Millions",2017,1389.8604
With input constraints,"US dollar, Millions",2018,1304.6241
With input constraints,"US dollar, Millions",2019,989.6202
With input constraints,"US dollar, Millions",2020,1157.6464
With input constraints,"US dollar, Millions",2021,1314.4583
With input constraints,"US dollar, Millions",2022,2552.2593
With input constraints,"US dollar, Millions",2023,2545.0889
With input constraints,"US dollar, Millions",2024,2611.5724
With input constraints,"National currency, Millions",2013,2798.9894
With input constraints,"National currency, Millions",2014,2079.2786
With input constraints,"National currency, Millions",2015,1607.4769
With input constraints,"National currency, Millions",2016,1185.9044
With input constraints,"National currency, Millions",2017,1389.8604
With input constraints,"National currency, Millions",2018,1304.6241
With input constraints,"National currency, Millions",2019,989.6202
With input constraints,"National currency, Millions",2020,1157.6464
With input constraints,"National currency, Millions",2021,1314.4583
With input constraints,"National currency, Millions",2022,2552.2593
With input constraints,"National currency, Millions",2023,2545.0889
With input constraints,"National currency, Millions",2024,2611.5724
Based on fixed capital formation,"Euro, Millions",2013,9549.6659
Based on fixed capital formation,"Euro, Millions",2014,8879.3665
Based on fixed capital formation,"Euro, Millions",2015,9788.4572
Based on fixed capital formation,"Euro, Millions",2016,8111.9597
Based on fixed capital formation,"Euro, Millions",2017,7992.0286
Based on fixed capital formation,"Euro, Millions",2018,9569.9684
Based on fixed capital formation,"Euro, Millions",2019,9499.9259
Based on fixed capital formation,"Euro, Millions",2020,9464.2226
Based on fixed capital formation,"Euro, Millions",2021,8032.9573
Based on fixed capital formation,"Euro, Millions",2022,9940.8298
Based on fixed capital formation,"Euro, Millions",2023,12542.9663
Based on fixed capital formation,"Euro, Millions",2024,12018.06
Based on fixed capital formation,"US dollar, Millions",2013,12683.0857
Based on fixed capital formation,"US dollar, Millions",2014,11796.2484
Based on fixed capital formation,"US dollar, Millions",2015,10860.4245
Based on fixed capital formation,"US dollar, Millions",2016,8979.1578
Based on fixed capital formation,"US dollar, Millions",2017,9028.4392
Based on fixed capital formation,"US dollar, Millions",2018,11301.6929
Based on fixed capital formation,"US dollar, Millions",2019,10634.928
Based on fixed capital formation,"US dollar, Millions",2020,10810.0031
Based on fixed capital formation,"US dollar, Millions",2021,9500.904
Based on fixed capital formation,"US dollar, Millions",2022,10468.1745
Based on fixed capital formation,"US dollar, Millions",2023,13562.3095
Based on fixed capital formation,"US dollar, Millions",2024,13008.107
Based on fixed capital formation,"National currency, Millions",2013,12683.0857
Based on fixed capital formation,"National currency, Millions",2014,11796.2484
Based on fixed capital formation,"National currency, Millions",2015,10860.4245
Based on fixed capital formation,"National currency, Millions",2016,8979.1578
Based on fixed capital formation,"National currency, Millions",2017,9028.4392
Based on fixed capital formation,"National currency, Millions",2018,11301.6929
Based on fixed capital formation,"National currency, Millions",2019,10634.928
Based on fixed capital formation,"National currency, Millions",2020,10810.0031
Based on fixed capital formation,"National currency, Millions",2021,9500.904
Based on fixed capital formation,"National currency, Millions",2022,10468.1745
Based on fixed capital formation,"National currency, Millions",2023,13562.3095
Based on fixed capital formation,"National currency, Millions",2024,13008.107
With input constraints,"Euro, Millions",2013,2075.5743
With input constraints,"Euro, Millions",2014,2113.8135
With input constraints,"Euro, Millions",2015,2434.5928
With input constraints,"Euro, Millions",2016,2399.7788
With input constraints,"Euro, Millions",2017,2214.8526
With input constraints,"Euro, Millions",2018,2416.9535
With input constraints,"Euro, Millions",2019,2036.4135
With input constraints,"Euro, Millions",2020,2031.7337
With input constraints,"Euro, Millions",2021,1865.8499
With input constraints,"Euro, Millions",2022,2098.159
With input constraints,"Euro, Millions",2023,3927.9092
With input constraints,"Euro, Millions",2024,3805.1441
With input constraints,"US dollar, Millions",2013,2756.6081
With input constraints,"US dollar, Millions",2014,2808.2036
With input constraints,"US dollar, Millions",2015,2701.2134
With input constraints,"US dollar, Millions",2016,2656.3239
With input constraints,"US dollar, Millions",2017,2502.0759
With input constraints,"US dollar, Millions",2018,2854.311
With input constraints,"US dollar, Millions",2019,2279.7136
With input constraints,"US dollar, Millions",2020,2320.6393
With input constraints,"US dollar, Millions",2021,2206.8163
With input constraints,"US dollar, Millions",2022,2209.4629
With input constraints,"US dollar, Millions",2023,4247.123
With input constraints,"US dollar, Millions",2024,4118.6117
With input constraints,"National currency, Millions",2013,2756.6081
With input constraints,"National currency, Millions",2014,2808.2036
With input constraints,"National currency, Millions",2015,2701.2134
With input constraints,"National currency, Millions",2016,2656.3239
With input constraints,"National currency, Millions",2017,2502.0759
With input constraints,"National currency, Millions",2018,2854.311
With input constraints,"National currency, Millions",2019,2279.7136
With input constraints,"National currency, Millions",2020,2320.6393
With input constraints,"National currency, Millions",2021,2206.8163
With input constraints,"National currency, Millions",2022,2209.4629
With input constraints,"National currency, Millions",2023,4247.123
With input constraints,"National currency, Millions",2024,4118.6117
Based on on-farm services,"Euro, Millions",2013,5546.9699
Based on on-farm services,"Euro, Millions",2014,5677.2768
Based on on-farm services,"Euro, Millions",2015,6440.4509
Based on on-farm services,"Euro, Millions",2016,7087.8513
Based on on-farm services,"Euro, Millions",2017,6547.3767
Based on on-farm services,"Euro, Millions",2018,6230.2823
Based on on-farm services,"Euro, Millions",2019,7147.6496
Based on on-farm services,"Euro, Millions",2020,7475.403
Based on on-farm services,"Euro, Millions",2021,7658.344
Based on on-farm services,"Euro, Millions",2022,9453.3865
Based on on-farm services,"Euro, Millions",2023,9186.7457
Based on on-farm services,"Euro, Millions",2024,9549.438
Based on on-farm services,"US dollar, Millions",2013,7367.032
Based on on-farm services,"US dollar, Millions",2014,7542.2687
Based on on-farm services,"US dollar, Millions",2015,7145.7666
Based on on-farm services,"US dollar, Millions",2016,7845.5685
Based on on-farm services,"US dollar, Millions",2017,7396.4441
Based on on-farm services,"US dollar, Millions",2018,7357.6771
Based on on-farm services,"US dollar, Millions",2019,8001.6138
Based on on-farm services,"US dollar, Millions",2020,8538.3801
Based on on-farm services,"US dollar, Millions",2021,9057.8337
Based on on-farm services,"US dollar, Millions",2022,9954.8732
Based on on-farm services,"US dollar, Millions",2023,9933.3351
Based on on-farm services,"US dollar, Millions",2024,10336.1201
Based on on-farm services,"National currency, Millions",2013,7367.032
Based on on-farm services,"National currency, Millions",2014,7542.2687
Based on on-farm services,"National currency, Millions",2015,7145.7666
Based on on-farm services,"National currency, Millions",2016,7845.5685
Based on on-farm services,"National currency, Millions",2017,7396.4441
Based on on-farm services,"National currency, Millions",2018,7357.6771
Based on on-farm services,"National currency, Millions",2019,8001.6138
Based on on-farm services,"National currency, Millions",2020,8538.3801
Based on on-farm services,"National currency, Millions",2021,9057.8337
Based on on-farm services,"National currency, Millions",2022,9954.8732
Based on on-farm services,"National currency, Millions",2023,9933.3351
Based on on-farm services,"National currency, Millions",2024,10336.1201
With input constraints,"Euro, Millions",2013,961.9584
With input constraints,"Euro, Millions",2014,1067.4734
With input constraints,"Euro, Millions",2015,1123.8945
With input constraints,"Euro, Millions",2016,1367.217
With input constraints,"Euro, Millions",2017,1358.2093
With input constraints,"Euro, Millions",2018,1341.6793
With input constraints,"Euro, Millions",2019,1381.3255
With input constraints,"Euro, Millions",2020,1544.8436
With input constraints,"Euro, Millions",2021,1612.1231
With input constraints,"Euro, Millions",2022,1938.1389
With input constraints,"Euro, Millions",2023,2019.8842
With input constraints,"Euro, Millions",2024,2013.1295
With input constraints,"US dollar, Millions",2013,1277.5945
With input constraints,"US dollar, Millions",2014,1418.1396
With input constraints,"US dollar, Millions",2015,1246.976
With input constraints,"US dollar, Millions",2016,1513.3775
With input constraints,"US dollar, Millions",2017,1534.3427
With input constraints,"US dollar, Millions",2018,1584.4616
With input constraints,"US dollar, Millions",2019,1546.3591
With input constraints,"US dollar, Millions",2020,1764.5151
With input constraints,"US dollar, Millions",2021,1906.7233
With input constraints,"US dollar, Millions",2022,2040.954
With input constraints,"US dollar, Millions",2023,2184.0364
With input constraints,"US dollar, Millions",2024,2178.9709
With input constraints,"National currency, Millions",2013,1277.5945
With input constraints,"National currency, Millions",2014,1418.1396
With input constraints,"National currency, Millions",2015,1246.976
With input constraints,"National currency, Millions",2016,1513.3775
With input constraints,"National currency, Millions",2017,1534.3427
With input constraints,"National currency, Millions",2018,1584.4616
With input constraints,"National currency, Millions",2019,1546.3591
With input constraints,"National currency, Millions",2020,1764.5151
With input constraints,"National currency, Millions",2021,1906.7233
With input constraints,"National currency, Millions",2022,2040.954
With input constraints,"National currency, Millions",2023,2184.0364
With input constraints,"National currency, Millions",2024,2178.9709
"Payments based on current area planted / animal numbers / receipts / income, production required","Euro, Millions",2013,27557.9153
"Payments based on current area planted / animal numbers / receipts / income, production required","Euro, Millions",2014,23779.8541
"Payments based on current area planted / animal numbers / receipts / income, production required","Euro, Millions",2015,29004.5463
"Payments based on current area planted / animal numbers / receipts / income, production required","Euro, Millions",2016,30406.8616
"Payments based on current area planted / animal numbers / receipts / income, production required","Euro, Millions",2017,31456.8944
"Payments based on current area planted / animal numbers / receipts / income, production required","Euro, Millions",2018,31420.7429
"Payments based on current area planted / animal numbers / receipts / income, production required","Euro, Millions",2019,45375.3703
"Payments based on current area planted / animal numbers / receipts / income, production required","Euro, Millions",2020,39737.566
"Payments based on current area planted / animal numbers / receipts / income, production required","Euro, Millions",2021,50820.0439
"Payments based on current area planted / animal numbers / receipts / income, production required","Euro, Millions",2022,49433.3293
"Payments based on current area planted / animal numbers / receipts / income, production required","Euro, Millions",2023,49956.3336
"Payments based on current area planted / animal numbers / receipts / income, production required","Euro, Millions",2024,48518.884
"Payments based on current area planted / animal numbers / receipts / income, production required","US dollar, Millions",2013,36600.1704
"Payments based on current area planted / animal numbers / receipts / income, production required","US dollar, Millions",2014,31591.5631
"Payments based on current area planted / animal numbers / receipts / income, production required","US dollar, Millions",2015,32180.9331
"Payments based on current area planted / animal numbers / receipts / income, production required","US dollar, Millions",2016,33657.466
"Payments based on current area planted / animal numbers / receipts / income, production required","US dollar, Millions",2017,35536.2417
"Payments based on current area planted / animal numbers / receipts / income, production required","US dollar, Millions",2018,37106.4534
"Payments based on current area planted / animal numbers / receipts / income, production required","US dollar, Millions",2019,50796.585
"Payments based on current area planted / animal numbers / receipts / income, production required","US dollar, Millions",2020,45388.1139
"Payments based on current area planted / animal numbers / receipts / income, production required","US dollar, Millions",2021,60106.9243
"Payments based on current area planted / animal numbers / receipts / income, production required","US dollar, Millions",2022,52055.6866
"Payments based on current area planted / animal numbers / receipts / income, production required","US dollar, Millions",2023,54016.1905
"Payments based on current area planted / animal numbers / receipts / income, production required","US dollar, Millions",2024,52515.8666
"Payments based on current area planted / animal numbers / receipts / income, production required","National currency, Millions",2013,36600.1704
"Payments based on current area planted / animal numbers / receipts / income, production required","National currency, Millions",2014,31591.5631
"Payments based on current area planted / animal numbers / receipts / income, production required","National currency, Millions",2015,32180.9331
"Payments based on current area planted / animal numbers / receipts / income, production required","National currency, Millions",2016,33657.466
"Payments based on current area planted / animal numbers / receipts / income, production required","National currency, Millions",2017,35536.2417
"Payments based on current area planted / animal numbers / receipts / income, production required","National currency, Millions",2018,37106.4534
"Payments based on current area planted / animal numbers / receipts / income, production required","National currency, Millions",2019,50796.585
"Payments based on current area planted / animal numbers / receipts / income, production required","National currency, Millions",2020,45388.1139
"Payments based on current area planted / animal numbers / receipts / income, production required","National currency, Millions",2021,60106.9243
"Payments based on current area planted / animal numbers / receipts / income, production required","National currency, Millions",2022,52055.6866
"Payments based on current area planted / animal numbers / receipts / income, production required","National currency, Millions",2023,54016.1905
"Payments based on current area planted / animal numbers / receipts / income, production required","National currency, Millions",2024,52515.8666
Based on area planted or animal numbers,"Euro, Millions",2013,24715.5065
Based on area planted or animal numbers,"Euro, Millions",2014,21213.6145
Based on area planted or animal numbers,"Euro, Millions",2015,25942.6894
Based on area planted or animal numbers,"Euro, Millions",2016,26900.2079
Based on area planted or animal numbers,"Euro, Millions",2017,28425.1623
Based on area planted or animal numbers,"Euro, Millions",2018,27699.0302
Based on area planted or animal numbers,"Euro, Millions",2019,41473.9213
Based on area planted or animal numbers,"Euro, Millions",2020,35173.4836
Based on area planted or animal numbers,"Euro, Millions",2021,45120.5073
Based on area planted or animal numbers,"Euro, Millions",2022,43577.0817
Based on area planted or animal numbers,"Euro, Millions",2023,43175.9088
Based on area planted or animal numbers,"Euro, Millions",2024,40002.8628
Based on area planted or animal numbers,"US dollar, Millions",2013,32825.1154
Based on area planted or animal numbers,"US dollar, Millions",2014,28182.3108
Based on area planted or animal numbers,"US dollar, Millions",2015,28783.7618
Based on area planted or animal numbers,"US dollar, Millions",2016,29775.9383
Based on area planted or animal numbers,"US dollar, Millions",2017,32111.3529
Based on area planted or animal numbers,"US dollar, Millions",2018,32711.2818
Based on area planted or animal numbers,"US dollar, Millions",2019,46429.0111
Based on area planted or animal numbers,"US dollar, Millions",2020,40175.0343
Based on area planted or animal numbers,"US dollar, Millions",2021,53365.8515
Based on area planted or animal numbers,"US dollar, Millions",2022,45888.7747
Based on area planted or animal numbers,"US dollar, Millions",2023,46684.7333
Based on area planted or animal numbers,"US dollar, Millions",2024,43298.2961
Based on area planted or animal numbers,"National currency, Millions",2013,32825.1154
Based on area planted or animal numbers,"National currency, Millions",2014,28182.3108
Based on area planted or animal numbers,"National currency, Millions",2015,28783.7618
Based on area planted or animal numbers,"National currency, Millions",2016,29775.9383
Based on area planted or animal numbers,"National currency, Millions",2017,32111.3529
Based on area planted or animal numbers,"National currency, Millions",2018,32711.2818
Based on area planted or animal numbers,"National currency, Millions",2019,46429.0111
Based on area planted or animal numbers,"National currency, Millions",2020,40175.0343
Based on area planted or animal numbers,"National currency, Millions",2021,53365.8515
Based on area planted or animal numbers,"National currency, Millions",2022,45888.7747
Based on area planted or animal numbers,"National currency, Millions",2023,46684.7333
Based on area planted or animal numbers,"National currency, Millions",2024,43298.2961
With input constraints,"Euro, Millions",2013,13740.749
With input constraints,"Euro, Millions",2014,17211.1431
With input constraints,"Euro, Millions",2015,22221.5768
With input constraints,"Euro, Millions",2016,22287.9573
With input constraints,"Euro, Millions",2017,23901.5288
With input constraints,"Euro, Millions",2018,24093.1418
With input constraints,"Euro, Millions",2019,37603.9492
With input constraints,"Euro, Millions",2020,31150.292
With input constraints,"Euro, Millions",2021,39416.8093
With input constraints,"Euro, Millions",2022,37104.3454
With input constraints,"Euro, Millions",2023,35106.4604
With input constraints,"Euro, Millions",2024,33714.6486
With input constraints,"US dollar, Millions",2013,18249.3396
With input constraints,"US dollar, Millions",2014,22865.023
With input constraints,"US dollar, Millions",2015,24655.1375
With input constraints,"US dollar, Millions",2016,24670.6212
With input constraints,"US dollar, Millions",2017,27001.0922
With input constraints,"US dollar, Millions",2018,28452.8933
With input constraints,"US dollar, Millions",2019,42096.6748
With input constraints,"US dollar, Millions",2020,35579.7585
With input constraints,"US dollar, Millions",2021,46619.8569
With input constraints,"US dollar, Millions",2022,39072.6703
With input constraints,"US dollar, Millions",2023,37959.4961
With input constraints,"US dollar, Millions",2024,36492.0592
With input constraints,"National currency, Millions",2013,18249.3396
With input constraints,"National currency, Millions",2014,22865.023
With input constraints,"National currency, Millions",2015,24655.1375
With input constraints,"National currency, Millions",2016,24670.6212
With input constraints,"National currency, Millions",2017,27001.0922
With input constraints,"National currency, Millions",2018,28452.8933
With input constraints,"National currency, Millions",2019,42096.6748
With input constraints,"National currency, Millions",2020,35579.7585
With input constraints,"National currency, Millions",2021,46619.8569
With input constraints,"National currency, Millions",2022,39072.6703
With input constraints,"National currency, Millions",2023,37959.4961
With input constraints,"National currency, Millions",2024,36492.0592
Based on farm receipts or farm income,"Euro, Millions",2013,2842.4088
Based on farm receipts or farm income,"Euro, Millions",2014,2566.2397
Based on farm receipts or farm income,"Euro, Millions",2015,3061.8569
Based on farm receipts or farm income,"Euro, Millions",2016,3506.6537
Based on farm receipts or farm income,"Euro, Millions",2017,3031.7321
Based on farm receipts or farm income,"Euro, Millions",2018,3721.7126
Based on farm receipts or farm income,"Euro, Millions",2019,3901.4489
Based on farm receipts or farm income,"Euro, Millions",2020,4564.0825
Based on farm receipts or farm income,"Euro, Millions",2021,5699.5366
Based on farm receipts or farm income,"Euro, Millions",2022,5856.2476
Based on farm receipts or farm income,"Euro, Millions",2023,6780.4248
Based on farm receipts or farm income,"Euro, Millions",2024,8516.0212
Based on farm receipts or farm income,"US dollar, Millions",2013,3775.055
Based on farm receipts or farm income,"US dollar, Millions",2014,3409.2523
Based on farm receipts or farm income,"US dollar, Millions",2015,3397.1713
Based on farm receipts or farm income,"US dollar, Millions",2016,3881.5278
Based on farm receipts or farm income,"US dollar, Millions",2017,3424.8888
Based on farm receipts or farm income,"US dollar, Millions",2018,4395.1716
Based on farm receipts or farm income,"US dollar, Millions",2019,4367.5739
Based on farm receipts or farm income,"US dollar, Millions",2020,5213.0796
Based on farm receipts or farm income,"US dollar, Millions",2021,6741.0728
Based on farm receipts or farm income,"US dollar, Millions",2022,6166.9119
Based on farm receipts or farm income,"US dollar, Millions",2023,7331.4571
Based on farm receipts or farm income,"US dollar, Millions",2024,9217.5705
Based on farm receipts or farm income,"National currency, Millions",2013,3775.055
Based on farm receipts or farm income,"National currency, Millions",2014,3409.2523
Based on farm receipts or farm income,"National currency, Millions",2015,3397.1713
Based on farm receipts or farm income,"National currency, Millions",2016,3881.5278
Based on farm receipts or farm income,"National currency, Millions",2017,3424.8888
Based on farm receipts or farm income,"National currency, Millions",2018,4395.1716
Based on farm receipts or farm income,"National currency, Millions",2019,4367.5739
Based on farm receipts or farm income,"National currency, Millions",2020,5213.0796
Based on farm receipts or farm income,"National currency, Millions",2021,6741.0728
Based on farm receipts or farm income,"National currency, Millions",2022,6166.9119
Based on farm receipts or farm income,"National currency, Millions",2023,7331.4571
Based on farm receipts or farm income,"National currency, Millions",2024,9217.5705
"Payments based on non-current area planted / animal numbers / receipts / income, production required","Euro, Millions",2013,1508.321
"Payments based on non-current area planted / animal numbers / receipts / income, production required","Euro, Millions",2014,2297.0828
"Payments based on non-current area planted / animal numbers / receipts / income, production required","Euro, Millions",2015,2254.1313
"Payments based on non-current area planted / animal numbers / receipts / income, production required","Euro, Millions",2016,2330.7035
"Payments based on non-current area planted / animal numbers / receipts / income, production required","Euro, Millions",2017,1781.5176
"Payments based on non-current area planted / animal numbers / receipts / income, production required","Euro, Millions",2018,1887.8686
"Payments based on non-current area planted / animal numbers / receipts / income, production required","Euro, Millions",2019,2118.3176
"Payments based on non-current area planted / animal numbers / receipts / income, production required","Euro, Millions",2020,1734.1822
"Payments based on non-current area planted / animal numbers / receipts / income, production required","Euro, Millions",2021,4082.0089
"Payments based on non-current area planted / animal numbers / receipts / income, production required","Euro, Millions",2022,2301.4014
"Payments based on non-current area planted / animal numbers / receipts / income, production required","Euro, Millions",2023,2028.884
"Payments based on non-current area planted / animal numbers / receipts / income, production required","Euro, Millions",2024,2111.0199
"Payments based on non-current area planted / animal numbers / receipts / income, production required","US dollar, Millions",2013,2003.2287
"Payments based on non-current area planted / animal numbers / receipts / income, production required","US dollar, Millions",2014,3051.6771
"Payments based on non-current area planted / animal numbers / receipts / income, production required","US dollar, Millions",2015,2500.9889
"Payments based on non-current area planted / animal numbers / receipts / income, production required","US dollar, Millions",2016,2579.8642
"Payments based on non-current area planted / animal numbers / receipts / income, production required","US dollar, Millions",2017,2012.5458
"Payments based on non-current area planted / animal numbers / receipts / income, production required","US dollar, Millions",2018,2229.4861
"Payments based on non-current area planted / animal numbers / receipts / income, production required","US dollar, Millions",2019,2371.4032
"Payments based on non-current area planted / animal numbers / receipts / income, production required","US dollar, Millions",2020,1980.777
"Payments based on non-current area planted / animal numbers / receipts / income, production required","US dollar, Millions",2021,4827.9573
"Payments based on non-current area planted / animal numbers / receipts / income, production required","US dollar, Millions",2022,2423.487
"Payments based on non-current area planted / animal numbers / receipts / income, production required","US dollar, Millions",2023,2193.7676
"Payments based on non-current area planted / animal numbers / receipts / income, production required","US dollar, Millions",2024,2284.9256
"Payments based on non-current area planted / animal numbers / receipts / income, production required","National currency, Millions",2013,2003.2287
"Payments based on non-current area planted / animal numbers / receipts / income, production required","National currency, Millions",2014,3051.6771
"Payments based on non-current area planted / animal numbers / receipts / income, production required","National currency, Millions",2015,2500.9889
"Payments based on non-current area planted / animal numbers / receipts / income, production required","National currency, Millions",2016,2579.8642
"Payments based on non-current area planted / animal numbers / receipts / income, production required","National currency, Millions",2017,2012.5458
"Payments based on non-current area planted / animal numbers / receipts / income, production required","National currency, Millions",2018,2229.4861
"Payments based on non-current area planted / animal numbers / receipts / income, production required","National currency, Millions",2019,2371.4032
"Payments based on non-current area planted / animal numbers / receipts / income, production required","National currency, Millions",2020,1980.777
"Payments based on non-current area planted / animal numbers / receipts / income, production required","National currency, Millions",2021,4827.9573
"Payments based on non-current area planted / animal numbers / receipts / income, production required","National currency, Millions",2022,2423.487
"Payments based on non-current area planted / animal numbers / receipts / income, production required","National currency, Millions",2023,2193.7676
"Payments based on non-current area planted / animal numbers / receipts / income, production required","National currency, Millions",2024,2284.9256
"Payments based on non-current area planted / animal numbers / receipts / income, production not required","Euro, Millions",2013,44796.8306
"Payments based on non-current area planted / animal numbers / receipts / income, production not required","Euro, Millions",2014,47224.7618
"Payments based on non-current area planted / animal numbers / receipts / income, production not required","Euro, Millions",2015,45396.5387
"Payments based on non-current area planted / animal numbers / receipts / income, production not required","Euro, Millions",2016,45284.3686
"Payments based on non-current area planted / animal numbers / receipts / income, production not required","Euro, Millions",2017,41311.5189
"Payments based on non-current area planted / animal numbers / receipts / income, production not required","Euro, Millions",2018,44098.4433
"Payments based on non-current area planted / animal numbers / receipts / income, production not required","Euro, Millions",2019,41153.4842
"Payments based on non-current area planted / animal numbers / receipts / income, production not required","Euro, Millions",2020,41233.469
"Payments based on non-current area planted / animal numbers / receipts / income, production not required","Euro, Millions",2021,44338.7835
"Payments based on non-current area planted / animal numbers / receipts / income, production not required","Euro, Millions",2022,41374.4692
"Payments based on non-current area planted / animal numbers / receipts / income, production not required","Euro, Millions",2023,32671.0856
"Payments based on non-current area planted / animal numbers / receipts / income, production not required","Euro, Millions",2024,31874.3723
"Payments based on non-current area planted / animal numbers / receipts / income, production not required","US dollar, Millions",2013,59495.4885
"Payments based on non-current area planted / animal numbers / receipts / income, production not required","US dollar, Millions",2014,62738.1495
"Payments based on non-current area planted / animal numbers / receipts / income, production not required","US dollar, Millions",2015,50368.0685
"Payments based on non-current area planted / animal numbers / receipts / income, production not required","US dollar, Millions",2016,50125.4328
"Payments based on non-current area planted / animal numbers / receipts / income, production not required","US dollar, Millions",2017,46668.8194
"Payments based on non-current area planted / animal numbers / receipts / income, production not required","US dollar, Millions",2018,52078.235
"Payments based on non-current area planted / animal numbers / receipts / income, production not required","US dollar, Millions",2019,46070.2898
"Payments based on non-current area planted / animal numbers / receipts / income, production not required","US dollar, Millions",2020,47096.7292
"Payments based on non-current area planted / animal numbers / receipts / income, production not required","US dollar, Millions",2021,52441.2752
"Payments based on non-current area planted / animal numbers / receipts / income, production not required","US dollar, Millions",2022,43569.3172
"Payments based on non-current area planted / animal numbers / receipts / income, production not required","US dollar, Millions",2023,35326.203
"Payments based on non-current area planted / animal numbers / receipts / income, production not required","US dollar, Millions",2024,34500.1811
"Payments based on non-current area planted / animal numbers / receipts / income, production not required","National currency, Millions",2013,59495.4885
"Payments based on non-current area planted / animal numbers / receipts / income, production not required","National currency, Millions",2014,62738.1495
"Payments based on non-current area planted / animal numbers / receipts / income, production not required","National currency, Millions",2015,50368.0685
"Payments based on non-current area planted / animal numbers / receipts / income, production not required","National currency, Millions",2016,50125.4328
"Payments based on non-current area planted / animal numbers / receipts / income, production not required","National currency, Millions",2017,46668.8194
"Payments based on non-current area planted / animal numbers / receipts / income, production not required","National currency, Millions",2018,52078.235
"Payments based on non-current area planted / animal numbers / receipts / income, production not required","National currency, Millions",2019,46070.2898
"Payments based on non-current area planted / animal numbers / receipts / income, production not required","National currency, Millions",2020,47096.7292
"Payments based on non-current area planted / animal numbers / receipts / income, production not required","National currency, Millions",2021,52441.2752
"Payments based on non-current area planted / animal numbers / receipts / income, production not required","National currency, Millions",2022,43569.3172
"Payments based on non-current area planted / animal numbers / receipts / income, production not required","National currency, Millions",2023,35326.203
"Payments based on non-current area planted / animal numbers / receipts / income, production not required","National currency, Millions",2024,34500.1811
With variable payment rates,"Euro, Millions",2013,225.1053
With variable payment rates,"Euro, Millions",2014,4248.2585
With variable payment rates,"Euro, Millions",2015,7426.5862
With variable payment rates,"Euro, Millions",2016,6715.9499
With variable payment rates,"Euro, Millions",2017,3221.5769
With variable payment rates,"Euro, Millions",2018,6389.0937
With variable payment rates,"Euro, Millions",2019,3048.9198
With variable payment rates,"Euro, Millions",2020,2504.9653
With variable payment rates,"Euro, Millions",2021,5647.1558
With variable payment rates,"Euro, Millions",2022,2562.7309
With variable payment rates,"Euro, Millions",2023,565.2658
With variable payment rates,"Euro, Millions",2024,427.6617
With variable payment rates,"US dollar, Millions",2013,298.9664
With variable payment rates,"US dollar, Millions",2014,5643.8163
With variable payment rates,"US dollar, Millions",2015,8239.8969
With variable payment rates,"US dollar, Millions",2016,7433.9094
With variable payment rates,"US dollar, Millions",2017,3639.3527
With variable payment rates,"US dollar, Millions",2018,7545.2261
With variable payment rates,"US dollar, Millions",2019,3413.1889
With variable payment rates,"US dollar, Millions",2020,2861.163
With variable payment rates,"US dollar, Millions",2021,6679.1199
With variable payment rates,"US dollar, Millions",2022,2698.6795
With variable payment rates,"US dollar, Millions",2023,611.2039
With variable payment rates,"US dollar, Millions",2024,462.8925
With variable payment rates,"National currency, Millions",2013,298.9664
With variable payment rates,"National currency, Millions",2014,5643.8163
With variable payment rates,"National currency, Millions",2015,8239.8969
With variable payment rates,"National currency, Millions",2016,7433.9094
With variable payment rates,"National currency, Millions",2017,3639.3527
With variable payment rates,"National currency, Millions",2018,7545.2261
With variable payment rates,"National currency, Millions",2019,3413.1889
With variable payment rates,"National currency, Millions",2020,2861.163
With variable payment rates,"National currency, Millions",2021,6679.1199
With variable payment rates,"National currency, Millions",2022,2698.6795
With variable payment rates,"National currency, Millions",2023,611.2039
With variable payment rates,"National currency, Millions",2024,462.8925
With commodity exceptions,"Euro, Millions",2013,105.3992
With commodity exceptions,"Euro, Millions",2014,4139.9398
With commodity exceptions,"Euro, Millions",2015,7290.951
With commodity exceptions,"Euro, Millions",2016,6578.8391
With commodity exceptions,"Euro, Millions",2017,3085.5083
With commodity exceptions,"Euro, Millions",2018,6256.6364
With commodity exceptions,"Euro, Millions",2019,2926.7978
With commodity exceptions,"Euro, Millions",2020,2363.0896
With commodity exceptions,"Euro, Millions",2021,5382.3082
With commodity exceptions,"Euro, Millions",2022,2310.1305
With commodity exceptions,"Euro, Millions",2023,490.9637
With commodity exceptions,"Euro, Millions",2024,353.2841
With commodity exceptions,"US dollar, Millions",2013,139.9826
With commodity exceptions,"US dollar, Millions",2014,5499.9147
With commodity exceptions,"US dollar, Millions",2015,8089.4079
With commodity exceptions,"US dollar, Millions",2016,7282.141
With commodity exceptions,"US dollar, Millions",2017,3485.6387
With commodity exceptions,"US dollar, Millions",2018,7388.8
With commodity exceptions,"US dollar, Millions",2019,3276.4765
With commodity exceptions,"US dollar, Millions",2020,2699.113
With commodity exceptions,"US dollar, Millions",2021,6365.8739
With commodity exceptions,"US dollar, Millions",2022,2432.6792
With commodity exceptions,"US dollar, Millions",2023,530.8634
With commodity exceptions,"US dollar, Millions",2024,382.3876
With commodity exceptions,"National currency, Millions",2013,139.9826
With commodity exceptions,"National currency, Millions",2014,5499.9147
With commodity exceptions,"National currency, Millions",2015,8089.4079
With commodity exceptions,"National currency, Millions",2016,7282.141
With commodity exceptions,"National currency, Millions",2017,3485.6387
With commodity exceptions,"National currency, Millions",2018,7388.8
With commodity exceptions,"National currency, Millions",2019,3276.4765
With commodity exceptions,"National currency, Millions",2020,2699.113
With commodity exceptions,"National currency, Millions",2021,6365.8739
With commodity exceptions,"National currency, Millions",2022,2432.6792
With commodity exceptions,"National currency, Millions",2023,530.8634
With commodity exceptions,"National currency, Millions",2024,382.3876
With fixed payment rates,"Euro, Millions",2013,44571.7253
With fixed payment rates,"Euro, Millions",2014,42976.5032
With fixed payment rates,"Euro, Millions",2015,37969.9525
With fixed payment rates,"Euro, Millions",2016,38568.4187
With fixed payment rates,"Euro, Millions",2017,38089.9421
With fixed payment rates,"Euro, Millions",2018,37709.3496
With fixed payment rates,"Euro, Millions",2019,38104.5644
With fixed payment rates,"Euro, Millions",2020,38728.5037
With fixed payment rates,"Euro, Millions",2021,38691.6277
With fixed payment rates,"Euro, Millions",2022,38811.7384
With fixed payment rates,"Euro, Millions",2023,32105.8197
With fixed payment rates,"Euro, Millions",2024,31446.7106
With fixed payment rates,"US dollar, Millions",2013,59196.5221
With fixed payment rates,"US dollar, Millions",2014,57094.3332
With fixed payment rates,"US dollar, Millions",2015,42128.1716
With fixed payment rates,"US dollar, Millions",2016,42691.5233
With fixed payment rates,"US dollar, Millions",2017,43029.4667
With fixed payment rates,"US dollar, Millions",2018,44533.0089
With fixed payment rates,"US dollar, Millions",2019,42657.1008
With fixed payment rates,"US dollar, Millions",2020,44235.5662
With fixed payment rates,"US dollar, Millions",2021,45762.1552
With fixed payment rates,"US dollar, Millions",2022,40870.6376
With fixed payment rates,"US dollar, Millions",2023,34714.9991
With fixed payment rates,"US dollar, Millions",2024,34037.2886
With fixed payment rates,"National currency, Millions",2013,59196.5221
With fixed payment rates,"National currency, Millions",2014,57094.3332
With fixed payment rates,"National currency, Millions",2015,42128.1716
With fixed payment rates,"National currency, Millions",2016,42691.5233
With fixed payment rates,"National currency, Millions",2017,43029.4667
With fixed payment rates,"National currency, Millions",2018,44533.0089
With fixed payment rates,"National currency, Millions",2019,42657.1008
With fixed payment rates,"National currency, Millions",2020,44235.5662
With fixed payment rates,"National currency, Millions",2021,45762.1552
With fixed payment rates,"National currency, Millions",2022,40870.6376
With fixed payment rates,"National currency, Millions",2023,34714.9991
With fixed payment rates,"National currency, Millions",2024,34037.2886
With commodity exceptions,"Euro, Millions",2013,19310.3755
With commodity exceptions,"Euro, Millions",2014,18643.4677
With commodity exceptions,"Euro, Millions",2015,2112.8984
With commodity exceptions,"Euro, Millions",2016,2413.8528
With commodity exceptions,"Euro, Millions",2017,2278.8229
With commodity exceptions,"Euro, Millions",2018,2125.6903
With commodity exceptions,"Euro, Millions",2019,2246.9226
With commodity exceptions,"Euro, Millions",2020,2269.6419
With commodity exceptions,"Euro, Millions",2021,2438.1623
With commodity exceptions,"Euro, Millions",2022,2313.0713
With commodity exceptions,"Euro, Millions",2023,2341.5053
With commodity exceptions,"Euro, Millions",2024,2046.9641
With commodity exceptions,"US dollar, Millions",2013,25646.4622
With commodity exceptions,"US dollar, Millions",2014,24767.868
With commodity exceptions,"US dollar, Millions",2015,2344.2891
With commodity exceptions,"US dollar, Millions",2016,2671.9024
With commodity exceptions,"US dollar, Millions",2017,2574.3419
With commodity exceptions,"US dollar, Millions",2018,2510.3425
With commodity exceptions,"US dollar, Millions",2019,2515.3733
With commodity exceptions,"US dollar, Millions",2020,2592.3773
With commodity exceptions,"US dollar, Millions",2021,2883.7133
With commodity exceptions,"US dollar, Millions",2022,2435.7759
With commodity exceptions,"US dollar, Millions",2023,2531.795
With commodity exceptions,"US dollar, Millions",2024,2215.5928
With commodity exceptions,"National currency, Millions",2013,25646.4622
With commodity exceptions,"National currency, Millions",2014,24767.868
With commodity exceptions,"National currency, Millions",2015,2344.2891
With commodity exceptions,"National currency, Millions",2016,2671.9024
With commodity exceptions,"National currency, Millions",2017,2574.3419
With commodity exceptions,"National currency, Millions",2018,2510.3425
With commodity exceptions,"National currency, Millions",2019,2515.3733
With commodity exceptions,"National currency, Millions",2020,2592.3773
With commodity exceptions,"National currency, Millions",2021,2883.7133
With commodity exceptions,"National currency, Millions",2022,2435.7759
With commodity exceptions,"National currency, Millions",2023,2531.795
With commodity exceptions,"National currency, Millions",2024,2215.5928
Payments based on non-commodity criteria,"Euro, Millions",2013,4461.4867
Payments based on non-commodity criteria,"Euro, Millions",2014,3045.4119
Payments based on non-commodity criteria,"Euro, Millions",2015,3117.9293
Payments based on non-commodity criteria,"Euro, Millions",2016,3139.3089
Payments based on non-commodity criteria,"Euro, Millions",2017,3000.5597
Payments based on non-commodity criteria,"Euro, Millions",2018,2543.9182
Payments based on non-commodity criteria,"Euro, Millions",2019,3856.4575
Payments based on non-commodity criteria,"Euro, Millions",2020,4314.8367
Payments based on non-commodity criteria,"Euro, Millions",2021,4720.5074
Payments based on non-commodity criteria,"Euro, Millions",2022,5041.0954
Payments based on non-commodity criteria,"Euro, Millions",2023,6069.3595
Payments based on non-commodity criteria,"Euro, Millions",2024,8904.0568
Payments based on non-commodity criteria,"US dollar, Millions",2013,5925.382
Payments based on non-commodity criteria,"US dollar, Millions",2014,4045.8332
Payments based on non-commodity criteria,"US dollar, Millions",2015,3459.3844
Payments based on non-commodity criteria,"US dollar, Millions",2016,3474.9124
Payments based on non-commodity criteria,"US dollar, Millions",2017,3389.674
Payments based on non-commodity criteria,"US dollar, Millions",2018,3004.2504
Payments based on non-commodity criteria,"US dollar, Millions",2019,4317.2071
Payments based on non-commodity criteria,"US dollar, Millions",2020,4928.392
Payments based on non-commodity criteria,"US dollar, Millions",2021,5583.1354
Payments based on non-commodity criteria,"US dollar, Millions",2022,5308.5173
Payments based on non-commodity criteria,"US dollar, Millions",2023,6562.6049
Payments based on non-commodity criteria,"US dollar, Millions",2024,9637.5724
Payments based on non-commodity criteria,"National currency, Millions",2013,5925.382
Payments based on non-commodity criteria,"National currency, Millions",2014,4045.8332
Payments based on non-commodity criteria,"National currency, Millions",2015,3459.3844
Payments based on non-commodity criteria,"National currency, Millions",2016,3474.9124
Payments based on non-commodity criteria,"National currency, Millions",2017,3389.674
Payments based on non-commodity criteria,"National currency, Millions",2018,3004.2504
Payments based on non-commodity criteria,"National currency, Millions",2019,4317.2071
Payments based on non-commodity criteria,"National currency, Millions",2020,4928.392
Payments based on non-commodity criteria,"National currency, Millions",2021,5583.1354
Payments based on non-commodity criteria,"National currency, Millions",2022,5308.5173
Payments based on non-commodity criteria,"National currency, Millions",2023,6562.6049
Payments based on non-commodity criteria,"National currency, Millions",2024,9637.5724
Based on long-term resource retirement,"Euro, Millions",2013,2344.0165
Based on long-term resource retirement,"Euro, Millions",2014,1948.2135
Based on long-term resource retirement,"Euro, Millions",2015,1977.2635
Based on long-term resource retirement,"Euro, Millions",2016,2050.7026
Based on long-term resource retirement,"Euro, Millions",2017,1898.8816
Based on long-term resource retirement,"Euro, Millions",2018,1313.1366
Based on long-term resource retirement,"Euro, Millions",2019,2565.8114
Based on long-term resource retirement,"Euro, Millions",2020,2960.0228
Based on long-term resource retirement,"Euro, Millions",2021,3316.3051
Based on long-term resource retirement,"Euro, Millions",2022,3523.7739
Based on long-term resource retirement,"Euro, Millions",2023,3906.4385
Based on long-term resource retirement,"Euro, Millions",2024,4397.1317
Based on long-term resource retirement,"US dollar, Millions",2013,3113.1311
Based on long-term resource retirement,"US dollar, Millions",2014,2588.2039
Based on long-term resource retirement,"US dollar, Millions",2015,2193.8004
Based on long-term resource retirement,"US dollar, Millions",2016,2269.9302
Based on long-term resource retirement,"US dollar, Millions",2017,2145.1296
Based on long-term resource retirement,"US dollar, Millions",2018,1550.754
Based on long-term resource retirement,"US dollar, Millions",2019,2872.3612
Based on long-term resource retirement,"US dollar, Millions",2020,3380.9281
Based on long-term resource retirement,"US dollar, Millions",2021,3922.3284
Based on long-term resource retirement,"US dollar, Millions",2022,3710.7044
Based on long-term resource retirement,"US dollar, Millions",2023,4223.9073
Based on long-term resource retirement,"US dollar, Millions",2024,4759.3671
Based on long-term resource retirement,"National currency, Millions",2013,3113.1311
Based on long-term resource retirement,"National currency, Millions",2014,2588.2039
Based on long-term resource retirement,"National currency, Millions",2015,2193.8004
Based on long-term resource retirement,"National currency, Millions",2016,2269.9302
Based on long-term resource retirement,"National currency, Millions",2017,2145.1296
Based on long-term resource retirement,"National currency, Millions",2018,1550.754
Based on long-term resource retirement,"National currency, Millions",2019,2872.3612
Based on long-term resource retirement,"National currency, Millions",2020,3380.9281
Based on long-term resource retirement,"National currency, Millions",2021,3922.3284
Based on long-term resource retirement,"National currency, Millions",2022,3710.7044
Based on long-term resource retirement,"National currency, Millions",2023,4223.9073
Based on long-term resource retirement,"National currency, Millions",2024,4759.3671
Based on a specific non-commodity output,"Euro, Millions",2013,1966.7685
Based on a specific non-commodity output,"Euro, Millions",2014,959.6733
Based on a specific non-commodity output,"Euro, Millions",2015,1056.0373
Based on a specific non-commodity output,"Euro, Millions",2016,952.495
Based on a specific non-commodity output,"Euro, Millions",2017,998.9816
Based on a specific non-commodity output,"Euro, Millions",2018,1125.4238
Based on a specific non-commodity output,"Euro, Millions",2019,1193.537
Based on a specific non-commodity output,"Euro, Millions",2020,1244.6343
Based on a specific non-commodity output,"Euro, Millions",2021,1285.9602
Based on a specific non-commodity output,"Euro, Millions",2022,1328.9983
Based on a specific non-commodity output,"Euro, Millions",2023,1884.5266
Based on a specific non-commodity output,"Euro, Millions",2024,2083.4188
Based on a specific non-commodity output,"US dollar, Millions",2013,2612.1011
Based on a specific non-commodity output,"US dollar, Millions",2014,1274.927
Based on a specific non-commodity output,"US dollar, Millions",2015,1171.6875
Based on a specific non-commodity output,"US dollar, Millions",2016,1054.3201
Based on a specific non-commodity output,"US dollar, Millions",2017,1128.5301
Based on a specific non-commodity output,"US dollar, Millions",2018,1329.0738
Based on a specific non-commodity output,"US dollar, Millions",2019,1336.1346
Based on a specific non-commodity output,"US dollar, Millions",2020,1421.6171
Based on a specific non-commodity output,"US dollar, Millions",2021,1520.9572
Based on a specific non-commodity output,"US dollar, Millions",2022,1399.4994
Based on a specific non-commodity output,"US dollar, Millions",2023,2037.6785
Based on a specific non-commodity output,"US dollar, Millions",2024,2255.0508
Based on a specific non-commodity output,"National currency, Millions",2013,2612.1011
Based on a specific non-commodity output,"National currency, Millions",2014,1274.927
Based on a specific non-commodity output,"National currency, Millions",2015,1171.6875
Based on a specific non-commodity output,"National currency, Millions",2016,1054.3201
Based on a specific non-commodity output,"National currency, Millions",2017,1128.5301
Based on a specific non-commodity output,"National currency, Millions",2018,1329.0738
Based on a specific non-commodity output,"National currency, Millions",2019,1336.1346
Based on a specific non-commodity output,"National currency, Millions",2020,1421.6171
Based on a specific non-commodity output,"National currency, Millions",2021,1520.9572
Based on a specific non-commodity output,"National currency, Millions",2022,1399.4994
Based on a specific non-commodity output,"National currency, Millions",2023,2037.6785
Based on a specific non-commodity output,"National currency, Millions",2024,2255.0508
Based on other non-commodity criteria,"Euro, Millions",2013,150.7018
Based on other non-commodity criteria,"Euro, Millions",2014,137.5251
Based on other non-commodity criteria,"Euro, Millions",2015,84.6285
Based on other non-commodity criteria,"Euro, Millions",2016,136.1113
Based on other non-commodity criteria,"Euro, Millions",2017,102.6966
Based on other non-commodity criteria,"Euro, Millions",2018,105.3578
Based on other non-commodity criteria,"Euro, Millions",2019,97.1091
Based on other non-commodity criteria,"Euro, Millions",2020,110.1796
Based on other non-commodity criteria,"Euro, Millions",2021,118.2422
Based on other non-commodity criteria,"Euro, Millions",2022,188.3233
Based on other non-commodity criteria,"Euro, Millions",2023,278.3945
Based on other non-commodity criteria,"Euro, Millions",2024,2423.5063
Based on other non-commodity criteria,"US dollar, Millions",2013,200.1497
Based on other non-commodity criteria,"US dollar, Millions",2014,182.7023
Based on other non-commodity criteria,"US dollar, Millions",2015,93.8964
Based on other non-commodity criteria,"US dollar, Millions",2016,150.6621
Based on other non-commodity criteria,"US dollar, Millions",2017,116.0143
Based on other non-commodity criteria,"US dollar, Millions",2018,124.4227
Based on other non-commodity criteria,"US dollar, Millions",2019,108.7112
Based on other non-commodity criteria,"US dollar, Millions",2020,125.8468
Based on other non-commodity criteria,"US dollar, Millions",2021,139.8498
Based on other non-commodity criteria,"US dollar, Millions",2022,198.3135
Based on other non-commodity criteria,"US dollar, Millions",2023,301.0191
Based on other non-commodity criteria,"US dollar, Millions",2024,2623.1546
Based on other non-commodity criteria,"National currency, Millions",2013,200.1497
Based on other non-commodity criteria,"National currency, Millions",2014,182.7023
Based on other non-commodity criteria,"National currency, Millions",2015,93.8964
Based on other non-commodity criteria,"National currency, Millions",2016,150.6621
Based on other non-commodity criteria,"National currency, Millions",2017,116.0143
Based on other non-commodity criteria,"National currency, Millions",2018,124.4227
Based on other non-commodity criteria,"National currency, Millions",2019,108.7112
Based on other non-commodity criteria,"National currency, Millions",2020,125.8468
Based on other non-commodity criteria,"National currency, Millions",2021,139.8498
Based on other non-commodity criteria,"National currency, Millions",2022,198.3135
Based on other non-commodity criteria,"National currency, Millions",2023,301.0191
Based on other non-commodity criteria,"National currency, Millions",2024,2623.1546
Miscellaneous payments,"Euro, Millions",2013,309.8917
Miscellaneous payments,"Euro, Millions",2014,317.8321
Miscellaneous payments,"Euro, Millions",2015,838.9925
Miscellaneous payments,"Euro, Millions",2016,785.9029
Miscellaneous payments,"Euro, Millions",2017,583.6336
Miscellaneous payments,"Euro, Millions",2018,595.5754
Miscellaneous payments,"Euro, Millions",2019,657.1754
Miscellaneous payments,"Euro, Millions",2020,480.3762
Miscellaneous payments,"Euro, Millions",2021,486.708
Miscellaneous payments,"Euro, Millions",2022,431.0887
Miscellaneous payments,"Euro, Millions",2023,605.3135
Miscellaneous payments,"Euro, Millions",2024,606.3298
Miscellaneous payments,"US dollar, Millions",2013,411.5729
Miscellaneous payments,"US dollar, Millions",2014,422.2403
Miscellaneous payments,"US dollar, Millions",2015,930.8735
Miscellaneous payments,"US dollar, Millions",2016,869.9188
Miscellaneous payments,"US dollar, Millions",2017,659.3196
Miscellaneous payments,"US dollar, Millions",2018,703.3472
Miscellaneous payments,"US dollar, Millions",2019,735.6913
Miscellaneous payments,"US dollar, Millions",2020,548.6841
Miscellaneous payments,"US dollar, Millions",2021,575.6492
Miscellaneous payments,"US dollar, Millions",2022,453.9572
Miscellaneous payments,"US dollar, Millions",2023,654.5062
Miscellaneous payments,"US dollar, Millions",2024,656.2793
Miscellaneous payments,"National currency, Millions",2013,411.5729
Miscellaneous payments,"National currency, Millions",2014,422.2403
Miscellaneous payments,"National currency, Millions",2015,930.8735
Miscellaneous payments,"National currency, Millions",2016,869.9188
Miscellaneous payments,"National currency, Millions",2017,659.3196
Miscellaneous payments,"National currency, Millions",2018,703.3472
Miscellaneous payments,"National currency, Millions",2019,735.6913
Miscellaneous payments,"National currency, Millions",2020,548.6841
Miscellaneous payments,"National currency, Millions",2021,575.6492
Miscellaneous payments,"National currency, Millions",2022,453.9572
Miscellaneous payments,"National currency, Millions",2023,654.5062
Miscellaneous payments,"National currency, Millions",2024,656.2793
General Services Support Estimate (GSSE),"Euro, Millions",2013,38165.8612
General Services Support Estimate (GSSE),"Euro, Millions",2014,33759.6779
General Services Support Estimate (GSSE),"Euro, Millions",2015,37733.7404
General Services Support Estimate (GSSE),"Euro, Millions",2016,38761.3166
General Services Support Estimate (GSSE),"Euro, Millions",2017,39713.5504
General Services Support Estimate (GSSE),"Euro, Millions",2018,38513.4962
General Services Support Estimate (GSSE),"Euro, Millions",2019,40419.8719
General Services Support Estimate (GSSE),"Euro, Millions",2020,42511.0768
General Services Support Estimate (GSSE),"Euro, Millions",2021,42592.9302
General Services Support Estimate (GSSE),"Euro, Millions",2022,48026.6699
General Services Support Estimate (GSSE),"Euro, Millions",2023,49754.107
General Services Support Estimate (GSSE),"Euro, Millions",2024,52469.1194
General Services Support Estimate (GSSE),"US dollar, Millions",2013,50688.7769
General Services Support Estimate (GSSE),"US dollar, Millions",2014,44849.7704
General Services Support Estimate (GSSE),"US dollar, Millions",2015,41866.0911
General Services Support Estimate (GSSE),"US dollar, Millions",2016,42905.0428
General Services Support Estimate (GSSE),"US dollar, Millions",2017,44863.6254
General Services Support Estimate (GSSE),"US dollar, Millions",2018,45482.6692
General Services Support Estimate (GSSE),"US dollar, Millions",2019,45249.0293
General Services Support Estimate (GSSE),"US dollar, Millions",2020,48556.0086
General Services Support Estimate (GSSE),"US dollar, Millions",2021,50376.3838
General Services Support Estimate (GSSE),"US dollar, Millions",2022,50574.4062
General Services Support Estimate (GSSE),"US dollar, Millions",2023,53797.5293
General Services Support Estimate (GSSE),"US dollar, Millions",2024,56791.5221
General Services Support Estimate (GSSE),"National currency, Millions",2013,50688.7769
General Services Support Estimate (GSSE),"National currency, Millions",2014,44849.7704
General Services Support Estimate (GSSE),"National currency, Millions",2015,41866.0911
General Services Support Estimate (GSSE),"National currency, Millions",2016,42905.0428
General Services Support Estimate (GSSE),"National currency, Millions",2017,44863.6254
General Services Support Estimate (GSSE),"National currency, Millions",2018,45482.6692
General Services Support Estimate (GSSE),"National currency, Millions",2019,45249.0293
General Services Support Estimate (GSSE),"National currency, Millions",2020,48556.0086
General Services Support Estimate (GSSE),"National currency, Millions",2021,50376.3838
General Services Support Estimate (GSSE),"National currency, Millions",2022,50574.4062
General Services Support Estimate (GSSE),"National currency, Millions",2023,53797.5293
General Services Support Estimate (GSSE),"National currency, Millions",2024,56791.5221
Agricultural knowledge and innovation system,"Euro, Millions",2013,10989.2549
Agricultural knowledge and innovation system,"Euro, Millions",2014,11091.9759
Agricultural knowledge and innovation system,"Euro, Millions",2015,11776.6251
Agricultural knowledge and innovation system,"Euro, Millions",2016,11786.1308
Agricultural knowledge and innovation system,"Euro, Millions",2017,12049.1081
Agricultural knowledge and innovation system,"Euro, Millions",2018,12067.5307
Agricultural knowledge and innovation system,"Euro, Millions",2019,12808.1407
Agricultural knowledge and innovation system,"Euro, Millions",2020,12421.9319
Agricultural knowledge and innovation system,"Euro, Millions",2021,13702.72
Agricultural knowledge and innovation system,"Euro, Millions",2022,14225.2966
Agricultural knowledge and innovation system,"Euro, Millions",2023,15160.9987
Agricultural knowledge and innovation system,"Euro, Millions",2024,15755.7604
Agricultural knowledge and innovation system,"US dollar, Millions",2013,14595.03
Agricultural knowledge and innovation system,"US dollar, Millions",2014,14735.7025
Agricultural knowledge and innovation system,"US dollar, Millions",2015,13066.3235
Agricultural knowledge and innovation system,"US dollar, Millions",2016,13046.1112
Agricultural knowledge and innovation system,"US dollar, Millions",2017,13611.643
Agricultural knowledge and innovation system,"US dollar, Millions",2018,14251.1992
Agricultural knowledge and innovation system,"US dollar, Millions",2019,14338.3912
Agricultural knowledge and innovation system,"US dollar, Millions",2020,14188.2887
Agricultural knowledge and innovation system,"US dollar, Millions",2021,16206.7619
Agricultural knowledge and innovation system,"US dollar, Millions",2022,14979.9254
Agricultural knowledge and innovation system,"US dollar, Millions",2023,16393.1044
Agricultural knowledge and innovation system,"US dollar, Millions",2024,17053.7189
Agricultural knowledge and innovation system,"National currency, Millions",2013,14595.03
Agricultural knowledge and innovation system,"National currency, Millions",2014,14735.7025
Agricultural knowledge and innovation system,"National currency, Millions",2015,13066.3235
Agricultural knowledge and innovation system,"National currency, Millions",2016,13046.1112
Agricultural knowledge and innovation system,"National currency, Millions",2017,13611.643
Agricultural knowledge and innovation system,"National currency, Millions",2018,14251.1992
Agricultural knowledge and innovation system,"National currency, Millions",2019,14338.3912
Agricultural knowledge and innovation system,"National currency, Millions",2020,14188.2887
Agricultural knowledge and innovation system,"National currency, Millions",2021,16206.7619
Agricultural knowledge and innovation system,"National currency, Millions",2022,14979.9254
Agricultural knowledge and innovation system,"National currency, Millions",2023,16393.1044
Agricultural knowledge and innovation system,"National currency, Millions",2024,17053.7189
Agricultural knowledge generation,"Euro, Millions",2013,6373.0931
Agricultural knowledge generation,"Euro, Millions",2014,6424.4364
Agricultural knowledge generation,"Euro, Millions",2015,6703.2164
Agricultural knowledge generation,"Euro, Millions",2016,6891.9335
Agricultural knowledge generation,"Euro, Millions",2017,6946.1761
Agricultural knowledge generation,"Euro, Millions",2018,6993.1312
Agricultural knowledge generation,"Euro, Millions",2019,7651.5124
Agricultural knowledge generation,"Euro, Millions",2020,7222.6981
Agricultural knowledge generation,"Euro, Millions",2021,8225.9677
Agricultural knowledge generation,"Euro, Millions",2022,8518.7322
Agricultural knowledge generation,"Euro, Millions",2023,8964.534
Agricultural knowledge generation,"Euro, Millions",2024,9177.8971
Agricultural knowledge generation,"US dollar, Millions",2013,8464.2213
Agricultural knowledge generation,"US dollar, Millions",2014,8534.871
Agricultural knowledge generation,"US dollar, Millions",2015,7437.3085
Agricultural knowledge generation,"US dollar, Millions",2016,7628.7063
Agricultural knowledge generation,"US dollar, Millions",2017,7846.9601
Agricultural knowledge generation,"US dollar, Millions",2018,8258.5666
Agricultural knowledge generation,"US dollar, Millions",2019,8565.6756
Agricultural knowledge generation,"US dollar, Millions",2020,8249.7415
Agricultural knowledge generation,"US dollar, Millions",2021,9729.1852
Agricultural knowledge generation,"US dollar, Millions",2022,8970.637
Agricultural knowledge generation,"US dollar, Millions",2023,9693.0647
Agricultural knowledge generation,"US dollar, Millions",2024,9933.9717
Agricultural knowledge generation,"National currency, Millions",2013,8464.2213
Agricultural knowledge generation,"National currency, Millions",2014,8534.871
Agricultural knowledge generation,"National currency, Millions",2015,7437.3085
Agricultural knowledge generation,"National currency, Millions",2016,7628.7063
Agricultural knowledge generation,"National currency, Millions",2017,7846.9601
Agricultural knowledge generation,"National currency, Millions",2018,8258.5666
Agricultural knowledge generation,"National currency, Millions",2019,8565.6756
Agricultural knowledge generation,"National currency, Millions",2020,8249.7415
Agricultural knowledge generation,"National currency, Millions",2021,9729.1852
Agricultural knowledge generation,"National currency, Millions",2022,8970.637
Agricultural knowledge generation,"National currency, Millions",2023,9693.0647
Agricultural knowledge generation,"National currency, Millions",2024,9933.9717
Agricultural knowledge transfer,"Euro, Millions",2013,4616.1618
Agricultural knowledge transfer,"Euro, Millions",2014,4667.5395
Agricultural knowledge transfer,"Euro, Millions",2015,5073.4087
Agricultural knowledge transfer,"Euro, Millions",2016,4894.1973
Agricultural knowledge transfer,"Euro, Millions",2017,5102.932
Agricultural knowledge transfer,"Euro, Millions",2018,5074.3995
Agricultural knowledge transfer,"Euro, Millions",2019,5156.6283
Agricultural knowledge transfer,"Euro, Millions",2020,5199.2337
Agricultural knowledge transfer,"Euro, Millions",2021,5476.7522
Agricultural knowledge transfer,"Euro, Millions",2022,5706.5644
Agricultural knowledge transfer,"Euro, Millions",2023,6196.4647
Agricultural knowledge transfer,"Euro, Millions",2024,6577.8633
Agricultural knowledge transfer,"US dollar, Millions",2013,6130.8088
Agricultural knowledge transfer,"US dollar, Millions",2014,6200.8316
Agricultural knowledge transfer,"US dollar, Millions",2015,5629.015
Agricultural knowledge transfer,"US dollar, Millions",2016,5417.4048
Agricultural knowledge transfer,"US dollar, Millions",2017,5764.683
Agricultural knowledge transfer,"US dollar, Millions",2018,5992.6326
Agricultural knowledge transfer,"US dollar, Millions",2019,5772.7156
Agricultural knowledge transfer,"US dollar, Millions",2020,5938.5472
Agricultural knowledge transfer,"US dollar, Millions",2021,6477.5767
Agricultural knowledge transfer,"US dollar, Millions",2022,6009.2883
Agricultural knowledge transfer,"US dollar, Millions",2023,6700.0397
Agricultural knowledge transfer,"US dollar, Millions",2024,7119.7473
Agricultural knowledge transfer,"National currency, Millions",2013,6130.8088
Agricultural knowledge transfer,"National currency, Millions",2014,6200.8316
Agricultural knowledge transfer,"National currency, Millions",2015,5629.015
Agricultural knowledge transfer,"National currency, Millions",2016,5417.4048
Agricultural knowledge transfer,"National currency, Millions",2017,5764.683
Agricultural knowledge transfer,"National currency, Millions",2018,5992.6326
Agricultural knowledge transfer,"National currency, Millions",2019,5772.7156
Agricultural knowledge transfer,"National currency, Millions",2020,5938.5472
Agricultural knowledge transfer,"National currency, Millions",2021,6477.5767
Agricultural knowledge transfer,"National currency, Millions",2022,6009.2883
Agricultural knowledge transfer,"National currency, Millions",2023,6700.0397
Agricultural knowledge transfer,"National currency, Millions",2024,7119.7473
Education,"Euro, Millions",2013,3636.5257
Education,"Euro, Millions",2014,3812.7521
Education,"Euro, Millions",2015,4039.6495
Education,"Euro, Millions",2016,3862.011
Education,"Euro, Millions",2017,3987.233
Education,"Euro, Millions",2018,4035.6876
Education,"Euro, Millions",2019,4080.9933
Education,"Euro, Millions",2020,4109.1432
Education,"Euro, Millions",2021,4324.8723
Education,"Euro, Millions",2022,4461.8658
Education,"Euro, Millions",2023,4909.078
Education,"Euro, Millions",2024,5173.111
Education,"US dollar, Millions",2013,4829.7362
Education,"US dollar, Millions",2014,5065.2455
Education,"US dollar, Millions",2015,4482.0453
Education,"US dollar, Millions",2016,4274.874
Education,"US dollar, Millions",2017,4504.2995
Education,"US dollar, Millions",2018,4765.9615
Education,"US dollar, Millions",2019,4568.5693
Education,"US dollar, Millions",2020,4693.4495
Education,"US dollar, Millions",2021,5115.2017
Education,"US dollar, Millions",2022,4698.5605
Education,"US dollar, Millions",2023,5308.0295
Education,"US dollar, Millions",2024,5599.2715
Education,"National currency, Millions",2013,4829.7362
Education,"National currency, Millions",2014,5065.2455
Education,"National currency, Millions",2015,4482.0453
Education,"National currency, Millions",2016,4274.874
Education,"National currency, Millions",2017,4504.2995
Education,"National currency, Millions",2018,4765.9615
Education,"National currency, Millions",2019,4568.5693
Education,"National currency, Millions",2020,4693.4495
Education,"National currency, Millions",2021,5115.2017
Education,"National currency, Millions",2022,4698.5605
Education,"National currency, Millions",2023,5308.0295
Education,"National currency, Millions",2024,5599.2715
Extension services,"Euro, Millions",2013,979.6361
Extension services,"Euro, Millions",2014,854.7874
Extension services,"Euro, Millions",2015,1033.7592
Extension services,"Euro, Millions",2016,1032.1863
Extension services,"Euro, Millions",2017,1115.699
Extension services,"Euro, Millions",2018,1038.7119
Extension services,"Euro, Millions",2019,1075.635
Extension services,"Euro, Millions",2020,1090.0905
Extension services,"Euro, Millions",2021,1151.8799
Extension services,"Euro, Millions",2022,1244.6986
Extension services,"Euro, Millions",2023,1287.3867
Extension services,"Euro, Millions",2024,1404.7523
Extension services,"US dollar, Millions",2013,1301.0725
Extension services,"US dollar, Millions",2014,1135.5861
Extension services,"US dollar, Millions",2015,1146.9697
Extension services,"US dollar, Millions",2016,1142.5308
Extension services,"US dollar, Millions",2017,1260.3834
Extension services,"US dollar, Millions",2018,1226.671
Extension services,"US dollar, Millions",2019,1204.1463
Extension services,"US dollar, Millions",2020,1245.0977
Extension services,"US dollar, Millions",2021,1362.375
Extension services,"US dollar, Millions",2022,1310.7278
Extension services,"US dollar, Millions",2023,1392.0102
Extension services,"US dollar, Millions",2024,1520.4757
Extension services,"National currency, Millions",2013,1301.0725
Extension services,"National currency, Millions",2014,1135.5861
Extension services,"National currency, Millions",2015,1146.9697
Extension services,"National currency, Millions",2016,1142.5308
Extension services,"National currency, Millions",2017,1260.3834
Extension services,"National currency, Millions",2018,1226.671
Extension services,"National currency, Millions",2019,1204.1463
Extension services,"National currency, Millions",2020,1245.0977
Extension services,"National currency, Millions",2021,1362.375
Extension services,"National currency, Millions",2022,1310.7278
Extension services,"National currency, Millions",2023,1392.0102
Extension services,"National currency, Millions",2024,1520.4757
Inspection and control,"Euro, Millions",2013,2993.0516
Inspection and control,"Euro, Millions",2014,3104.7154
Inspection and control,"Euro, Millions",2015,3338.75
Inspection and control,"Euro, Millions",2016,3609.3066
Inspection and control,"Euro, Millions",2017,3595.3875
Inspection and control,"Euro, Millions",2018,3751.4225
Inspection and control,"Euro, Millions",2019,3763.1143
Inspection and control,"Euro, Millions",2020,3837.142
Inspection and control,"Euro, Millions",2021,4037.9588
Inspection and control,"Euro, Millions",2022,4678.7635
Inspection and control,"Euro, Millions",2023,4881.6624
Inspection and control,"Euro, Millions",2024,4806.8689
Inspection and control,"US dollar, Millions",2013,3975.1265
Inspection and control,"US dollar, Millions",2014,4124.6179
Inspection and control,"US dollar, Millions",2015,3704.3879
Inspection and control,"US dollar, Millions",2016,3995.1546
Inspection and control,"US dollar, Millions",2017,4061.6394
Inspection and control,"US dollar, Millions",2018,4430.2575
Inspection and control,"US dollar, Millions",2019,4212.7118
Inspection and control,"US dollar, Millions",2020,4382.7706
Inspection and control,"US dollar, Millions",2021,4775.8575
Inspection and control,"US dollar, Millions",2022,4926.9643
Inspection and control,"US dollar, Millions",2023,5278.3859
Inspection and control,"US dollar, Millions",2024,5202.8585
Inspection and control,"National currency, Millions",2013,3975.1265
Inspection and control,"National currency, Millions",2014,4124.6179
Inspection and control,"National currency, Millions",2015,3704.3879
Inspection and control,"National currency, Millions",2016,3995.1546
Inspection and control,"National currency, Millions",2017,4061.6394
Inspection and control,"National currency, Millions",2018,4430.2575
Inspection and control,"National currency, Millions",2019,4212.7118
Inspection and control,"National currency, Millions",2020,4382.7706
Inspection and control,"National currency, Millions",2021,4775.8575
Inspection and control,"National currency, Millions",2022,4926.9643
Inspection and control,"National currency, Millions",2023,5278.3859
Inspection and control,"National currency, Millions",2024,5202.8585
Agricultural product safety and inspection,"Euro, Millions",2013,1838.6039
Agricultural product safety and inspection,"Euro, Millions",2014,1787.6317
Agricultural product safety and inspection,"Euro, Millions",2015,1924.6847
Agricultural product safety and inspection,"Euro, Millions",2016,2034.4793
Agricultural product safety and inspection,"Euro, Millions",2017,2006.7378
Agricultural product safety and inspection,"Euro, Millions",2018,2148.8726
Agricultural product safety and inspection,"Euro, Millions",2019,2059.3295
Agricultural product safety and inspection,"Euro, Millions",2020,2073.1903
Agricultural product safety and inspection,"Euro, Millions",2021,2146.7148
Agricultural product safety and inspection,"Euro, Millions",2022,2629.1312
Agricultural product safety and inspection,"Euro, Millions",2023,2719.5559
Agricultural product safety and inspection,"Euro, Millions",2024,2412.7194
Agricultural product safety and inspection,"US dollar, Millions",2013,2441.8834
Agricultural product safety and inspection,"US dollar, Millions",2014,2374.8708
Agricultural product safety and inspection,"US dollar, Millions",2015,2135.4635
Agricultural product safety and inspection,"US dollar, Millions",2016,2251.9726
Agricultural product safety and inspection,"US dollar, Millions",2017,2266.9726
Agricultural product safety and inspection,"US dollar, Millions",2018,2537.7198
Agricultural product safety and inspection,"US dollar, Millions",2019,2305.3675
Agricultural product safety and inspection,"US dollar, Millions",2020,2367.991
Agricultural product safety and inspection,"US dollar, Millions",2021,2539.0066
Agricultural product safety and inspection,"US dollar, Millions",2022,2768.6023
Agricultural product safety and inspection,"US dollar, Millions",2023,2940.5691
Agricultural product safety and inspection,"US dollar, Millions",2024,2611.479
Agricultural product safety and inspection,"National currency, Millions",2013,2441.8834
Agricultural product safety and inspection,"National currency, Millions",2014,2374.8708
Agricultural product safety and inspection,"National currency, Millions",2015,2135.4635
Agricultural product safety and inspection,"National currency, Millions",2016,2251.9726
Agricultural product safety and inspection,"National currency, Millions",2017,2266.9726
Agricultural product safety and inspection,"National currency, Millions",2018,2537.7198
Agricultural product safety and inspection,"National currency, Millions",2019,2305.3675
Agricultural product safety and inspection,"National currency, Millions",2020,2367.991
Agricultural product safety and inspection,"National currency, Millions",2021,2539.0066
Agricultural product safety and inspection,"National currency, Millions",2022,2768.6023
Agricultural product safety and inspection,"National currency, Millions",2023,2940.5691
Agricultural product safety and inspection,"National currency, Millions",2024,2611.479
Pest and disease inspection and control,"Euro, Millions",2013,841.013
Pest and disease inspection and control,"Euro, Millions",2014,1040.2187
Pest and disease inspection and control,"Euro, Millions",2015,1094.0701
Pest and disease inspection and control,"Euro, Millions",2016,1250.5483
Pest and disease inspection and control,"Euro, Millions",2017,1274.7539
Pest and disease inspection and control,"Euro, Millions",2018,1274.6841
Pest and disease inspection and control,"Euro, Millions",2019,1345.281
Pest and disease inspection and control,"Euro, Millions",2020,1408.9333
Pest and disease inspection and control,"Euro, Millions",2021,1533.1111
Pest and disease inspection and control,"Euro, Millions",2022,1653.6738
Pest and disease inspection and control,"Euro, Millions",2023,1725.8229
Pest and disease inspection and control,"Euro, Millions",2024,1912.6183
Pest and disease inspection and control,"US dollar, Millions",2013,1116.9647
Pest and disease inspection and control,"US dollar, Millions",2014,1381.9317
Pest and disease inspection and control,"US dollar, Millions",2015,1213.8855
Pest and disease inspection and control,"US dollar, Millions",2016,1384.2365
Pest and disease inspection and control,"US dollar, Millions",2017,1440.0647
Pest and disease inspection and control,"US dollar, Millions",2018,1505.3433
Pest and disease inspection and control,"US dollar, Millions",2019,1506.0082
Pest and disease inspection and control,"US dollar, Millions",2020,1609.2788
Pest and disease inspection and control,"US dollar, Millions",2021,1813.2727
Pest and disease inspection and control,"US dollar, Millions",2022,1741.3985
Pest and disease inspection and control,"US dollar, Millions",2023,1866.0772
Pest and disease inspection and control,"US dollar, Millions",2024,2070.1797
Pest and disease inspection and control,"National currency, Millions",2013,1116.9647
Pest and disease inspection and control,"National currency, Millions",2014,1381.9317
Pest and disease inspection and control,"National currency, Millions",2015,1213.8855
Pest and disease inspection and control,"National currency, Millions",2016,1384.2365
Pest and disease inspection and control,"National currency, Millions",2017,1440.0647
Pest and disease inspection and control,"National currency, Millions",2018,1505.3433
Pest and disease inspection and control,"National currency, Millions",2019,1506.0082
Pest and disease inspection and control,"National currency, Millions",2020,1609.2788
Pest and disease inspection and control,"National currency, Millions",2021,1813.2727
Pest and disease inspection and control,"National currency, Millions",2022,1741.3985
Pest and disease inspection and control,"National currency, Millions",2023,1866.0772
Pest and disease inspection and control,"National currency, Millions",2024,2070.1797
Input control,"Euro, Millions",2013,313.4348
Input control,"Euro, Millions",2014,276.8649
Input control,"Euro, Millions",2015,319.9951
Input control,"Euro, Millions",2016,324.2789
Input control,"Euro, Millions",2017,313.8958
Input control,"Euro, Millions",2018,327.8658
Input control,"Euro, Millions",2019,358.5039
Input control,"Euro, Millions",2020,355.0184
Input control,"Euro, Millions",2021,358.1328
Input control,"Euro, Millions",2022,395.9585
Input control,"Euro, Millions",2023,436.2836
Input control,"Euro, Millions",2024,481.5312
Input control,"US dollar, Millions",2013,416.2784
Input control,"US dollar, Millions",2014,367.8154
Input control,"US dollar, Millions",2015,355.0389
Input control,"US dollar, Millions",2016,358.9455
Input control,"US dollar, Millions",2017,354.602
Input control,"US dollar, Millions",2018,387.1944
Input control,"US dollar, Millions",2019,401.3361
Input control,"US dollar, Millions",2020,405.5008
Input control,"US dollar, Millions",2021,423.5782
Input control,"US dollar, Millions",2022,416.9635
Input control,"US dollar, Millions",2023,471.7396
Input control,"US dollar, Millions",2024,521.1997
Input control,"National currency, Millions",2013,416.2784
Input control,"National currency, Millions",2014,367.8154
Input control,"National currency, Millions",2015,355.0389
Input control,"National currency, Millions",2016,358.9455
Input control,"National currency, Millions",2017,354.602
Input control,"National currency, Millions",2018,387.1944
Input control,"National currency, Millions",2019,401.3361
Input control,"National currency, Millions",2020,405.5008
Input control,"National currency, Millions",2021,423.5782
Input control,"National currency, Millions",2022,416.9635
Input control,"National currency, Millions",2023,471.7396
Input control,"National currency, Millions",2024,521.1997
Development and maintenance of infrastructure,"Euro, Millions",2013,17607.8406
Development and maintenance of infrastructure,"Euro, Millions",2014,13830.6441
Development and maintenance of infrastructure,"Euro, Millions",2015,15250.8412
Development and maintenance of infrastructure,"Euro, Millions",2016,17035.7074
Development and maintenance of infrastructure,"Euro, Millions",2017,17681.4981
Development and maintenance of infrastructure,"Euro, Millions",2018,16569.6049
Development and maintenance of infrastructure,"Euro, Millions",2019,16753.458
Development and maintenance of infrastructure,"Euro, Millions",2020,16247.2656
Development and maintenance of infrastructure,"Euro, Millions",2021,16021.3309
Development and maintenance of infrastructure,"Euro, Millions",2022,18364.4094
Development and maintenance of infrastructure,"Euro, Millions",2023,17975.0697
Development and maintenance of infrastructure,"Euro, Millions",2024,18807.5869
Development and maintenance of infrastructure,"US dollar, Millions",2013,23385.2946
Development and maintenance of infrastructure,"US dollar, Millions",2014,18374.0263
Development and maintenance of infrastructure,"US dollar, Millions",2015,16921.0128
Development and maintenance of infrastructure,"US dollar, Millions",2016,18856.8867
Development and maintenance of infrastructure,"US dollar, Millions",2017,19974.4445
Development and maintenance of infrastructure,"US dollar, Millions",2018,19567.942
Development and maintenance of infrastructure,"US dollar, Millions",2019,18755.0746
Development and maintenance of infrastructure,"US dollar, Millions",2020,18557.5719
Development and maintenance of infrastructure,"US dollar, Millions",2021,18949.077
Development and maintenance of infrastructure,"US dollar, Millions",2022,19338.6113
Development and maintenance of infrastructure,"US dollar, Millions",2023,19435.8697
Development and maintenance of infrastructure,"US dollar, Millions",2024,20356.9547
Development and maintenance of infrastructure,"National currency, Millions",2013,23385.2946
Development and maintenance of infrastructure,"National currency, Millions",2014,18374.0263
Development and maintenance of infrastructure,"National currency, Millions",2015,16921.0128
Development and maintenance of infrastructure,"National currency, Millions",2016,18856.8867
Development and maintenance of infrastructure,"National currency, Millions",2017,19974.4445
Development and maintenance of infrastructure,"National currency, Millions",2018,19567.942
Development and maintenance of infrastructure,"National currency, Millions",2019,18755.0746
Development and maintenance of infrastructure,"National currency, Millions",2020,18557.5719
Development and maintenance of infrastructure,"National currency, Millions",2021,18949.077
Development and maintenance of infrastructure,"National currency, Millions",2022,19338.6113
Development and maintenance of infrastructure,"National currency, Millions",2023,19435.8697
Development and maintenance of infrastructure,"National currency, Millions",2024,20356.9547
Hydrological infrastructure,"Euro, Millions",2013,6654.8949
Hydrological infrastructure,"Euro, Millions",2014,6406.1381
Hydrological infrastructure,"Euro, Millions",2015,6529.2757
Hydrological infrastructure,"Euro, Millions",2016,7326.2757
Hydrological infrastructure,"Euro, Millions",2017,7375.6712
Hydrological infrastructure,"Euro, Millions",2018,6491.8254
Hydrological infrastructure,"Euro, Millions",2019,6558.4377
Hydrological infrastructure,"Euro, Millions",2020,7045.1386
Hydrological infrastructure,"Euro, Millions",2021,5793.2691
Hydrological infrastructure,"Euro, Millions",2022,7768.5021
Hydrological infrastructure,"Euro, Millions",2023,8085.4236
Hydrological infrastructure,"Euro, Millions",2024,8349.3754
Hydrological infrastructure,"US dollar, Millions",2013,8838.4874
Hydrological infrastructure,"US dollar, Millions",2014,8510.5617
Hydrological infrastructure,"US dollar, Millions",2015,7244.319
Hydrological infrastructure,"US dollar, Millions",2016,8109.4813
Hydrological infrastructure,"US dollar, Millions",2017,8332.1523
Hydrological infrastructure,"US dollar, Millions",2018,7666.5475
Hydrological infrastructure,"US dollar, Millions",2019,7342.0059
Hydrological infrastructure,"US dollar, Millions",2020,8046.9336
Hydrological infrastructure,"US dollar, Millions",2021,6851.9341
Hydrological infrastructure,"US dollar, Millions",2022,8180.6085
Hydrological infrastructure,"US dollar, Millions",2023,8742.5107
Hydrological infrastructure,"US dollar, Millions",2024,9037.1964
Hydrological infrastructure,"National currency, Millions",2013,8838.4874
Hydrological infrastructure,"National currency, Millions",2014,8510.5617
Hydrological infrastructure,"National currency, Millions",2015,7244.319
Hydrological infrastructure,"National currency, Millions",2016,8109.4813
Hydrological infrastructure,"National currency, Millions",2017,8332.1523
Hydrological infrastructure,"National currency, Millions",2018,7666.5475
Hydrological infrastructure,"National currency, Millions",2019,7342.0059
Hydrological infrastructure,"National currency, Millions",2020,8046.9336
Hydrological infrastructure,"National currency, Millions",2021,6851.9341
Hydrological infrastructure,"National currency, Millions",2022,8180.6085
Hydrological infrastructure,"National currency, Millions",2023,8742.5107
Hydrological infrastructure,"National currency, Millions",2024,9037.1964
"Storage, marketing and other physical infrastructure","Euro, Millions",2013,3962.7988
"Storage, marketing and other physical infrastructure","Euro, Millions",2014,3429.3846
"Storage, marketing and other physical infrastructure","Euro, Millions",2015,4159.5702
"Storage, marketing and other physical infrastructure","Euro, Millions",2016,5265.9804
"Storage, marketing and other physical infrastructure","Euro, Millions",2017,5276.805
"Storage, marketing and other physical infrastructure","Euro, Millions",2018,5018.7096
"Storage, marketing and other physical infrastructure","Euro, Millions",2019,5475.627
"Storage, marketing and other physical infrastructure","Euro, Millions",2020,5734.3053
"Storage, marketing and other physical infrastructure","Euro, Millions",2021,5700.2435
"Storage, marketing and other physical infrastructure","Euro, Millions",2022,4149.0801
"Storage, marketing and other physical infrastructure","Euro, Millions",2023,4460.4574
"Storage, marketing and other physical infrastructure","Euro, Millions",2024,4273.699
"Storage, marketing and other physical infrastructure","US dollar, Millions",2013,5263.0654
"Storage, marketing and other physical infrastructure","US dollar, Millions",2014,4555.9413
"Storage, marketing and other physical infrastructure","US dollar, Millions",2015,4615.099
"Storage, marketing and other physical infrastructure","US dollar, Millions",2016,5828.9329
"Storage, marketing and other physical infrastructure","US dollar, Millions",2017,5961.104
"Storage, marketing and other physical infrastructure","US dollar, Millions",2018,5926.8654
"Storage, marketing and other physical infrastructure","US dollar, Millions",2019,6129.8266
"Storage, marketing and other physical infrastructure","US dollar, Millions",2020,6549.7042
"Storage, marketing and other physical infrastructure","US dollar, Millions",2021,6741.9089
"Storage, marketing and other physical infrastructure","US dollar, Millions",2022,4369.1821
"Storage, marketing and other physical infrastructure","US dollar, Millions",2023,4822.9503
"Storage, marketing and other physical infrastructure","US dollar, Millions",2024,4625.766
"Storage, marketing and other physical infrastructure","National currency, Millions",2013,5263.0654
"Storage, marketing and other physical infrastructure","National currency, Millions",2014,4555.9413
"Storage, marketing and other physical infrastructure","National currency, Millions",2015,4615.099
"Storage, marketing and other physical infrastructure","National currency, Millions",2016,5828.9329
"Storage, marketing and other physical infrastructure","National currency, Millions",2017,5961.104
"Storage, marketing and other physical infrastructure","National currency, Millions",2018,5926.8654
"Storage, marketing and other physical infrastructure","National currency, Millions",2019,6129.8266
"Storage, marketing and other physical infrastructure","National currency, Millions",2020,6549.7042
"Storage, marketing and other physical infrastructure","National currency, Millions",2021,6741.9089
"Storage, marketing and other physical infrastructure","National currency, Millions",2022,4369.1821
"Storage, marketing and other physical infrastructure","National currency, Millions",2023,4822.9503
"Storage, marketing and other physical infrastructure","National currency, Millions",2024,4625.766
Institutional infrastructure,"Euro, Millions",2013,3814.3846
Institutional infrastructure,"Euro, Millions",2014,1855.4893
Institutional infrastructure,"Euro, Millions",2015,2664.0944
Institutional infrastructure,"Euro, Millions",2016,3348.7522
Institutional infrastructure,"Euro, Millions",2017,3978.6441
Institutional infrastructure,"Euro, Millions",2018,3956.7482
Institutional infrastructure,"Euro, Millions",2019,3749.0908
Institutional infrastructure,"Euro, Millions",2020,2594.326
Institutional infrastructure,"Euro, Millions",2021,3579.9276
Institutional infrastructure,"Euro, Millions",2022,5365.9089
Institutional infrastructure,"Euro, Millions",2023,4300.4011
Institutional infrastructure,"Euro, Millions",2024,4991.8491
Institutional infrastructure,"US dollar, Millions",2013,5065.9538
Institutional infrastructure,"US dollar, Millions",2014,2465.0196
Institutional infrastructure,"US dollar, Millions",2015,2955.8484
Institutional infrastructure,"US dollar, Millions",2016,3706.746
Institutional infrastructure,"US dollar, Millions",2017,4494.5968
Institutional infrastructure,"US dollar, Millions",2018,4672.7377
Institutional infrastructure,"US dollar, Millions",2019,4197.0128
Institutional infrastructure,"US dollar, Millions",2020,2963.2305
Institutional infrastructure,"US dollar, Millions",2021,4234.1254
Institutional infrastructure,"US dollar, Millions",2022,5650.5615
Institutional infrastructure,"US dollar, Millions",2023,4649.8866
Institutional infrastructure,"US dollar, Millions",2024,5403.0774
Institutional infrastructure,"National currency, Millions",2013,5065.9538
Institutional infrastructure,"National currency, Millions",2014,2465.0196
Institutional infrastructure,"National currency, Millions",2015,2955.8484
Institutional infrastructure,"National currency, Millions",2016,3706.746
Institutional infrastructure,"National currency, Millions",2017,4494.5968
Institutional infrastructure,"National currency, Millions",2018,4672.7377
Institutional infrastructure,"National currency, Millions",2019,4197.0128
Institutional infrastructure,"National currency, Millions",2020,2963.2305
Institutional infrastructure,"National currency, Millions",2021,4234.1254
Institutional infrastructure,"National currency, Millions",2022,5650.5615
Institutional infrastructure,"National currency, Millions",2023,4649.8866
Institutional infrastructure,"National currency, Millions",2024,5403.0774
Farm restructuring,"Euro, Millions",2013,3175.7624
Farm restructuring,"Euro, Millions",2014,2139.6321
Farm restructuring,"Euro, Millions",2015,1897.9008
Farm restructuring,"Euro, Millions",2016,1094.6992
Farm restructuring,"Euro, Millions",2017,1050.3778
Farm restructuring,"Euro, Millions",2018,1102.3218
Farm restructuring,"Euro, Millions",2019,970.3025
Farm restructuring,"Euro, Millions",2020,873.4956
Farm restructuring,"Euro, Millions",2021,947.8906
Farm restructuring,"Euro, Millions",2022,1080.9183
Farm restructuring,"Euro, Millions",2023,1128.7876
Farm restructuring,"Euro, Millions",2024,1192.6634
Farm restructuring,"US dollar, Millions",2013,4217.788
Farm restructuring,"US dollar, Millions",2014,2842.5037
Farm restructuring,"US dollar, Millions",2015,2105.7464
Farm restructuring,"US dollar, Millions",2016,1211.7265
Farm restructuring,"US dollar, Millions",2017,1186.5914
Farm restructuring,"US dollar, Millions",2018,1301.7914
Farm restructuring,"US dollar, Millions",2019,1086.2292
Farm restructuring,"US dollar, Millions",2020,997.7037
Farm restructuring,"US dollar, Millions",2021,1121.1087
Farm restructuring,"US dollar, Millions",2022,1138.2592
Farm restructuring,"US dollar, Millions",2023,1220.5221
Farm restructuring,"US dollar, Millions",2024,1290.9149
Farm restructuring,"National currency, Millions",2013,4217.788
Farm restructuring,"National currency, Millions",2014,2842.5037
Farm restructuring,"National currency, Millions",2015,2105.7464
Farm restructuring,"National currency, Millions",2016,1211.7265
Farm restructuring,"National currency, Millions",2017,1186.5914
Farm restructuring,"National currency, Millions",2018,1301.7914
Farm restructuring,"National currency, Millions",2019,1086.2292
Farm restructuring,"National currency, Millions",2020,997.7037
Farm restructuring,"National currency, Millions",2021,1121.1087
Farm restructuring,"National currency, Millions",2022,1138.2592
Farm restructuring,"National currency, Millions",2023,1220.5221
Farm restructuring,"National currency, Millions",2024,1290.9149
Marketing and promotion,"Euro, Millions",2013,4921.8995
Marketing and promotion,"Euro, Millions",2014,4261.8828
Marketing and promotion,"Euro, Millions",2015,5489.9013
Marketing and promotion,"Euro, Millions",2016,4123.106
Marketing and promotion,"Euro, Millions",2017,4267.4581
Marketing and promotion,"Euro, Millions",2018,4181.2737
Marketing and promotion,"Euro, Millions",2019,4796.4377
Marketing and promotion,"Euro, Millions",2020,7810.6743
Marketing and promotion,"Euro, Millions",2021,6497.2243
Marketing and promotion,"Euro, Millions",2022,8028.6509
Marketing and promotion,"Euro, Millions",2023,8939.7833
Marketing and promotion,"Euro, Millions",2024,10041.5282
Marketing and promotion,"US dollar, Millions",2013,6536.8646
Marketing and promotion,"US dollar, Millions",2014,5661.9161
Marketing and promotion,"US dollar, Millions",2015,6091.1191
Marketing and promotion,"US dollar, Millions",2016,4563.8811
Marketing and promotion,"US dollar, Millions",2017,4820.8644
Marketing and promotion,"US dollar, Millions",2018,4937.8921
Marketing and promotion,"US dollar, Millions",2019,5369.4913
Marketing and promotion,"US dollar, Millions",2020,8921.3259
Marketing and promotion,"US dollar, Millions",2021,7684.5304
Marketing and promotion,"US dollar, Millions",2022,8454.5578
Marketing and promotion,"US dollar, Millions",2023,9666.3026
Marketing and promotion,"US dollar, Millions",2024,10868.7487
Marketing and promotion,"National currency, Millions",2013,6536.8646
Marketing and promotion,"National currency, Millions",2014,5661.9161
Marketing and promotion,"National currency, Millions",2015,6091.1191
Marketing and promotion,"National currency, Millions",2016,4563.8811
Marketing and promotion,"National currency, Millions",2017,4820.8644
Marketing and promotion,"National currency, Millions",2018,4937.8921
Marketing and promotion,"National currency, Millions",2019,5369.4913
Marketing and promotion,"National currency, Millions",2020,8921.3259
Marketing and promotion,"National currency, Millions",2021,7684.5304
Marketing and promotion,"National currency, Millions",2022,8454.5578
Marketing and promotion,"National currency, Millions",2023,9666.3026
Marketing and promotion,"National currency, Millions",2024,10868.7487
Collective schemes for processing and marketing,"Euro, Millions",2013,1909.2024
Collective schemes for processing and marketing,"Euro, Millions",2014,1756.285
Collective schemes for processing and marketing,"Euro, Millions",2015,2402.2554
Collective schemes for processing and marketing,"Euro, Millions",2016,1664.9496
Collective schemes for processing and marketing,"Euro, Millions",2017,1467.9721
Collective schemes for processing and marketing,"Euro, Millions",2018,1671.5639
Collective schemes for processing and marketing,"Euro, Millions",2019,1819.2976
Collective schemes for processing and marketing,"Euro, Millions",2020,4495.4305
Collective schemes for processing and marketing,"Euro, Millions",2021,2528.009
Collective schemes for processing and marketing,"Euro, Millions",2022,2472.2965
Collective schemes for processing and marketing,"Euro, Millions",2023,2573.0398
Collective schemes for processing and marketing,"Euro, Millions",2024,2584.5697
Collective schemes for processing and marketing,"US dollar, Millions",2013,2535.6466
Collective schemes for processing and marketing,"US dollar, Millions",2014,2333.2266
Collective schemes for processing and marketing,"US dollar, Millions",2015,2665.3346
Collective schemes for processing and marketing,"US dollar, Millions",2016,1842.9388
Collective schemes for processing and marketing,"US dollar, Millions",2017,1658.3395
Collective schemes for processing and marketing,"US dollar, Millions",2018,1974.0402
Collective schemes for processing and marketing,"US dollar, Millions",2019,2036.6578
Collective schemes for processing and marketing,"US dollar, Millions",2020,5134.6655
Collective schemes for processing and marketing,"US dollar, Millions",2021,2989.9786
Collective schemes for processing and marketing,"US dollar, Millions",2022,2603.4477
Collective schemes for processing and marketing,"US dollar, Millions",2023,2782.1459
Collective schemes for processing and marketing,"US dollar, Millions",2024,2797.4864
Collective schemes for processing and marketing,"National currency, Millions",2013,2535.6466
Collective schemes for processing and marketing,"National currency, Millions",2014,2333.2266
Collective schemes for processing and marketing,"National currency, Millions",2015,2665.3346
Collective schemes for processing and marketing,"National currency, Millions",2016,1842.9388
Collective schemes for processing and marketing,"National currency, Millions",2017,1658.3395
Collective schemes for processing and marketing,"National currency, Millions",2018,1974.0402
Collective schemes for processing and marketing,"National currency, Millions",2019,2036.6578
Collective schemes for processing and marketing,"National currency, Millions",2020,5134.6655
Collective schemes for processing and marketing,"National currency, Millions",2021,2989.9786
Collective schemes for processing and marketing,"National currency, Millions",2022,2603.4477
Collective schemes for processing and marketing,"National currency, Millions",2023,2782.1459
Collective schemes for processing and marketing,"National currency, Millions",2024,2797.4864
Promotion of agricultural products,"Euro, Millions",2013,3012.6971
Promotion of agricultural products,"Euro, Millions",2014,2505.5978
Promotion of agricultural products,"Euro, Millions",2015,3087.6459
Promotion of agricultural products,"Euro, Millions",2016,2458.1564
Promotion of agricultural products,"Euro, Millions",2017,2799.486
Promotion of agricultural products,"Euro, Millions",2018,2509.7098
Promotion of agricultural products,"Euro, Millions",2019,2977.1402
Promotion of agricultural products,"Euro, Millions",2020,3315.2438
Promotion of agricultural products,"Euro, Millions",2021,3969.2153
Promotion of agricultural products,"Euro, Millions",2022,5556.3545
Promotion of agricultural products,"Euro, Millions",2023,6366.7435
Promotion of agricultural products,"Euro, Millions",2024,7456.9585
Promotion of agricultural products,"US dollar, Millions",2013,4001.218
Promotion of agricultural products,"US dollar, Millions",2014,3328.6895
Promotion of agricultural products,"US dollar, Millions",2015,3425.7845
Promotion of agricultural products,"US dollar, Millions",2016,2720.9422
Promotion of agricultural products,"US dollar, Millions",2017,3162.5249
Promotion of agricultural products,"US dollar, Millions",2018,2963.8519
Promotion of agricultural products,"US dollar, Millions",2019,3332.8335
Promotion of agricultural products,"US dollar, Millions",2020,3786.6603
Promotion of agricultural products,"US dollar, Millions",2021,4694.5518
Promotion of agricultural products,"US dollar, Millions",2022,5851.11
Promotion of agricultural products,"US dollar, Millions",2023,6884.1567
Promotion of agricultural products,"US dollar, Millions",2024,8071.2623
Promotion of agricultural products,"National currency, Millions",2013,4001.218
Promotion of agricultural products,"National currency, Millions",2014,3328.6895
Promotion of agricultural products,"National currency, Millions",2015,3425.7845
Promotion of agricultural products,"National currency, Millions",2016,2720.9422
Promotion of agricultural products,"National currency, Millions",2017,3162.5249
Promotion of agricultural products,"National currency, Millions",2018,2963.8519
Promotion of agricultural products,"National currency, Millions",2019,3332.8335
Promotion of agricultural products,"National currency, Millions",2020,3786.6603
Promotion of agricultural products,"National currency, Millions",2021,4694.5518
Promotion of agricultural products,"National currency, Millions",2022,5851.11
Promotion of agricultural products,"National currency, Millions",2023,6884.1567
Promotion of agricultural products,"National currency, Millions",2024,8071.2623
Cost of public stockholding,"Euro, Millions",2013,524.0957
Cost of public stockholding,"Euro, Millions",2014,315.7134
Cost of public stockholding,"Euro, Millions",2015,475.8259
Cost of public stockholding,"Euro, Millions",2016,426.8432
Cost of public stockholding,"Euro, Millions",2017,613.8676
Cost of public stockholding,"Euro, Millions",2018,480.7643
Cost of public stockholding,"Euro, Millions",2019,601.8801
Cost of public stockholding,"Euro, Millions",2020,468.3648
Cost of public stockholding,"Euro, Millions",2021,450.814
Cost of public stockholding,"Euro, Millions",2022,555.5451
Cost of public stockholding,"Euro, Millions",2023,511.718
Cost of public stockholding,"Euro, Millions",2024,708.8745
Cost of public stockholding,"US dollar, Millions",2013,696.0611
Cost of public stockholding,"US dollar, Millions",2014,419.4256
Cost of public stockholding,"US dollar, Millions",2015,527.9353
Cost of public stockholding,"US dollar, Millions",2016,472.4743
Cost of public stockholding,"US dollar, Millions",2017,693.4743
Cost of public stockholding,"US dollar, Millions",2018,567.7606
Cost of public stockholding,"US dollar, Millions",2019,673.7896
Cost of public stockholding,"US dollar, Millions",2020,534.9647
Cost of public stockholding,"US dollar, Millions",2021,533.1959
Cost of public stockholding,"US dollar, Millions",2022,585.0159
Cost of public stockholding,"US dollar, Millions",2023,553.3044
Cost of public stockholding,"US dollar, Millions",2024,767.2715
Cost of public stockholding,"National currency, Millions",2013,696.0611
Cost of public stockholding,"National currency, Millions",2014,419.4256
Cost of public stockholding,"National currency, Millions",2015,527.9353
Cost of public stockholding,"National currency, Millions",2016,472.4743
Cost of public stockholding,"National currency, Millions",2017,693.4743
Cost of public stockholding,"National currency, Millions",2018,567.7606
Cost of public stockholding,"National currency, Millions",2019,673.7896
Cost of public stockholding,"National currency, Millions",2020,534.9647
Cost of public stockholding,"National currency, Millions",2021,533.1959
Cost of public stockholding,"National currency, Millions",2022,585.0159
Cost of public stockholding,"National currency, Millions",2023,553.3044
Cost of public stockholding,"National currency, Millions",2024,767.2715
Miscellaneous,"Euro, Millions",2013,1129.7188
Miscellaneous,"Euro, Millions",2014,1154.7464
Miscellaneous,"Euro, Millions",2015,1401.797
Miscellaneous,"Euro, Millions",2016,1780.2226
Miscellaneous,"Euro, Millions",2017,1506.231
Miscellaneous,"Euro, Millions",2018,1462.9001
Miscellaneous,"Euro, Millions",2019,1696.8411
Miscellaneous,"Euro, Millions",2020,1725.6983
Miscellaneous,"Euro, Millions",2021,1882.8822
Miscellaneous,"Euro, Millions",2022,2174.0043
Miscellaneous,"Euro, Millions",2023,2284.8749
Miscellaneous,"Euro, Millions",2024,2348.5005
Miscellaneous,"US dollar, Millions",2013,1500.4001
Miscellaneous,"US dollar, Millions",2014,1534.0819
Miscellaneous,"US dollar, Millions",2015,1555.3126
Miscellaneous,"US dollar, Millions",2016,1970.5349
Miscellaneous,"US dollar, Millions",2017,1701.5598
Miscellaneous,"US dollar, Millions",2018,1727.6178
Miscellaneous,"US dollar, Millions",2019,1899.5709
Miscellaneous,"US dollar, Millions",2020,1971.0868
Miscellaneous,"US dollar, Millions",2021,2226.9611
Miscellaneous,"US dollar, Millions",2022,2289.3316
Miscellaneous,"US dollar, Millions",2023,2470.5624
Miscellaneous,"US dollar, Millions",2024,2541.9698
Miscellaneous,"National currency, Millions",2013,1500.4001
Miscellaneous,"National currency, Millions",2014,1534.0819
Miscellaneous,"National currency, Millions",2015,1555.3126
Miscellaneous,"National currency, Millions",2016,1970.5349
Miscellaneous,"National currency, Millions",2017,1701.5598
Miscellaneous,"National currency, Millions",2018,1727.6178
Miscellaneous,"National currency, Millions",2019,1899.5709
Miscellaneous,"National currency, Millions",2020,1971.0868
Miscellaneous,"National currency, Millions",2021,2226.9611
Miscellaneous,"National currency, Millions",2022,2289.3316
Miscellaneous,"National currency, Millions",2023,2470.5624
Miscellaneous,"National currency, Millions",2024,2541.9698
Consumer Support Estimate (CSE),"Euro, Millions",2013,-54909.0147
Consumer Support Estimate (CSE),"Euro, Millions",2014,-45610.3051
Consumer Support Estimate (CSE),"Euro, Millions",2015,-53595.645
Consumer Support Estimate (CSE),"Euro, Millions",2016,-61276.0517
Consumer Support Estimate (CSE),"Euro, Millions",2017,-61907.6345
Consumer Support Estimate (CSE),"Euro, Millions",2018,-60585.2514
Consumer Support Estimate (CSE),"Euro, Millions",2019,-62738.494
Consumer Support Estimate (CSE),"Euro, Millions",2020,-48219.6212
Consumer Support Estimate (CSE),"Euro, Millions",2021,-27807.117
Consumer Support Estimate (CSE),"Euro, Millions",2022,1362.1069
Consumer Support Estimate (CSE),"Euro, Millions",2023,-30038.7802
Consumer Support Estimate (CSE),"Euro, Millions",2024,-39074.8415
Consumer Support Estimate (CSE),"US dollar, Millions",2013,-72925.6649
Consumer Support Estimate (CSE),"US dollar, Millions",2014,-60593.342
Consumer Support Estimate (CSE),"US dollar, Millions",2015,-59465.0869
Consumer Support Estimate (CSE),"US dollar, Millions",2016,-67826.6852
Consumer Support Estimate (CSE),"US dollar, Millions",2017,-69935.8505
Consumer Support Estimate (CSE),"US dollar, Millions",2018,-71548.3977
Consumer Support Estimate (CSE),"US dollar, Millions",2019,-70234.1651
Consumer Support Estimate (CSE),"US dollar, Millions",2020,-55076.2887
Consumer Support Estimate (CSE),"US dollar, Millions",2021,-32888.6036
Consumer Support Estimate (CSE),"US dollar, Millions",2022,1434.3645
Consumer Support Estimate (CSE),"US dollar, Millions",2023,-32479.9751
Consumer Support Estimate (CSE),"US dollar, Millions",2024,-42293.8245
Consumer Support Estimate (CSE),"National currency, Millions",2013,-72925.6649
Consumer Support Estimate (CSE),"National currency, Millions",2014,-60593.342
Consumer Support Estimate (CSE),"National currency, Millions",2015,-59465.0869
Consumer Support Estimate (CSE),"National currency, Millions",2016,-67826.6852
Consumer Support Estimate (CSE),"National currency, Millions",2017,-69935.8505
Consumer Support Estimate (CSE),"National currency, Millions",2018,-71548.3977
Consumer Support Estimate (CSE),"National currency, Millions",2019,-70234.1651
Consumer Support Estimate (CSE),"National currency, Millions",2020,-55076.2887
Consumer Support Estimate (CSE),"National currency, Millions",2021,-32888.6036
Consumer Support Estimate (CSE),"National currency, Millions",2022,1434.3645
Consumer Support Estimate (CSE),"National currency, Millions",2023,-32479.9751
Consumer Support Estimate (CSE),"National currency, Millions",2024,-42293.8245
Transfers to producers from consumers,"Euro, Millions",2013,-79082.755
Transfers to producers from consumers,"Euro, Millions",2014,-67909.9222
Transfers to producers from consumers,"Euro, Millions",2015,-79635.8685
Transfers to producers from consumers,"Euro, Millions",2016,-83054.1943
Transfers to producers from consumers,"Euro, Millions",2017,-83258.6345
Transfers to producers from consumers,"Euro, Millions",2018,-77262.2611
Transfers to producers from consumers,"Euro, Millions",2019,-80039.2096
Transfers to producers from consumers,"Euro, Millions",2020,-73574.0566
Transfers to producers from consumers,"Euro, Millions",2021,-64305.0765
Transfers to producers from consumers,"Euro, Millions",2022,-57895.8297
Transfers to producers from consumers,"Euro, Millions",2023,-75511.9264
Transfers to producers from consumers,"Euro, Millions",2024,-81595.847
Transfers to producers from consumers,"US dollar, Millions",2013,-105031.2507
Transfers to producers from consumers,"US dollar, Millions",2014,-90218.4085
Transfers to producers from consumers,"US dollar, Millions",2015,-88357.0641
Transfers to producers from consumers,"US dollar, Millions",2016,-91932.9906
Transfers to producers from consumers,"US dollar, Millions",2017,-94055.6599
Transfers to producers from consumers,"US dollar, Millions",2018,-91243.1798
Transfers to producers from consumers,"US dollar, Millions",2019,-89601.8807
Transfers to producers from consumers,"US dollar, Millions",2020,-84036.0393
Transfers to producers from consumers,"US dollar, Millions",2021,-76056.2187
Transfers to producers from consumers,"US dollar, Millions",2022,-60967.1088
Transfers to producers from consumers,"US dollar, Millions",2023,-81648.638
Transfers to producers from consumers,"US dollar, Millions",2024,-88317.7077
Transfers to producers from consumers,"National currency, Millions",2013,-105031.2507
Transfers to producers from consumers,"National currency, Millions",2014,-90218.4085
Transfers to producers from consumers,"National currency, Millions",2015,-88357.0641
Transfers to producers from consumers,"National currency, Millions",2016,-91932.9906
Transfers to producers from consumers,"National currency, Millions",2017,-94055.6599
Transfers to producers from consumers,"National currency, Millions",2018,-91243.1798
Transfers to producers from consumers,"National currency, Millions",2019,-89601.8807
Transfers to producers from consumers,"National currency, Millions",2020,-84036.0393
Transfers to producers from consumers,"National currency, Millions",2021,-76056.2187
Transfers to producers from consumers,"National currency, Millions",2022,-60967.1088
Transfers to producers from consumers,"National currency, Millions",2023,-81648.638
Transfers to producers from consumers,"National currency, Millions",2024,-88317.7077
Other transfers from consumers,"Euro, Millions",2013,-14346.1187
Other transfers from consumers,"Euro, Millions",2014,-14520.446
Other transfers from consumers,"Euro, Millions",2015,-17973.6975
Other transfers from consumers,"Euro, Millions",2016,-22296.6647
Other transfers from consumers,"Euro, Millions",2017,-21845.6971
Other transfers from consumers,"Euro, Millions",2018,-24012.5982
Other transfers from consumers,"Euro, Millions",2019,-24713.3915
Other transfers from consumers,"Euro, Millions",2020,-22873.1312
Other transfers from consumers,"Euro, Millions",2021,-20429.0073
Other transfers from consumers,"Euro, Millions",2022,-18546.3737
Other transfers from consumers,"Euro, Millions",2023,-21481.3715
Other transfers from consumers,"Euro, Millions",2024,-21007.3214
Other transfers from consumers,"US dollar, Millions",2013,-19053.3421
Other transfers from consumers,"US dollar, Millions",2014,-19290.429
Other transfers from consumers,"US dollar, Millions",2015,-19942.0584
Other transfers from consumers,"US dollar, Millions",2016,-24680.2595
Other transfers from consumers,"US dollar, Millions",2017,-24678.6591
Other transfers from consumers,"US dollar, Millions",2018,-28357.775
Other transfers from consumers,"US dollar, Millions",2019,-27666.0198
Other transfers from consumers,"US dollar, Millions",2020,-26125.6132
Other transfers from consumers,"US dollar, Millions",2021,-24162.2144
Other transfers from consumers,"US dollar, Millions",2022,-19530.2285
Other transfers from consumers,"US dollar, Millions",2023,-23227.122
Other transfers from consumers,"US dollar, Millions",2024,-22737.9032
Other transfers from consumers,"National currency, Millions",2013,-19053.3421
Other transfers from consumers,"National currency, Millions",2014,-19290.429
Other transfers from consumers,"National currency, Millions",2015,-19942.0584
Other transfers from consumers,"National currency, Millions",2016,-24680.2595
Other transfers from consumers,"National currency, Millions",2017,-24678.6591
Other transfers from consumers,"National currency, Millions",2018,-28357.775
Other transfers from consumers,"National currency, Millions",2019,-27666.0198
Other transfers from consumers,"National currency, Millions",2020,-26125.6132
Other transfers from consumers,"National currency, Millions",2021,-24162.2144
Other transfers from consumers,"National currency, Millions",2022,-19530.2285
Other transfers from consumers,"National currency, Millions",2023,-23227.122
Other transfers from consumers,"National currency, Millions",2024,-22737.9032
Transfers to consumers from taxpayers,"Euro, Millions",2013,37665.9074
Transfers to consumers from taxpayers,"Euro, Millions",2014,36198.4765
Transfers to consumers from taxpayers,"Euro, Millions",2015,43125.4504
Transfers to consumers from taxpayers,"Euro, Millions",2016,43037.478
Transfers to consumers from taxpayers,"Euro, Millions",2017,41721.6612
Transfers to consumers from taxpayers,"Euro, Millions",2018,39724.1849
Transfers to consumers from taxpayers,"Euro, Millions",2019,40898.6048
Transfers to consumers from taxpayers,"Euro, Millions",2020,47400.8053
Transfers to consumers from taxpayers,"Euro, Millions",2021,56309.7245
Transfers to consumers from taxpayers,"Euro, Millions",2022,77536.3796
Transfers to consumers from taxpayers,"Euro, Millions",2023,66218.0323
Transfers to consumers from taxpayers,"Euro, Millions",2024,62389.2331
Transfers to consumers from taxpayers,"US dollar, Millions",2013,50024.7793
Transfers to consumers from taxpayers,"US dollar, Millions",2014,48089.7171
Transfers to consumers from taxpayers,"US dollar, Millions",2015,47848.2656
Transfers to consumers from taxpayers,"US dollar, Millions",2016,47638.3413
Transfers to consumers from taxpayers,"US dollar, Millions",2017,47132.1491
Transfers to consumers from taxpayers,"US dollar, Millions",2018,46912.4368
Transfers to consumers from taxpayers,"US dollar, Millions",2019,45784.9587
Transfers to consumers from taxpayers,"US dollar, Millions",2020,54141.04
Transfers to consumers from taxpayers,"US dollar, Millions",2021,66599.792
Transfers to consumers from taxpayers,"US dollar, Millions",2022,81649.5577
Transfers to consumers from taxpayers,"US dollar, Millions",2023,71599.4467
Transfers to consumers from taxpayers,"US dollar, Millions",2024,67528.8542
Transfers to consumers from taxpayers,"National currency, Millions",2013,50024.7793
Transfers to consumers from taxpayers,"National currency, Millions",2014,48089.7171
Transfers to consumers from taxpayers,"National currency, Millions",2015,47848.2656
Transfers to consumers from taxpayers,"National currency, Millions",2016,47638.3413
Transfers to consumers from taxpayers,"National currency, Millions",2017,47132.1491
Transfers to consumers from taxpayers,"National currency, Millions",2018,46912.4368
Transfers to consumers from taxpayers,"National currency, Millions",2019,45784.9587
Transfers to consumers from taxpayers,"National currency, Millions",2020,54141.04
Transfers to consumers from taxpayers,"National currency, Millions",2021,66599.792
Transfers to consumers from taxpayers,"National currency, Millions",2022,81649.5577
Transfers to consumers from taxpayers,"National currency, Millions",2023,71599.4467
Transfers to consumers from taxpayers,"National currency, Millions",2024,67528.8542
Excess feed cost,"Euro, Millions",2013,853.9516
Excess feed cost,"Euro, Millions",2014,621.5865
Excess feed cost,"Euro, Millions",2015,888.4705
Excess feed cost,"Euro, Millions",2016,1037.3294
Excess feed cost,"Euro, Millions",2017,1475.0359
Excess feed cost,"Euro, Millions",2018,965.423
Excess feed cost,"Euro, Millions",2019,1115.5023
Excess feed cost,"Euro, Millions",2020,826.7612
Excess feed cost,"Euro, Millions",2021,617.2423
Excess feed cost,"Euro, Millions",2022,267.9308
Excess feed cost,"Euro, Millions",2023,736.4854
Excess feed cost,"Euro, Millions",2024,1139.0938
Excess feed cost,"US dollar, Millions",2013,1134.1487
Excess feed cost,"US dollar, Millions",2014,825.7784
Excess feed cost,"US dollar, Millions",2015,985.77
Excess feed cost,"US dollar, Millions",2016,1148.2237
Excess feed cost,"US dollar, Millions",2017,1666.3193
Excess feed cost,"US dollar, Millions",2018,1140.1202
Excess feed cost,"US dollar, Millions",2019,1248.7768
Excess feed cost,"US dollar, Millions",2020,944.3239
Excess feed cost,"US dollar, Millions",2021,730.0375
Excess feed cost,"US dollar, Millions",2022,282.1441
Excess feed cost,"US dollar, Millions",2023,796.3381
Excess feed cost,"US dollar, Millions",2024,1232.9322
Excess feed cost,"National currency, Millions",2013,1134.1487
Excess feed cost,"National currency, Millions",2014,825.7784
Excess feed cost,"National currency, Millions",2015,985.77
Excess feed cost,"National currency, Millions",2016,1148.2237
Excess feed cost,"National currency, Millions",2017,1666.3193
Excess feed cost,"National currency, Millions",2018,1140.1202
Excess feed cost,"National currency, Millions",2019,1248.7768
Excess feed cost,"National currency, Millions",2020,944.3239
Excess feed cost,"National currency, Millions",2021,730.0375
Excess feed cost,"National currency, Millions",2022,282.1441
Excess feed cost,"National currency, Millions",2023,796.3381
Excess feed cost,"National currency, Millions",2024,1232.9322
Total Support Estimate (TSE),"Euro, Millions",2013,263972.2762
Total Support Estimate (TSE),"Euro, Millions",2014,245127.9463
Total Support Estimate (TSE),"Euro, Millions",2015,273977.0145
Total Support Estimate (TSE),"Euro, Millions",2016,276619.9595
Total Support Estimate (TSE),"Euro, Millions",2017,272174.3695
Total Support Estimate (TSE),"Euro, Millions",2018,274485.0804
Total Support Estimate (TSE),"Euro, Millions",2019,286180.1613
Total Support Estimate (TSE),"Euro, Millions",2020,294008.1565
Total Support Estimate (TSE),"Euro, Millions",2021,300853.3133
Total Support Estimate (TSE),"Euro, Millions",2022,318747.477
Total Support Estimate (TSE),"Euro, Millions",2023,322876.5936
Total Support Estimate (TSE),"Euro, Millions",2024,331081.9272
Total Support Estimate (TSE),"US dollar, Millions",2013,350586.399
Total Support Estimate (TSE),"US dollar, Millions",2014,325652.7541
Total Support Estimate (TSE),"US dollar, Millions",2015,303981.1721
Total Support Estimate (TSE),"US dollar, Millions",2016,306191.6421
Total Support Estimate (TSE),"US dollar, Millions",2017,307470.0912
Total Support Estimate (TSE),"US dollar, Millions",2018,324154.2661
Total Support Estimate (TSE),"US dollar, Millions",2019,320371.488
Total Support Estimate (TSE),"US dollar, Millions",2020,335815.1247
Total Support Estimate (TSE),"US dollar, Millions",2021,355831.3996
Total Support Estimate (TSE),"US dollar, Millions",2022,335656.5093
Total Support Estimate (TSE),"US dollar, Millions",2023,349116.1645
Total Support Estimate (TSE),"US dollar, Millions",2024,358356.4355
Total Support Estimate (TSE),"National currency, Millions",2013,350586.399
Total Support Estimate (TSE),"National currency, Millions",2014,325652.7541
Total Support Estimate (TSE),"National currency, Millions",2015,303981.1721
Total Support Estimate (TSE),"National currency, Millions",2016,306191.6421
Total Support Estimate (TSE),"National currency, Millions",2017,307470.0912
Total Support Estimate (TSE),"National currency, Millions",2018,324154.2661
Total Support Estimate (TSE),"National currency, Millions",2019,320371.488
Total Support Estimate (TSE),"National currency, Millions",2020,335815.1247
Total Support Estimate (TSE),"National currency, Millions",2021,355831.3996
Total Support Estimate (TSE),"National currency, Millions",2022,335656.5093
Total Support Estimate (TSE),"National currency, Millions",2023,349116.1645
Total Support Estimate (TSE),"National currency, Millions",2024,358356.4355
Transfers from consumers,"Euro, Millions",2013,93428.8737
Transfers from consumers,"Euro, Millions",2014,82430.3682
Transfers from consumers,"Euro, Millions",2015,97609.566
Transfers from consumers,"Euro, Millions",2016,105350.8591
Transfers from consumers,"Euro, Millions",2017,105104.3316
Transfers from consumers,"Euro, Millions",2018,101274.8593
Transfers from consumers,"Euro, Millions",2019,104752.6011
Transfers from consumers,"Euro, Millions",2020,96447.1878
Transfers from consumers,"Euro, Millions",2021,84734.0839
Transfers from consumers,"Euro, Millions",2022,76442.2034
Transfers from consumers,"Euro, Millions",2023,96993.2979
Transfers from consumers,"Euro, Millions",2024,102603.1684
Transfers from consumers,"US dollar, Millions",2013,124084.5928
Transfers from consumers,"US dollar, Millions",2014,109508.8375
Transfers from consumers,"US dollar, Millions",2015,108299.1226
Transfers from consumers,"US dollar, Millions",2016,116613.2502
Transfers from consumers,"US dollar, Millions",2017,118734.319
Transfers from consumers,"US dollar, Millions",2018,119600.9548
Transfers from consumers,"US dollar, Millions",2019,117267.9005
Transfers from consumers,"US dollar, Millions",2020,110161.6525
Transfers from consumers,"US dollar, Millions",2021,100218.4331
Transfers from consumers,"US dollar, Millions",2022,80497.3373
Transfers from consumers,"US dollar, Millions",2023,104875.76
Transfers from consumers,"US dollar, Millions",2024,111055.6109
Transfers from consumers,"National currency, Millions",2013,124084.5928
Transfers from consumers,"National currency, Millions",2014,109508.8375
Transfers from consumers,"National currency, Millions",2015,108299.1226
Transfers from consumers,"National currency, Millions",2016,116613.2502
Transfers from consumers,"National currency, Millions",2017,118734.319
Transfers from consumers,"National currency, Millions",2018,119600.9548
Transfers from consumers,"National currency, Millions",2019,117267.9005
Transfers from consumers,"National currency, Millions",2020,110161.6525
Transfers from consumers,"National currency, Millions",2021,100218.4331
Transfers from consumers,"National currency, Millions",2022,80497.3373
Transfers from consumers,"National currency, Millions",2023,104875.76
Transfers from consumers,"National currency, Millions",2024,111055.6109
Transfers from taxpayers,"Euro, Millions",2013,184889.5212
Transfers from taxpayers,"Euro, Millions",2014,177218.0241
Transfers from taxpayers,"Euro, Millions",2015,194341.146
Transfers from taxpayers,"Euro, Millions",2016,193565.7652
Transfers from taxpayers,"Euro, Millions",2017,188915.7351
Transfers from taxpayers,"Euro, Millions",2018,197222.8193
Transfers from taxpayers,"Euro, Millions",2019,206140.9517
Transfers from taxpayers,"Euro, Millions",2020,220434.0999
Transfers from taxpayers,"Euro, Millions",2021,236548.2368
Transfers from taxpayers,"Euro, Millions",2022,260851.6473
Transfers from taxpayers,"Euro, Millions",2023,247364.6672
Transfers from taxpayers,"Euro, Millions",2024,249486.0802
Transfers from taxpayers,"US dollar, Millions",2013,245555.1483
Transfers from taxpayers,"US dollar, Millions",2014,235434.3456
Transfers from taxpayers,"US dollar, Millions",2015,215624.108
Transfers from taxpayers,"US dollar, Millions",2016,214258.6515
Transfers from taxpayers,"US dollar, Millions",2017,213414.4313
Transfers from taxpayers,"US dollar, Millions",2018,232911.0864
Transfers from taxpayers,"US dollar, Millions",2019,230769.6072
Transfers from taxpayers,"US dollar, Millions",2020,251779.0854
Transfers from taxpayers,"US dollar, Millions",2021,279775.1809
Transfers from taxpayers,"US dollar, Millions",2022,274689.4006
Transfers from taxpayers,"US dollar, Millions",2023,267467.5265
Transfers from taxpayers,"US dollar, Millions",2024,270038.7278
Transfers from taxpayers,"National currency, Millions",2013,245555.1483
Transfers from taxpayers,"National currency, Millions",2014,235434.3456
Transfers from taxpayers,"National currency, Millions",2015,215624.108
Transfers from taxpayers,"National currency, Millions",2016,214258.6515
Transfers from taxpayers,"National currency, Millions",2017,213414.4313
Transfers from taxpayers,"National currency, Millions",2018,232911.0864
Transfers from taxpayers,"National currency, Millions",2019,230769.6072
Transfers from taxpayers,"National currency, Millions",2020,251779.0854
Transfers from taxpayers,"National currency, Millions",2021,279775.1809
Transfers from taxpayers,"National currency, Millions",2022,274689.4006
Transfers from taxpayers,"National currency, Millions",2023,267467.5265
Transfers from taxpayers,"National currency, Millions",2024,270038.7278
Budget revenues,"Euro, Millions",2013,-14346.1187
Budget revenues,"Euro, Millions",2014,-14520.446
Budget revenues,"Euro, Millions",2015,-17973.6975
Budget revenues,"Euro, Millions",2016,-22296.6647
Budget revenues,"Euro, Millions",2017,-21845.6971
Budget revenues,"Euro, Millions",2018,-24012.5982
Budget revenues,"Euro, Millions",2019,-24713.3915
Budget revenues,"Euro, Millions",2020,-22873.1312
Budget revenues,"Euro, Millions",2021,-20429.0073
Budget revenues,"Euro, Millions",2022,-18546.3737
Budget revenues,"Euro, Millions",2023,-21481.3715
Budget revenues,"Euro, Millions",2024,-21007.3214
Budget revenues,"US dollar, Millions",2013,-19053.3421
Budget revenues,"US dollar, Millions",2014,-19290.429
Budget revenues,"US dollar, Millions",2015,-19942.0584
Budget revenues,"US dollar, Millions",2016,-24680.2595
Budget revenues,"US dollar, Millions",2017,-24678.6591
Budget revenues,"US dollar, Millions",2018,-28357.775
Budget revenues,"US dollar, Millions",2019,-27666.0198
Budget revenues,"US dollar, Millions",2020,-26125.6132
Budget revenues,"US dollar, Millions",2021,-24162.2144
Budget revenues,"US dollar, Millions",2022,-19530.2285
Budget revenues,"US dollar, Millions",2023,-23227.122
Budget revenues,"US dollar, Millions",2024,-22737.9032
Budget revenues,"National currency, Millions",2013,-19053.3421
Budget revenues,"National currency, Millions",2014,-19290.429
Budget revenues,"National currency, Millions",2015,-19942.0584
Budget revenues,"National currency, Millions",2016,-24680.2595
Budget revenues,"National currency, Millions",2017,-24678.6591
Budget revenues,"National currency, Millions",2018,-28357.775
Budget revenues,"National currency, Millions",2019,-27666.0198
Budget revenues,"National currency, Millions",2020,-26125.6132
Budget revenues,"National currency, Millions",2021,-24162.2144
Budget revenues,"National currency, Millions",2022,-19530.2285
Budget revenues,"National currency, Millions",2023,-23227.122
Budget revenues,"National currency, Millions",2024,-22737.9032
Total Budgetary Support Estimate (TBSE),"Euro, Millions",2013,183527.877
Total Budgetary Support Estimate (TBSE),"Euro, Millions",2014,174590.2498
Total Budgetary Support Estimate (TBSE),"Euro, Millions",2015,191293.1565
Total Budgetary Support Estimate (TBSE),"Euro, Millions",2016,191029.6182
Total Budgetary Support Estimate (TBSE),"Euro, Millions",2017,186571.5876
Total Budgetary Support Estimate (TBSE),"Euro, Millions",2018,194188.731
Total Budgetary Support Estimate (TBSE),"Euro, Millions",2019,203588.6298
Total Budgetary Support Estimate (TBSE),"Euro, Millions",2020,217225.7796
Total Budgetary Support Estimate (TBSE),"Euro, Millions",2021,232961.5639
Total Budgetary Support Estimate (TBSE),"Euro, Millions",2022,259134.1331
Total Budgetary Support Estimate (TBSE),"Euro, Millions",2023,244661.6126
Total Budgetary Support Estimate (TBSE),"Euro, Millions",2024,245132.2305
Total Budgetary Support Estimate (TBSE),"US dollar, Millions",2013,243746.7239
Total Budgetary Support Estimate (TBSE),"US dollar, Millions",2014,231943.3445
Total Budgetary Support Estimate (TBSE),"US dollar, Millions",2015,212242.3227
Total Budgetary Support Estimate (TBSE),"US dollar, Millions",2016,211451.3811
Total Budgetary Support Estimate (TBSE),"US dollar, Millions",2017,210766.2935
Total Budgetary Support Estimate (TBSE),"US dollar, Millions",2018,229327.9675
Total Budgetary Support Estimate (TBSE),"US dollar, Millions",2019,227912.3471
Total Budgetary Support Estimate (TBSE),"US dollar, Millions",2020,248114.5527
Total Budgetary Support Estimate (TBSE),"US dollar, Millions",2021,275533.0776
Total Budgetary Support Estimate (TBSE),"US dollar, Millions",2022,272880.7751
Total Budgetary Support Estimate (TBSE),"US dollar, Millions",2023,264544.7998
Total Budgetary Support Estimate (TBSE),"US dollar, Millions",2024,265326.2083
Total Budgetary Support Estimate (TBSE),"National currency, Millions",2013,243746.7239
Total Budgetary Support Estimate (TBSE),"National currency, Millions",2014,231943.3445
Total Budgetary Support Estimate (TBSE),"National currency, Millions",2015,212242.3227
Total Budgetary Support Estimate (TBSE),"National currency, Millions",2016,211451.3811
Total Budgetary Support Estimate (TBSE),"National currency, Millions",2017,210766.2935
Total Budgetary Support Estimate (TBSE),"National currency, Millions",2018,229327.9675
Total Budgetary Support Estimate (TBSE),"National currency, Millions",2019,227912.3471
Total Budgetary Support Estimate (TBSE),"National currency, Millions",2020,248114.5527
Total Budgetary Support Estimate (TBSE),"National currency, Millions",2021,275533.0776
Total Budgetary Support Estimate (TBSE),"National currency, Millions",2022,272880.7751
Total Budgetary Support Estimate (TBSE),"National currency, Millions",2023,264544.7998
Total Budgetary Support Estimate (TBSE),"National currency, Millions",2024,265326.2083
"Value of production, at farm gate","Euro, Millions",2013,1002269.4756
"Value of production, at farm gate","Euro, Millions",2014,996775.3683
"Value of production, at farm gate","Euro, Millions",2015,1053724.0234
"Value of production, at farm gate","Euro, Millions",2016,1037064.4503
"Value of production, at farm gate","Euro, Millions",2017,1065459.1113
"Value of production, at farm gate","Euro, Millions",2018,1038343.8428
"Value of production, at farm gate","Euro, Millions",2019,1072727.9533
"Value of production, at farm gate","Euro, Millions",2020,1081837.2371
"Value of production, at farm gate","Euro, Millions",2021,1203712.4948
"Value of production, at farm gate","Euro, Millions",2022,1463701.2711
"Value of production, at farm gate","Euro, Millions",2023,1400494.5016
"Value of production, at farm gate","Euro, Millions",2024,1413684.019
"Value of production, at farm gate","US dollar, Millions",2013,1331132.3876
"Value of production, at farm gate","US dollar, Millions",2014,1324217.2051
"Value of production, at farm gate","US dollar, Millions",2015,1169120.9363
"Value of production, at farm gate","US dollar, Millions",2016,1147930.4226
"Value of production, at farm gate","US dollar, Millions",2017,1203628.4337
"Value of production, at farm gate","US dollar, Millions",2018,1226236.3618
"Value of production, at farm gate","US dollar, Millions",2019,1200891.9452
"Value of production, at farm gate","US dollar, Millions",2020,1235670.843
"Value of production, at farm gate","US dollar, Millions",2021,1423679.5232
"Value of production, at farm gate","US dollar, Millions",2022,1541348.2295
"Value of production, at farm gate","US dollar, Millions",2023,1514310.0445
"Value of production, at farm gate","US dollar, Millions",2024,1530143.2194
"Value of production, at farm gate","National currency, Millions",2013,1331132.3876
"Value of production, at farm gate","National currency, Millions",2014,1324217.2051
"Value of production, at farm gate","National currency, Millions",2015,1169120.9363
"Value of production, at farm gate","National currency, Millions",2016,1147930.4226
"Value of production, at farm gate","National currency, Millions",2017,1203628.4337
"Value of production, at farm gate","National currency, Millions",2018,1226236.3618
"Value of production, at farm gate","National currency, Millions",2019,1200891.9452
"Value of production, at farm gate","National currency, Millions",2020,1235670.843
"Value of production, at farm gate","National currency, Millions",2021,1423679.5232
"Value of production, at farm gate","National currency, Millions",2022,1541348.2295
"Value of production, at farm gate","National currency, Millions",2023,1514310.0445
"Value of production, at farm gate","National currency, Millions",2024,1530143.2194
Share of MPS commodities in total value of production at the farm gate,Percentage of value of production,2013,75.3784
Share of MPS commodities in total value of production at the farm gate,Percentage of value of production,2014,74.7134
Share of MPS commodities in total value of production at the farm gate,Percentage of value of production,2015,72.5613
Share of MPS commodities in total value of production at the farm gate,Percentage of value of production,2016,72.1046
Share of MPS commodities in total value of production at the farm gate,Percentage of value of production,2017,72.4034
Share of MPS commodities in total value of production at the farm gate,Percentage of value of production,2018,72.103
Share of MPS commodities in total value of production at the farm gate,Percentage of value of production,2019,72.1471
Share of MPS commodities in total value of production at the farm gate,Percentage of value of production,2020,72.3067
Share of MPS commodities in total value of production at the farm gate,Percentage of value of production,2021,74.4521
Share of MPS commodities in total value of production at the farm gate,Percentage of value of production,2022,76.6777
Share of MPS commodities in total value of production at the farm gate,Percentage of value of production,2023,73.6754
Share of MPS commodities in total value of production at the farm gate,Percentage of value of production,2024,70.9311
"Value of consumption, at farm gate","Euro, Millions",2013,899813.4393
"Value of consumption, at farm gate","Euro, Millions",2014,886222.693
"Value of consumption, at farm gate","Euro, Millions",2015,953431.2942
"Value of consumption, at farm gate","Euro, Millions",2016,939412.9042
"Value of consumption, at farm gate","Euro, Millions",2017,958690.5473
"Value of consumption, at farm gate","Euro, Millions",2018,957525.9458
"Value of consumption, at farm gate","Euro, Millions",2019,998749.2991
"Value of consumption, at farm gate","Euro, Millions",2020,990414.5276
"Value of consumption, at farm gate","Euro, Millions",2021,1046203.9729
"Value of consumption, at farm gate","Euro, Millions",2022,1313939.2347
"Value of consumption, at farm gate","Euro, Millions",2023,1304083.6187
"Value of consumption, at farm gate","Euro, Millions",2024,1253784.2001
"Value of consumption, at farm gate","US dollar, Millions",2013,1195058.6554
"Value of consumption, at farm gate","US dollar, Millions",2014,1177347.8507
"Value of consumption, at farm gate","US dollar, Millions",2015,1057844.8081
"Value of consumption, at farm gate","US dollar, Millions",2016,1039839.5701
"Value of consumption, at farm gate","US dollar, Millions",2017,1083014.0637
"Value of consumption, at farm gate","US dollar, Millions",2018,1130794.1394
"Value of consumption, at farm gate","US dollar, Millions",2019,1118074.7038
"Value of consumption, at farm gate","US dollar, Millions",2020,1131248.1326
"Value of consumption, at farm gate","US dollar, Millions",2021,1237387.8146
"Value of consumption, at farm gate","US dollar, Millions",2022,1383641.5621
"Value of consumption, at farm gate","US dollar, Millions",2023,1410064.0312
"Value of consumption, at farm gate","US dollar, Millions",2024,1357070.8635
"Value of consumption, at farm gate","National currency, Millions",2013,1195058.6554
"Value of consumption, at farm gate","National currency, Millions",2014,1177347.8507
"Value of consumption, at farm gate","National currency, Millions",2015,1057844.8081
"Value of consumption, at farm gate","National currency, Millions",2016,1039839.5701
"Value of consumption, at farm gate","National currency, Millions",2017,1083014.0637
"Value of consumption, at farm gate","National currency, Millions",2018,1130794.1394
"Value of consumption, at farm gate","National currency, Millions",2019,1118074.7038
"Value of consumption, at farm gate","National currency, Millions",2020,1131248.1326
"Value of consumption, at farm gate","National currency, Millions",2021,1237387.8146
"Value of consumption, at farm gate","National currency, Millions",2022,1383641.5621
"Value of consumption, at farm gate","National currency, Millions",2023,1410064.0312
"Value of consumption, at farm gate","National currency, Millions",2024,1357070.8635
Gross Farm Receipts (GFR),"Euro, Millions",2013,1109965.584
Gross Farm Receipts (GFR),"Euro, Millions",2014,1101407.4637
Gross Farm Receipts (GFR),"Euro, Millions",2015,1164157.989
Gross Farm Receipts (GFR),"Euro, Millions",2016,1146295.2739
Gross Farm Receipts (GFR),"Euro, Millions",2017,1170595.4873
Gross Farm Receipts (GFR),"Euro, Millions",2018,1154294.8927
Gross Farm Receipts (GFR),"Euro, Millions",2019,1194998.1063
Gross Farm Receipts (GFR),"Euro, Millions",2020,1209151.1345
Gross Farm Receipts (GFR),"Euro, Millions",2021,1337771.4039
Gross Farm Receipts (GFR),"Euro, Millions",2022,1597272.3548
Gross Farm Receipts (GFR),"Euro, Millions",2023,1529183.9749
Gross Farm Receipts (GFR),"Euro, Millions",2024,1543957.897
Gross Farm Receipts (GFR),"US dollar, Millions",2013,1474165.5552
Gross Farm Receipts (GFR),"US dollar, Millions",2014,1463221.0622
Gross Farm Receipts (GFR),"US dollar, Millions",2015,1291648.9022
Gross Farm Receipts (GFR),"US dollar, Millions",2016,1268838.4196
Gross Farm Receipts (GFR),"US dollar, Millions",2017,1322398.9527
Gross Farm Receipts (GFR),"US dollar, Millions",2018,1363169.2233
Gross Farm Receipts (GFR),"US dollar, Millions",2019,1337770.3043
Gross Farm Receipts (GFR),"US dollar, Millions",2020,1381088.3472
Gross Farm Receipts (GFR),"US dollar, Millions",2021,1582236.425
Gross Farm Receipts (GFR),"US dollar, Millions",2022,1682005.0407
Gross Farm Receipts (GFR),"US dollar, Millions",2023,1653457.8683
Gross Farm Receipts (GFR),"US dollar, Millions",2024,1671149.0513
Gross Farm Receipts (GFR),"National currency, Millions",2013,1474165.5552
Gross Farm Receipts (GFR),"National currency, Millions",2014,1463221.0622
Gross Farm Receipts (GFR),"National currency, Millions",2015,1291648.9022
Gross Farm Receipts (GFR),"National currency, Millions",2016,1268838.4196
Gross Farm Receipts (GFR),"National currency, Millions",2017,1322398.9527
Gross Farm Receipts (GFR),"National currency, Millions",2018,1363169.2233
Gross Farm Receipts (GFR),"National currency, Millions",2019,1337770.3043
Gross Farm Receipts (GFR),"National currency, Millions",2020,1381088.3472
Gross Farm Receipts (GFR),"National currency, Millions",2021,1582236.425
Gross Farm Receipts (GFR),"National currency, Millions",2022,1682005.0407
Gross Farm Receipts (GFR),"National currency, Millions",2023,1653457.8683
Gross Farm Receipts (GFR),"National currency, Millions",2024,1671149.0513
Producer Nominal Assistance Coefficient (producer NAC),Factor,2013,1.2041
Producer Nominal Assistance Coefficient (producer NAC),Factor,2014,1.1891
Producer Nominal Assistance Coefficient (producer NAC),Factor,2015,1.1989
Producer Nominal Assistance Coefficient (producer NAC),Factor,2016,1.2048
Producer Nominal Assistance Coefficient (producer NAC),Factor,2017,1.1947
Producer Nominal Assistance Coefficient (producer NAC),Factor,2018,1.2048
Producer Nominal Assistance Coefficient (producer NAC),Factor,2019,1.2069
Producer Nominal Assistance Coefficient (producer NAC),Factor,2020,1.2031
Producer Nominal Assistance Coefficient (producer NAC),Factor,2021,1.1778
Producer Nominal Assistance Coefficient (producer NAC),Factor,2022,1.1376
Producer Nominal Assistance Coefficient (producer NAC),Factor,2023,1.1565
Producer Nominal Assistance Coefficient (producer NAC),Factor,2024,1.1629
Producer Nominal Protection Coefficient (producer NPC),Factor,2013,1.0925
Producer Nominal Protection Coefficient (producer NPC),Factor,2014,1.0795
Producer Nominal Protection Coefficient (producer NPC),Factor,2015,1.0885
Producer Nominal Protection Coefficient (producer NPC),Factor,2016,1.0934
Producer Nominal Protection Coefficient (producer NPC),Factor,2017,1.0915
Producer Nominal Protection Coefficient (producer NPC),Factor,2018,1.0945
Producer Nominal Protection Coefficient (producer NPC),Factor,2019,1.0874
Producer Nominal Protection Coefficient (producer NPC),Factor,2020,1.0864
Producer Nominal Protection Coefficient (producer NPC),Factor,2021,1.0628
Producer Nominal Protection Coefficient (producer NPC),Factor,2022,1.045
Producer Nominal Protection Coefficient (producer NPC),Factor,2023,1.0615
Producer Nominal Protection Coefficient (producer NPC),Factor,2024,1.0664
"Producer Support Estimate, relative to GFR (Percentage PSE)",Percentage of gross farm receipts,2013,16.9501
"Producer Support Estimate, relative to GFR (Percentage PSE)",Percentage of gross farm receipts,2014,15.9042
"Producer Support Estimate, relative to GFR (Percentage PSE)",Percentage of gross farm receipts,2015,16.5886
"Producer Support Estimate, relative to GFR (Percentage PSE)",Percentage of gross farm receipts,2016,16.9957
"Producer Support Estimate, relative to GFR (Percentage PSE)",Percentage of gross farm receipts,2017,16.2942
"Producer Support Estimate, relative to GFR (Percentage PSE)",Percentage of gross farm receipts,2018,17.0015
"Producer Support Estimate, relative to GFR (Percentage PSE)",Percentage of gross farm receipts,2019,17.1433
"Producer Support Estimate, relative to GFR (Percentage PSE)",Percentage of gross farm receipts,2020,16.8793
"Producer Support Estimate, relative to GFR (Percentage PSE)",Percentage of gross farm receipts,2021,15.0961
"Producer Support Estimate, relative to GFR (Percentage PSE)",Percentage of gross farm receipts,2022,12.0946
"Producer Support Estimate, relative to GFR (Percentage PSE)",Percentage of gross farm receipts,2023,13.5304
"Producer Support Estimate, relative to GFR (Percentage PSE)",Percentage of gross farm receipts,2024,14.0045
"Support based on commodity output, relative to GFR",Percentage of gross farm receipts,2013,7.6292
"Support based on commodity output, relative to GFR",Percentage of gross farm receipts,2014,6.7494
"Support based on commodity output, relative to GFR",Percentage of gross farm receipts,2015,7.4132
"Support based on commodity output, relative to GFR",Percentage of gross farm receipts,2016,7.7601
"Support based on commodity output, relative to GFR",Percentage of gross farm receipts,2017,7.5911
"Support based on commodity output, relative to GFR",Percentage of gross farm receipts,2018,7.8566
"Support based on commodity output, relative to GFR",Percentage of gross farm receipts,2019,7.2123
"Support based on commodity output, relative to GFR",Percentage of gross farm receipts,2020,7.1444
"Support based on commodity output, relative to GFR",Percentage of gross farm receipts,2021,5.4096
"Support based on commodity output, relative to GFR",Percentage of gross farm receipts,2022,3.9444
"Support based on commodity output, relative to GFR",Percentage of gross farm receipts,2023,5.3043
"Support based on commodity output, relative to GFR",Percentage of gross farm receipts,2024,5.8145
"Payments based on input use, relative to GFR",Percentage of gross farm receipts,2013,2.2365
"Payments based on input use, relative to GFR",Percentage of gross farm receipts,2014,2.1942
"Payments based on input use, relative to GFR",Percentage of gross farm receipts,2015,2.2509
"Payments based on input use, relative to GFR",Percentage of gross farm receipts,2016,2.0867
"Payments based on input use, relative to GFR",Percentage of gross farm receipts,2017,2.0283
"Payments based on input use, relative to GFR",Percentage of gross farm receipts,2018,2.1669
"Payments based on input use, relative to GFR",Percentage of gross farm receipts,2019,2.1351
"Payments based on input use, relative to GFR",Percentage of gross farm receipts,2020,2.4984
"Payments based on input use, relative to GFR",Percentage of gross farm receipts,2021,1.8788
"Payments based on input use, relative to GFR",Percentage of gross farm receipts,2022,1.9784
"Payments based on input use, relative to GFR",Percentage of gross farm receipts,2023,2.2535
"Payments based on input use, relative to GFR",Percentage of gross farm receipts,2024,2.2303
"Payments based on current area planted / animal numbers / receipts / income, production required, relative to GFR",Percentage of gross farm receipts,2013,2.4828
"Payments based on current area planted / animal numbers / receipts / income, production required, relative to GFR",Percentage of gross farm receipts,2014,2.159
"Payments based on current area planted / animal numbers / receipts / income, production required, relative to GFR",Percentage of gross farm receipts,2015,2.4915
"Payments based on current area planted / animal numbers / receipts / income, production required, relative to GFR",Percentage of gross farm receipts,2016,2.6526
"Payments based on current area planted / animal numbers / receipts / income, production required, relative to GFR",Percentage of gross farm receipts,2017,2.6873
"Payments based on current area planted / animal numbers / receipts / income, production required, relative to GFR",Percentage of gross farm receipts,2018,2.7221
"Payments based on current area planted / animal numbers / receipts / income, production required, relative to GFR",Percentage of gross farm receipts,2019,3.7971
"Payments based on current area planted / animal numbers / receipts / income, production required, relative to GFR",Percentage of gross farm receipts,2020,3.2864
"Payments based on current area planted / animal numbers / receipts / income, production required, relative to GFR",Percentage of gross farm receipts,2021,3.7989
"Payments based on current area planted / animal numbers / receipts / income, production required, relative to GFR",Percentage of gross farm receipts,2022,3.0949
"Payments based on current area planted / animal numbers / receipts / income, production required, relative to GFR",Percentage of gross farm receipts,2023,3.2669
"Payments based on current area planted / animal numbers / receipts / income, production required, relative to GFR",Percentage of gross farm receipts,2024,3.1425
"Payments not requiring commodity production, relative to GFR",Percentage of gross farm receipts,2013,4.4378
"Payments not requiring commodity production, relative to GFR",Percentage of gross farm receipts,2014,4.5642
"Payments not requiring commodity production, relative to GFR",Percentage of gross farm receipts,2015,4.1673
"Payments not requiring commodity production, relative to GFR",Percentage of gross farm receipts,2016,4.2244
"Payments not requiring commodity production, relative to GFR",Percentage of gross farm receipts,2017,3.7854
"Payments not requiring commodity production, relative to GFR",Percentage of gross farm receipts,2018,4.0408
"Payments not requiring commodity production, relative to GFR",Percentage of gross farm receipts,2019,3.7665
"Payments not requiring commodity production, relative to GFR",Percentage of gross farm receipts,2020,3.767
"Payments not requiring commodity production, relative to GFR",Percentage of gross farm receipts,2021,3.6672
"Payments not requiring commodity production, relative to GFR",Percentage of gross farm receipts,2022,2.9059
"Payments not requiring commodity production, relative to GFR",Percentage of gross farm receipts,2023,2.5334
"Payments not requiring commodity production, relative to GFR",Percentage of gross farm receipts,2024,2.6412
"Other payments, relative to GFR",Percentage of gross farm receipts,2013,0.1638
"Other payments, relative to GFR",Percentage of gross farm receipts,2014,0.2374
"Other payments, relative to GFR",Percentage of gross farm receipts,2015,0.2657
"Other payments, relative to GFR",Percentage of gross farm receipts,2016,0.2719
"Other payments, relative to GFR",Percentage of gross farm receipts,2017,0.202
"Other payments, relative to GFR",Percentage of gross farm receipts,2018,0.2151
"Other payments, relative to GFR",Percentage of gross farm receipts,2019,0.2323
"Other payments, relative to GFR",Percentage of gross farm receipts,2020,0.1831
"Other payments, relative to GFR",Percentage of gross farm receipts,2021,0.3415
"Other payments, relative to GFR",Percentage of gross farm receipts,2022,0.1711
"Other payments, relative to GFR",Percentage of gross farm receipts,2023,0.1723
"Other payments, relative to GFR",Percentage of gross farm receipts,2024,0.176
"Potentially most distorting transfers, relative to aggregated gross producer transfers",Factor,2013,49.1145
"Potentially most distorting transfers, relative to aggregated gross producer transfers",Factor,2014,47.2303
"Potentially most distorting transfers, relative to aggregated gross producer transfers",Factor,2015,49.2661
"Potentially most distorting transfers, relative to aggregated gross producer transfers",Factor,2016,49.6856
"Potentially most distorting transfers, relative to aggregated gross producer transfers",Factor,2017,50.9593
"Potentially most distorting transfers, relative to aggregated gross producer transfers",Factor,2018,50.4465
"Potentially most distorting transfers, relative to aggregated gross producer transfers",Factor,2019,46.1359
"Potentially most distorting transfers, relative to aggregated gross producer transfers",Factor,2020,48.3532
"Potentially most distorting transfers, relative to aggregated gross producer transfers",Factor,2021,39.9741
"Potentially most distorting transfers, relative to aggregated gross producer transfers",Factor,2022,37.7679
"Potentially most distorting transfers, relative to aggregated gross producer transfers",Factor,2023,44.3217
"Potentially most distorting transfers, relative to aggregated gross producer transfers",Factor,2024,46.7477
Producer Single Commodity Transfers (producer SCT),"Euro, Millions",2013,96816.2372
Producer Single Commodity Transfers (producer SCT),"Euro, Millions",2014,84235.6238
Producer Single Commodity Transfers (producer SCT),"Euro, Millions",2015,98681.9423
Producer Single Commodity Transfers (producer SCT),"Euro, Millions",2016,102335.2825
Producer Single Commodity Transfers (producer SCT),"Euro, Millions",2017,102059.4442
Producer Single Commodity Transfers (producer SCT),"Euro, Millions",2018,102907.9994
Producer Single Commodity Transfers (producer SCT),"Euro, Millions",2019,99478.8042
Producer Single Commodity Transfers (producer SCT),"Euro, Millions",2020,103411.4801
Producer Single Commodity Transfers (producer SCT),"Euro, Millions",2021,100370.3194
Producer Single Commodity Transfers (producer SCT),"Euro, Millions",2022,82558.9892
Producer Single Commodity Transfers (producer SCT),"Euro, Millions",2023,101194.3521
Producer Single Commodity Transfers (producer SCT),"Euro, Millions",2024,106846.3905
Producer Single Commodity Transfers (producer SCT),"US dollar, Millions",2013,128583.412
Producer Single Commodity Transfers (producer SCT),"US dollar, Millions",2014,111907.1216
Producer Single Commodity Transfers (producer SCT),"US dollar, Millions",2015,109488.9384
Producer Single Commodity Transfers (producer SCT),"US dollar, Millions",2016,113275.2974
Producer Single Commodity Transfers (producer SCT),"US dollar, Millions",2017,115294.5689
Producer Single Commodity Transfers (producer SCT),"US dollar, Millions",2018,121529.6182
Producer Single Commodity Transfers (producer SCT),"US dollar, Millions",2019,111364.0176
Producer Single Commodity Transfers (producer SCT),"US dollar, Millions",2020,118116.2437
Producer Single Commodity Transfers (producer SCT),"US dollar, Millions",2021,118712.0422
Producer Single Commodity Transfers (producer SCT),"US dollar, Millions",2022,86938.6085
Producer Single Commodity Transfers (producer SCT),"US dollar, Millions",2023,109418.2259
Producer Single Commodity Transfers (producer SCT),"US dollar, Millions",2024,115648.3894
Producer Single Commodity Transfers (producer SCT),"National currency, Millions",2013,128583.412
Producer Single Commodity Transfers (producer SCT),"National currency, Millions",2014,111907.1216
Producer Single Commodity Transfers (producer SCT),"National currency, Millions",2015,109488.9384
Producer Single Commodity Transfers (producer SCT),"National currency, Millions",2016,113275.2974
Producer Single Commodity Transfers (producer SCT),"National currency, Millions",2017,115294.5689
Producer Single Commodity Transfers (producer SCT),"National currency, Millions",2018,121529.6182
Producer Single Commodity Transfers (producer SCT),"National currency, Millions",2019,111364.0176
Producer Single Commodity Transfers (producer SCT),"National currency, Millions",2020,118116.2437
Producer Single Commodity Transfers (producer SCT),"National currency, Millions",2021,118712.0422
Producer Single Commodity Transfers (producer SCT),"National currency, Millions",2022,86938.6085
Producer Single Commodity Transfers (producer SCT),"National currency, Millions",2023,109418.2259
Producer Single Commodity Transfers (producer SCT),"National currency, Millions",2024,115648.3894
"Producer Single Commodity Transfers, relative to PSE",Percentage of producer support estimate,2013,51.4595
"Producer Single Commodity Transfers, relative to PSE",Percentage of producer support estimate,2014,48.088
"Producer Single Commodity Transfers, relative to PSE",Percentage of producer support estimate,2015,51.0993
"Producer Single Commodity Transfers, relative to PSE",Percentage of producer support estimate,2016,52.5278
"Producer Single Commodity Transfers, relative to PSE",Percentage of producer support estimate,2017,53.5073
"Producer Single Commodity Transfers, relative to PSE",Percentage of producer support estimate,2018,52.4379
"Producer Single Commodity Transfers, relative to PSE",Percentage of producer support estimate,2019,48.559
"Producer Single Commodity Transfers, relative to PSE",Percentage of producer support estimate,2020,50.668
"Producer Single Commodity Transfers, relative to PSE",Percentage of producer support estimate,2021,49.7004
"Producer Single Commodity Transfers, relative to PSE",Percentage of producer support estimate,2022,42.7358
"Producer Single Commodity Transfers, relative to PSE",Percentage of producer support estimate,2023,48.9087
"Producer Single Commodity Transfers, relative to PSE",Percentage of producer support estimate,2024,49.4148
"Support not requiring production, relative to PSE",Percentage of producer support estimate,2013,26.3464
"Support not requiring production, relative to PSE",Percentage of producer support estimate,2014,28.8794
"Support not requiring production, relative to PSE",Percentage of producer support estimate,2015,25.5561
"Support not requiring production, relative to PSE",Percentage of producer support estimate,2016,25.2588
"Support not requiring production, relative to PSE",Percentage of producer support estimate,2017,23.5378
"Support not requiring production, relative to PSE",Percentage of producer support estimate,2018,24.0706
"Support not requiring production, relative to PSE",Percentage of producer support estimate,2019,22.2917
"Support not requiring production, relative to PSE",Percentage of producer support estimate,2020,22.5524
"Support not requiring production, relative to PSE",Percentage of producer support estimate,2021,24.5337
"Support not requiring production, relative to PSE",Percentage of producer support estimate,2022,24.2497
"Support not requiring production, relative to PSE",Percentage of producer support estimate,2023,19.0164
"Support not requiring production, relative to PSE",Percentage of producer support estimate,2024,19.1398
"Support with output and payment limits, relative to PSE",Percentage of producer support estimate,2013,32.6361
"Support with output and payment limits, relative to PSE",Percentage of producer support estimate,2014,38.144
"Support with output and payment limits, relative to PSE",Percentage of producer support estimate,2015,36.5511
"Support with output and payment limits, relative to PSE",Percentage of producer support estimate,2016,35.4085
"Support with output and payment limits, relative to PSE",Percentage of producer support estimate,2017,32.276
"Support with output and payment limits, relative to PSE",Percentage of producer support estimate,2018,35.811
"Support with output and payment limits, relative to PSE",Percentage of producer support estimate,2019,36.0716
"Support with output and payment limits, relative to PSE",Percentage of producer support estimate,2020,36.4678
"Support with output and payment limits, relative to PSE",Percentage of producer support estimate,2021,40.6391
"Support with output and payment limits, relative to PSE",Percentage of producer support estimate,2022,37.4709
"Support with output and payment limits, relative to PSE",Percentage of producer support estimate,2023,29.2485
"Support with output and payment limits, relative to PSE",Percentage of producer support estimate,2024,30.1936
"Support with input constraints, relative to PSE",Percentage of producer support estimate,2013,36.8604
"Support with input constraints, relative to PSE",Percentage of producer support estimate,2014,42.2815
"Support with input constraints, relative to PSE",Percentage of producer support estimate,2015,40.2051
"Support with input constraints, relative to PSE",Percentage of producer support estimate,2016,39.6533
"Support with input constraints, relative to PSE",Percentage of producer support estimate,2017,38.8865
"Support with input constraints, relative to PSE",Percentage of producer support estimate,2018,43.1353
"Support with input constraints, relative to PSE",Percentage of producer support estimate,2019,43.6009
"Support with input constraints, relative to PSE",Percentage of producer support estimate,2020,43.9729
"Support with input constraints, relative to PSE",Percentage of producer support estimate,2021,49.0299
"Support with input constraints, relative to PSE",Percentage of producer support estimate,2022,47.8791
"Support with input constraints, relative to PSE",Percentage of producer support estimate,2023,41.5305
"Support with input constraints, relative to PSE",Percentage of producer support estimate,2024,40.1458
"Producer Support Estimate, percentage change since last year",Percentage change,2013,O ..
"Producer Support Estimate, percentage change since last year",Percentage change,2014,O ..
"Producer Support Estimate, percentage change since last year",Percentage change,2015,O ..
"Producer Support Estimate, percentage change since last year",Percentage change,2016,O ..
"Producer Support Estimate, percentage change since last year",Percentage change,2017,O ..
"Producer Support Estimate, percentage change since last year",Percentage change,2018,O ..
"Producer Support Estimate, percentage change since last year",Percentage change,2019,O ..
"Producer Support Estimate, percentage change since last year",Percentage change,2020,O ..
"Producer Support Estimate, percentage change since last year",Percentage change,2021,O ..
"Producer Support Estimate, percentage change since last year",Percentage change,2022,O ..
"Producer Support Estimate, percentage change since last year",Percentage change,2023,O ..
"Producer Support Estimate, percentage change since last year",Percentage change,2024,7.1103
"Market Price Support (MPS), contribution to change in PSE",Percentage change,2013,O ..
"Market Price Support (MPS), contribution to change in PSE",Percentage change,2014,O ..
"Market Price Support (MPS), contribution to change in PSE",Percentage change,2015,O ..
"Market Price Support (MPS), contribution to change in PSE",Percentage change,2016,O ..
"Market Price Support (MPS), contribution to change in PSE",Percentage change,2017,O ..
"Market Price Support (MPS), contribution to change in PSE",Percentage change,2018,O ..
"Market Price Support (MPS), contribution to change in PSE",Percentage change,2019,O ..
"Market Price Support (MPS), contribution to change in PSE",Percentage change,2020,O ..
"Market Price Support (MPS), contribution to change in PSE",Percentage change,2021,O ..
"Market Price Support (MPS), contribution to change in PSE",Percentage change,2022,O ..
"Market Price Support (MPS), contribution to change in PSE",Percentage change,2023,O ..
"Market Price Support (MPS), contribution to change in PSE",Percentage change,2024,5.6226
"Quantity produced (MPS element), contribution to change in PSE",Percentage change,2013,O ..
"Quantity produced (MPS element), contribution to change in PSE",Percentage change,2014,O ..
"Quantity produced (MPS element), contribution to change in PSE",Percentage change,2015,O ..
"Quantity produced (MPS element), contribution to change in PSE",Percentage change,2016,O ..
"Quantity produced (MPS element), contribution to change in PSE",Percentage change,2017,O ..
"Quantity produced (MPS element), contribution to change in PSE",Percentage change,2018,O ..
"Quantity produced (MPS element), contribution to change in PSE",Percentage change,2019,O ..
"Quantity produced (MPS element), contribution to change in PSE",Percentage change,2020,O ..
"Quantity produced (MPS element), contribution to change in PSE",Percentage change,2021,O ..
"Quantity produced (MPS element), contribution to change in PSE",Percentage change,2022,O ..
"Quantity produced (MPS element), contribution to change in PSE",Percentage change,2023,O ..
"Quantity produced (MPS element), contribution to change in PSE",Percentage change,2024,0.2127
"Price Gap (MPS element), contribution to change in PSE",Percentage change,2013,O ..
"Price Gap (MPS element), contribution to change in PSE",Percentage change,2014,O ..
"Price Gap (MPS element), contribution to change in PSE",Percentage change,2015,O ..
"Price Gap (MPS element), contribution to change in PSE",Percentage change,2016,O ..
"Price Gap (MPS element), contribution to change in PSE",Percentage change,2017,O ..
"Price Gap (MPS element), contribution to change in PSE",Percentage change,2018,O ..
"Price Gap (MPS element), contribution to change in PSE",Percentage change,2019,O ..
"Price Gap (MPS element), contribution to change in PSE",Percentage change,2020,O ..
"Price Gap (MPS element), contribution to change in PSE",Percentage change,2021,O ..
"Price Gap (MPS element), contribution to change in PSE",Percentage change,2022,O ..
"Price Gap (MPS element), contribution to change in PSE",Percentage change,2023,O ..
"Price Gap (MPS element), contribution to change in PSE",Percentage change,2024,5.4099
"Budgetary payments, contribution to change in PSE",Percentage change,2013,O ..
"Budgetary payments, contribution to change in PSE",Percentage change,2014,O ..
"Budgetary payments, contribution to change in PSE",Percentage change,2015,O ..
"Budgetary payments, contribution to change in PSE",Percentage change,2016,O ..
"Budgetary payments, contribution to change in PSE",Percentage change,2017,O ..
"Budgetary payments, contribution to change in PSE",Percentage change,2018,O ..
"Budgetary payments, contribution to change in PSE",Percentage change,2019,O ..
"Budgetary payments, contribution to change in PSE",Percentage change,2020,O ..
"Budgetary payments, contribution to change in PSE",Percentage change,2021,O ..
"Budgetary payments, contribution to change in PSE",Percentage change,2022,O ..
"Budgetary payments, contribution to change in PSE",Percentage change,2023,O ..
"Budgetary payments, contribution to change in PSE",Percentage change,2024,1.4876
"Payments based on ouput, contribution to change in PSE",Percentage change,2013,O ..
"Payments based on ouput, contribution to change in PSE",Percentage change,2014,O ..
"Payments based on ouput, contribution to change in PSE",Percentage change,2015,O ..
"Payments based on ouput, contribution to change in PSE",Percentage change,2016,O ..
"Payments based on ouput, contribution to change in PSE",Percentage change,2017,O ..
"Payments based on ouput, contribution to change in PSE",Percentage change,2018,O ..
"Payments based on ouput, contribution to change in PSE",Percentage change,2019,O ..
"Payments based on ouput, contribution to change in PSE",Percentage change,2020,O ..
"Payments based on ouput, contribution to change in PSE",Percentage change,2021,O ..
"Payments based on ouput, contribution to change in PSE",Percentage change,2022,O ..
"Payments based on ouput, contribution to change in PSE",Percentage change,2023,O ..
"Payments based on ouput, contribution to change in PSE",Percentage change,2024,0.6686
"Payments based on input use, contribution to change in PSE",Percentage change,2013,O ..
"Payments based on input use, contribution to change in PSE",Percentage change,2014,O ..
"Payments based on input use, contribution to change in PSE",Percentage change,2015,O ..
"Payments based on input use, contribution to change in PSE",Percentage change,2016,O ..
"Payments based on input use, contribution to change in PSE",Percentage change,2017,O ..
"Payments based on input use, contribution to change in PSE",Percentage change,2018,O ..
"Payments based on input use, contribution to change in PSE",Percentage change,2019,O ..
"Payments based on input use, contribution to change in PSE",Percentage change,2020,O ..
"Payments based on input use, contribution to change in PSE",Percentage change,2021,O ..
"Payments based on input use, contribution to change in PSE",Percentage change,2022,O ..
"Payments based on input use, contribution to change in PSE",Percentage change,2023,O ..
"Payments based on input use, contribution to change in PSE",Percentage change,2024,0.0774
"Payments based on current area planted / animal numbers / receipts / income, production required, contribution to change in PSE",Percentage change,2013,O ..
"Payments based on current area planted / animal numbers / receipts / income, production required, contribution to change in PSE",Percentage change,2014,O ..
"Payments based on current area planted / animal numbers / receipts / income, production required, contribution to change in PSE",Percentage change,2015,O ..
"Payments based on current area planted / animal numbers / receipts / income, production required, contribution to change in PSE",Percentage change,2016,O ..
"Payments based on current area planted / animal numbers / receipts / income, production required, contribution to change in PSE",Percentage change,2017,O ..
"Payments based on current area planted / animal numbers / receipts / income, production required, contribution to change in PSE",Percentage change,2018,O ..
"Payments based on current area planted / animal numbers / receipts / income, production required, contribution to change in PSE",Percentage change,2019,O ..
"Payments based on current area planted / animal numbers / receipts / income, production required, contribution to change in PSE",Percentage change,2020,O ..
"Payments based on current area planted / animal numbers / receipts / income, production required, contribution to change in PSE",Percentage change,2021,O ..
"Payments based on current area planted / animal numbers / receipts / income, production required, contribution to change in PSE",Percentage change,2022,O ..
"Payments based on current area planted / animal numbers / receipts / income, production required, contribution to change in PSE",Percentage change,2023,O ..
"Payments based on current area planted / animal numbers / receipts / income, production required, contribution to change in PSE",Percentage change,2024,-0.4016
"Payments based on non-current area planted / animal numbers / receipts / income, production not required, contribution to change in PSE",Percentage change,2013,O ..
"Payments based on non-current area planted / animal numbers / receipts / income, production not required, contribution to change in PSE",Percentage change,2014,O ..
"Payments based on non-current area planted / animal numbers / receipts / income, production not required, contribution to change in PSE",Percentage change,2015,O ..
"Payments based on non-current area planted / animal numbers / receipts / income, production not required, contribution to change in PSE",Percentage change,2016,O ..
"Payments based on non-current area planted / animal numbers / receipts / income, production not required, contribution to change in PSE",Percentage change,2017,O ..
"Payments based on non-current area planted / animal numbers / receipts / income, production not required, contribution to change in PSE",Percentage change,2018,O ..
"Payments based on non-current area planted / animal numbers / receipts / income, production not required, contribution to change in PSE",Percentage change,2019,O ..
"Payments based on non-current area planted / animal numbers / receipts / income, production not required, contribution to change in PSE",Percentage change,2020,O ..
"Payments based on non-current area planted / animal numbers / receipts / income, production not required, contribution to change in PSE",Percentage change,2021,O ..
"Payments based on non-current area planted / animal numbers / receipts / income, production not required, contribution to change in PSE",Percentage change,2022,O ..
"Payments based on non-current area planted / animal numbers / receipts / income, production not required, contribution to change in PSE",Percentage change,2023,O ..
"Payments based on non-current area planted / animal numbers / receipts / income, production not required, contribution to change in PSE",Percentage change,2024,-0.2936
"Payments based on non-current area planted / animal numbers / receipts / income, production required, contribution to change in PSE",Percentage change,2013,O ..
"Payments based on non-current area planted / animal numbers / receipts / income, production required, contribution to change in PSE",Percentage change,2014,O ..
"Payments based on non-current area planted / animal numbers / receipts / income, production required, contribution to change in PSE",Percentage change,2015,O ..
"Payments based on non-current area planted / animal numbers / receipts / income, production required, contribution to change in PSE",Percentage change,2016,O ..
"Payments based on non-current area planted / animal numbers / receipts / income, production required, contribution to change in PSE",Percentage change,2017,O ..
"Payments based on non-current area planted / animal numbers / receipts / income, production required, contribution to change in PSE",Percentage change,2018,O ..
"Payments based on non-current area planted / animal numbers / receipts / income, production required, contribution to change in PSE",Percentage change,2019,O ..
"Payments based on non-current area planted / animal numbers / receipts / income, production required, contribution to change in PSE",Percentage change,2020,O ..
"Payments based on non-current area planted / animal numbers / receipts / income, production required, contribution to change in PSE",Percentage change,2021,O ..
"Payments based on non-current area planted / animal numbers / receipts / income, production required, contribution to change in PSE",Percentage change,2022,O ..
"Payments based on non-current area planted / animal numbers / receipts / income, production required, contribution to change in PSE",Percentage change,2023,O ..
"Payments based on non-current area planted / animal numbers / receipts / income, production required, contribution to change in PSE",Percentage change,2024,0.0485
"Payments based on non-commodity criteria, contribution to change in PSE",Percentage change,2013,O ..
"Payments based on non-commodity criteria, contribution to change in PSE",Percentage change,2014,O ..
"Payments based on non-commodity criteria, contribution to change in PSE",Percentage change,2015,O ..
"Payments based on non-commodity criteria, contribution to change in PSE",Percentage change,2016,O ..
"Payments based on non-commodity criteria, contribution to change in PSE",Percentage change,2017,O ..
"Payments based on non-commodity criteria, contribution to change in PSE",Percentage change,2018,O ..
"Payments based on non-commodity criteria, contribution to change in PSE",Percentage change,2019,O ..
"Payments based on non-commodity criteria, contribution to change in PSE",Percentage change,2020,O ..
"Payments based on non-commodity criteria, contribution to change in PSE",Percentage change,2021,O ..
"Payments based on non-commodity criteria, contribution to change in PSE",Percentage change,2022,O ..
"Payments based on non-commodity criteria, contribution to change in PSE",Percentage change,2023,O ..
"Payments based on non-commodity criteria, contribution to change in PSE",Percentage change,2024,1.3898
"Miscellaneous payments, contribution to change in PSE",Percentage change,2013,O ..
"Miscellaneous payments, contribution to change in PSE",Percentage change,2014,O ..
"Miscellaneous payments, contribution to change in PSE",Percentage change,2015,O ..
"Miscellaneous payments, contribution to change in PSE",Percentage change,2016,O ..
"Miscellaneous payments, contribution to change in PSE",Percentage change,2017,O ..
"Miscellaneous payments, contribution to change in PSE",Percentage change,2018,O ..
"Miscellaneous payments, contribution to change in PSE",Percentage change,2019,O ..
"Miscellaneous payments, contribution to change in PSE",Percentage change,2020,O ..
"Miscellaneous payments, contribution to change in PSE",Percentage change,2021,O ..
"Miscellaneous payments, contribution to change in PSE",Percentage change,2022,O ..
"Miscellaneous payments, contribution to change in PSE",Percentage change,2023,O ..
"Miscellaneous payments, contribution to change in PSE",Percentage change,2024,-0.0015
"Producer price, percentage change since last year",Percentage change,2013,O ..
"Producer price, percentage change since last year",Percentage change,2014,O ..
"Producer price, percentage change since last year",Percentage change,2015,O ..
"Producer price, percentage change since last year",Percentage change,2016,O ..
"Producer price, percentage change since last year",Percentage change,2017,O ..
"Producer price, percentage change since last year",Percentage change,2018,O ..
"Producer price, percentage change since last year",Percentage change,2019,O ..
"Producer price, percentage change since last year",Percentage change,2020,O ..
"Producer price, percentage change since last year",Percentage change,2021,O ..
"Producer price, percentage change since last year",Percentage change,2022,O ..
"Producer price, percentage change since last year",Percentage change,2023,O ..
"Producer price, percentage change since last year",Percentage change,2024,3.4688
"Border price, percentage change since last year",Percentage change,2013,O ..
"Border price, percentage change since last year",Percentage change,2014,O ..
"Border price, percentage change since last year",Percentage change,2015,O ..
"Border price, percentage change since last year",Percentage change,2016,O ..
"Border price, percentage change since last year",Percentage change,2017,O ..
"Border price, percentage change since last year",Percentage change,2018,O ..
"Border price, percentage change since last year",Percentage change,2019,O ..
"Border price, percentage change since last year",Percentage change,2020,O ..
"Border price, percentage change since last year",Percentage change,2021,O ..
"Border price, percentage change since last year",Percentage change,2022,O ..
"Border price, percentage change since last year",Percentage change,2023,O ..
"Border price, percentage change since last year",Percentage change,2024,-0.0329
"Exchange rate, contribution to change in border price",Percentage change,2013,O ..
"Exchange rate, contribution to change in border price",Percentage change,2014,O ..
"Exchange rate, contribution to change in border price",Percentage change,2015,O ..
"Exchange rate, contribution to change in border price",Percentage change,2016,O ..
"Exchange rate, contribution to change in border price",Percentage change,2017,O ..
"Exchange rate, contribution to change in border price",Percentage change,2018,O ..
"Exchange rate, contribution to change in border price",Percentage change,2019,O ..
"Exchange rate, contribution to change in border price",Percentage change,2020,O ..
"Exchange rate, contribution to change in border price",Percentage change,2021,O ..
"Exchange rate, contribution to change in border price",Percentage change,2022,O ..
"Exchange rate, contribution to change in border price",Percentage change,2023,O ..
"Exchange rate, contribution to change in border price",Percentage change,2024,4.2949
"World price, contribution to change in border price",Percentage change,2013,O ..
"World price, contribution to change in border price",Percentage change,2014,O ..
"World price, contribution to change in border price",Percentage change,2015,O ..
"World price, contribution to change in border price",Percentage change,2016,O ..
"World price, contribution to change in border price",Percentage change,2017,O ..
"World price, contribution to change in border price",Percentage change,2018,O ..
"World price, contribution to change in border price",Percentage change,2019,O ..
"World price, contribution to change in border price",Percentage change,2020,O ..
"World price, contribution to change in border price",Percentage change,2021,O ..
"World price, contribution to change in border price",Percentage change,2022,O ..
"World price, contribution to change in border price",Percentage change,2023,O ..
"World price, contribution to change in border price",Percentage change,2024,-4.3278
"General Services Support Estimate, relative to TSE (Percentage GSSE)",Percentage of total support estimate,2013,14.4583
"General Services Support Estimate, relative to TSE (Percentage GSSE)",Percentage of total support estimate,2014,13.7723
"General Services Support Estimate, relative to TSE (Percentage GSSE)",Percentage of total support estimate,2015,13.7726
"General Services Support Estimate, relative to TSE (Percentage GSSE)",Percentage of total support estimate,2016,14.0125
"General Services Support Estimate, relative to TSE (Percentage GSSE)",Percentage of total support estimate,2017,14.5912
"General Services Support Estimate, relative to TSE (Percentage GSSE)",Percentage of total support estimate,2018,14.0312
"General Services Support Estimate, relative to TSE (Percentage GSSE)",Percentage of total support estimate,2019,14.1239
"General Services Support Estimate, relative to TSE (Percentage GSSE)",Percentage of total support estimate,2020,14.4591
"General Services Support Estimate, relative to TSE (Percentage GSSE)",Percentage of total support estimate,2021,14.1574
"General Services Support Estimate, relative to TSE (Percentage GSSE)",Percentage of total support estimate,2022,15.0673
"General Services Support Estimate, relative to TSE (Percentage GSSE)",Percentage of total support estimate,2023,15.4096
"General Services Support Estimate, relative to TSE (Percentage GSSE)",Percentage of total support estimate,2024,15.8478
Consumer Nominal Assistance Coefficient (consumer NAC),Factor,2013,1.068
Consumer Nominal Assistance Coefficient (consumer NAC),Factor,2014,1.0567
Consumer Nominal Assistance Coefficient (consumer NAC),Factor,2015,1.0626
Consumer Nominal Assistance Coefficient (consumer NAC),Factor,2016,1.0734
Consumer Nominal Assistance Coefficient (consumer NAC),Factor,2017,1.0724
Consumer Nominal Assistance Coefficient (consumer NAC),Factor,2018,1.0707
Consumer Nominal Assistance Coefficient (consumer NAC),Factor,2019,1.0701
Consumer Nominal Assistance Coefficient (consumer NAC),Factor,2020,1.0539
Consumer Nominal Assistance Coefficient (consumer NAC),Factor,2021,1.0289
Consumer Nominal Assistance Coefficient (consumer NAC),Factor,2022,0.9989
Consumer Nominal Assistance Coefficient (consumer NAC),Factor,2023,1.0249
Consumer Nominal Assistance Coefficient (consumer NAC),Factor,2024,1.0339
Consumer Nominal Protection Coefficient (consumer NPC),Factor,2013,1.1159
Consumer Nominal Protection Coefficient (consumer NPC),Factor,2014,1.1026
Consumer Nominal Protection Coefficient (consumer NPC),Factor,2015,1.1141
Consumer Nominal Protection Coefficient (consumer NPC),Factor,2016,1.1263
Consumer Nominal Protection Coefficient (consumer NPC),Factor,2017,1.1231
Consumer Nominal Protection Coefficient (consumer NPC),Factor,2018,1.1183
Consumer Nominal Protection Coefficient (consumer NPC),Factor,2019,1.1172
Consumer Nominal Protection Coefficient (consumer NPC),Factor,2020,1.1079
Consumer Nominal Protection Coefficient (consumer NPC),Factor,2021,1.0881
Consumer Nominal Protection Coefficient (consumer NPC),Factor,2022,1.0618
Consumer Nominal Protection Coefficient (consumer NPC),Factor,2023,1.0804
Consumer Nominal Protection Coefficient (consumer NPC),Factor,2024,1.0891
Consumer Single Commodity Transfer (consumer SCT),"Euro, Millions",2013,-92297.6056
Consumer Single Commodity Transfer (consumer SCT),"Euro, Millions",2014,-81517.4646
Consumer Single Commodity Transfer (consumer SCT),"Euro, Millions",2015,-96409.888
Consumer Single Commodity Transfer (consumer SCT),"Euro, Millions",2016,-103989.1179
Consumer Single Commodity Transfer (consumer SCT),"Euro, Millions",2017,-103380.2632
Consumer Single Commodity Transfer (consumer SCT),"Euro, Millions",2018,-100089.4255
Consumer Single Commodity Transfer (consumer SCT),"Euro, Millions",2019,-103412.4959
Consumer Single Commodity Transfer (consumer SCT),"Euro, Millions",2020,-95387.0524
Consumer Single Commodity Transfer (consumer SCT),"Euro, Millions",2021,-83784.1214
Consumer Single Commodity Transfer (consumer SCT),"Euro, Millions",2022,-75757.5702
Consumer Single Commodity Transfer (consumer SCT),"Euro, Millions",2023,-95831.8067
Consumer Single Commodity Transfer (consumer SCT),"Euro, Millions",2024,-101093.752
Consumer Single Commodity Transfer (consumer SCT),"US dollar, Millions",2013,-122582.135
Consumer Single Commodity Transfer (consumer SCT),"US dollar, Millions",2014,-108296.044
Consumer Single Commodity Transfer (consumer SCT),"US dollar, Millions",2015,-106968.0638
Consumer Single Commodity Transfer (consumer SCT),"US dollar, Millions",2016,-115105.9339
Consumer Single Commodity Transfer (consumer SCT),"US dollar, Millions",2017,-116786.6725
Consumer Single Commodity Transfer (consumer SCT),"US dollar, Millions",2018,-118201.012
Consumer Single Commodity Transfer (consumer SCT),"US dollar, Millions",2019,-115767.6865
Consumer Single Commodity Transfer (consumer SCT),"US dollar, Millions",2020,-108950.7695
Consumer Single Commodity Transfer (consumer SCT),"US dollar, Millions",2021,-99094.874
Consumer Single Commodity Transfer (consumer SCT),"US dollar, Millions",2022,-79776.3854
Consumer Single Commodity Transfer (consumer SCT),"US dollar, Millions",2023,-103619.8766
Consumer Single Commodity Transfer (consumer SCT),"US dollar, Millions",2024,-109421.8489
Consumer Single Commodity Transfer (consumer SCT),"National currency, Millions",2013,-122582.135
Consumer Single Commodity Transfer (consumer SCT),"National currency, Millions",2014,-108296.044
Consumer Single Commodity Transfer (consumer SCT),"National currency, Millions",2015,-106968.0638
Consumer Single Commodity Transfer (consumer SCT),"National currency, Millions",2016,-115105.9339
Consumer Single Commodity Transfer (consumer SCT),"National currency, Millions",2017,-116786.6725
Consumer Single Commodity Transfer (consumer SCT),"National currency, Millions",2018,-118201.012
Consumer Single Commodity Transfer (consumer SCT),"National currency, Millions",2019,-115767.6865
Consumer Single Commodity Transfer (consumer SCT),"National currency, Millions",2020,-108950.7695
Consumer Single Commodity Transfer (consumer SCT),"National currency, Millions",2021,-99094.874
Consumer Single Commodity Transfer (consumer SCT),"National currency, Millions",2022,-79776.3854
Consumer Single Commodity Transfer (consumer SCT),"National currency, Millions",2023,-103619.8766
Consumer Single Commodity Transfer (consumer SCT),"National currency, Millions",2024,-109421.8489
"Consumer Support Estimate, relative to consumption expenditure on agricultural commodities, at farm gate prices, net of taxpayer transfers to consumers (Percentage CSE)","Percentage of consumption expenditure on agricultural commodities at farm gate prices, excluding taxpayer transfers to consumers",2013,-6.3689
"Consumer Support Estimate, relative to consumption expenditure on agricultural commodities, at farm gate prices, net of taxpayer transfers to consumers (Percentage CSE)","Percentage of consumption expenditure on agricultural commodities at farm gate prices, excluding taxpayer transfers to consumers",2014,-5.3658
"Consumer Support Estimate, relative to consumption expenditure on agricultural commodities, at farm gate prices, net of taxpayer transfers to consumers (Percentage CSE)","Percentage of consumption expenditure on agricultural commodities at farm gate prices, excluding taxpayer transfers to consumers",2015,-5.8877
"Consumer Support Estimate, relative to consumption expenditure on agricultural commodities, at farm gate prices, net of taxpayer transfers to consumers (Percentage CSE)","Percentage of consumption expenditure on agricultural commodities at farm gate prices, excluding taxpayer transfers to consumers",2016,-6.836
"Consumer Support Estimate, relative to consumption expenditure on agricultural commodities, at farm gate prices, net of taxpayer transfers to consumers (Percentage CSE)","Percentage of consumption expenditure on agricultural commodities at farm gate prices, excluding taxpayer transfers to consumers",2017,-6.7513
"Consumer Support Estimate, relative to consumption expenditure on agricultural commodities, at farm gate prices, net of taxpayer transfers to consumers (Percentage CSE)","Percentage of consumption expenditure on agricultural commodities at farm gate prices, excluding taxpayer transfers to consumers",2018,-6.6011
"Consumer Support Estimate, relative to consumption expenditure on agricultural commodities, at farm gate prices, net of taxpayer transfers to consumers (Percentage CSE)","Percentage of consumption expenditure on agricultural commodities at farm gate prices, excluding taxpayer transfers to consumers",2019,-6.5499
"Consumer Support Estimate, relative to consumption expenditure on agricultural commodities, at farm gate prices, net of taxpayer transfers to consumers (Percentage CSE)","Percentage of consumption expenditure on agricultural commodities at farm gate prices, excluding taxpayer transfers to consumers",2020,-5.1134
"Consumer Support Estimate, relative to consumption expenditure on agricultural commodities, at farm gate prices, net of taxpayer transfers to consumers (Percentage CSE)","Percentage of consumption expenditure on agricultural commodities at farm gate prices, excluding taxpayer transfers to consumers",2021,-2.8091
"Consumer Support Estimate, relative to consumption expenditure on agricultural commodities, at farm gate prices, net of taxpayer transfers to consumers (Percentage CSE)","Percentage of consumption expenditure on agricultural commodities at farm gate prices, excluding taxpayer transfers to consumers",2022,0.1102
"Consumer Support Estimate, relative to consumption expenditure on agricultural commodities, at farm gate prices, net of taxpayer transfers to consumers (Percentage CSE)","Percentage of consumption expenditure on agricultural commodities at farm gate prices, excluding taxpayer transfers to consumers",2023,-2.4267
"Consumer Support Estimate, relative to consumption expenditure on agricultural commodities, at farm gate prices, net of taxpayer transfers to consumers (Percentage CSE)","Percentage of consumption expenditure on agricultural commodities at farm gate prices, excluding taxpayer transfers to consumers",2024,-3.2798
"Total Support Estimate, relative to GDP (Percentage TSE)",Percentage of GDP,2013,0.7083
"Total Support Estimate, relative to GDP (Percentage TSE)",Percentage of GDP,2014,0.6439
"Total Support Estimate, relative to GDP (Percentage TSE)",Percentage of GDP,2015,0.6385
"Total Support Estimate, relative to GDP (Percentage TSE)",Percentage of GDP,2016,0.6282
"Total Support Estimate, relative to GDP (Percentage TSE)",Percentage of GDP,2017,0.6041
"Total Support Estimate, relative to GDP (Percentage TSE)",Percentage of GDP,2018,0.603
"Total Support Estimate, relative to GDP (Percentage TSE)",Percentage of GDP,2019,0.5904
"Total Support Estimate, relative to GDP (Percentage TSE)",Percentage of GDP,2020,0.6311
"Total Support Estimate, relative to GDP (Percentage TSE)",Percentage of GDP,2021,0.598
"Total Support Estimate, relative to GDP (Percentage TSE)",Percentage of GDP,2022,0.5506
"Total Support Estimate, relative to GDP (Percentage TSE)",Percentage of GDP,2023,0.5376
"Total Support Estimate, relative to GDP (Percentage TSE)",Percentage of GDP,2024,0.529
"Total Budgetary Support Estimate, relative to GDP (Percentage TBSE)",Percentage of GDP,2013,0.4924
"Total Budgetary Support Estimate, relative to GDP (Percentage TBSE)",Percentage of GDP,2014,0.4586
"Total Budgetary Support Estimate, relative to GDP (Percentage TBSE)",Percentage of GDP,2015,0.4458
"Total Budgetary Support Estimate, relative to GDP (Percentage TBSE)",Percentage of GDP,2016,0.4338
"Total Budgetary Support Estimate, relative to GDP (Percentage TBSE)",Percentage of GDP,2017,0.4141
"Total Budgetary Support Estimate, relative to GDP (Percentage TBSE)",Percentage of GDP,2018,0.4266
"Total Budgetary Support Estimate, relative to GDP (Percentage TBSE)",Percentage of GDP,2019,0.42
"Total Budgetary Support Estimate, relative to GDP (Percentage TBSE)",Percentage of GDP,2020,0.4663
"Total Budgetary Support Estimate, relative to GDP (Percentage TBSE)",Percentage of GDP,2021,0.463
"Total Budgetary Support Estimate, relative to GDP (Percentage TBSE)",Percentage of GDP,2022,0.4476
"Total Budgetary Support Estimate, relative to GDP (Percentage TBSE)",Percentage of GDP,2023,0.4074
"Total Budgetary Support Estimate, relative to GDP (Percentage TBSE)",Percentage of GDP,2024,0.3916
"Support based on commodity output, relative to PSE",Percentage of producer support estimate,2013,45.0099
"Support based on commodity output, relative to PSE",Percentage of producer support estimate,2014,42.4376
"Support based on commodity output, relative to PSE",Percentage of producer support estimate,2015,44.6886
"Support based on commodity output, relative to PSE",Percentage of producer support estimate,2016,45.6594
"Support based on commodity output, relative to PSE",Percentage of producer support estimate,2017,46.5879
"Support based on commodity output, relative to PSE",Percentage of producer support estimate,2018,46.2115
"Support based on commodity output, relative to PSE",Percentage of producer support estimate,2019,42.0705
"Support based on commodity output, relative to PSE",Percentage of producer support estimate,2020,42.3261
"Support based on commodity output, relative to PSE",Percentage of producer support estimate,2021,35.8348
"Support based on commodity output, relative to PSE",Percentage of producer support estimate,2022,32.6126
"Support based on commodity output, relative to PSE",Percentage of producer support estimate,2023,39.2032
"Support based on commodity output, relative to PSE",Percentage of producer support estimate,2024,41.519
"Payments based on input use, relative to PSE",Percentage of producer support estimate,2013,13.1945
"Payments based on input use, relative to PSE",Percentage of producer support estimate,2014,13.7963
"Payments based on input use, relative to PSE",Percentage of producer support estimate,2015,13.569
"Payments based on input use, relative to PSE",Percentage of producer support estimate,2016,12.2779
"Payments based on input use, relative to PSE",Percentage of producer support estimate,2017,12.4482
"Payments based on input use, relative to PSE",Percentage of producer support estimate,2018,12.7451
"Payments based on input use, relative to PSE",Percentage of producer support estimate,2019,12.4545
"Payments based on input use, relative to PSE",Percentage of producer support estimate,2020,14.8017
"Payments based on input use, relative to PSE",Percentage of producer support estimate,2021,12.4456
"Payments based on input use, relative to PSE",Percentage of producer support estimate,2022,16.3577
"Payments based on input use, relative to PSE",Percentage of producer support estimate,2023,16.6552
"Payments based on input use, relative to PSE",Percentage of producer support estimate,2024,15.9256
"Payments based on current area planted / animal numbers / receipts / income, production required, relative to PSE",Percentage of producer support estimate,2013,14.6475
"Payments based on current area planted / animal numbers / receipts / income, production required, relative to PSE",Percentage of producer support estimate,2014,13.5753
"Payments based on current area planted / animal numbers / receipts / income, production required, relative to PSE",Percentage of producer support estimate,2015,15.0191
"Payments based on current area planted / animal numbers / receipts / income, production required, relative to PSE",Percentage of producer support estimate,2016,15.6076
"Payments based on current area planted / animal numbers / receipts / income, production required, relative to PSE",Percentage of producer support estimate,2017,16.4921
"Payments based on current area planted / animal numbers / receipts / income, production required, relative to PSE",Percentage of producer support estimate,2018,16.0108
"Payments based on current area planted / animal numbers / receipts / income, production required, relative to PSE",Percentage of producer support estimate,2019,22.1493
"Payments based on current area planted / animal numbers / receipts / income, production required, relative to PSE",Percentage of producer support estimate,2020,19.47
"Payments based on current area planted / animal numbers / receipts / income, production required, relative to PSE",Percentage of producer support estimate,2021,25.1646
"Payments based on current area planted / animal numbers / receipts / income, production required, relative to PSE",Percentage of producer support estimate,2022,25.5887
"Payments based on current area planted / animal numbers / receipts / income, production required, relative to PSE",Percentage of producer support estimate,2023,24.1446
"Payments based on current area planted / animal numbers / receipts / income, production required, relative to PSE",Percentage of producer support estimate,2024,22.4392
"Payments based on non-current area planted / animal numbers / receipts / income, production required, relative to PSE",Percentage of producer support estimate,2013,0.8017
"Payments based on non-current area planted / animal numbers / receipts / income, production required, relative to PSE",Percentage of producer support estimate,2014,1.3113
"Payments based on non-current area planted / animal numbers / receipts / income, production required, relative to PSE",Percentage of producer support estimate,2015,1.1672
"Payments based on non-current area planted / animal numbers / receipts / income, production required, relative to PSE",Percentage of producer support estimate,2016,1.1963
"Payments based on non-current area planted / animal numbers / receipts / income, production required, relative to PSE",Percentage of producer support estimate,2017,0.934
"Payments based on non-current area planted / animal numbers / receipts / income, production required, relative to PSE",Percentage of producer support estimate,2018,0.962
"Payments based on non-current area planted / animal numbers / receipts / income, production required, relative to PSE",Percentage of producer support estimate,2019,1.034
"Payments based on non-current area planted / animal numbers / receipts / income, production required, relative to PSE",Percentage of producer support estimate,2020,0.8497
"Payments based on non-current area planted / animal numbers / receipts / income, production required, relative to PSE",Percentage of producer support estimate,2021,2.0213
"Payments based on non-current area planted / animal numbers / receipts / income, production required, relative to PSE",Percentage of producer support estimate,2022,1.1913
"Payments based on non-current area planted / animal numbers / receipts / income, production required, relative to PSE",Percentage of producer support estimate,2023,0.9806
"Payments based on non-current area planted / animal numbers / receipts / income, production required, relative to PSE",Percentage of producer support estimate,2024,0.9763
"Payments based on non-current area planted / animal numbers / receipts / income, production not required, relative to PSE",Percentage of producer support estimate,2013,23.8103
"Payments based on non-current area planted / animal numbers / receipts / income, production not required, relative to PSE",Percentage of producer support estimate,2014,26.9594
"Payments based on non-current area planted / animal numbers / receipts / income, production not required, relative to PSE",Percentage of producer support estimate,2015,23.5072
"Payments based on non-current area planted / animal numbers / receipts / income, production not required, relative to PSE",Percentage of producer support estimate,2016,23.2441
"Payments based on non-current area planted / animal numbers / receipts / income, production not required, relative to PSE",Percentage of producer support estimate,2017,21.6586
"Payments based on non-current area planted / animal numbers / receipts / income, production not required, relative to PSE",Percentage of producer support estimate,2018,22.4708
"Payments based on non-current area planted / animal numbers / receipts / income, production not required, relative to PSE",Percentage of producer support estimate,2019,20.0884
"Payments based on non-current area planted / animal numbers / receipts / income, production not required, relative to PSE",Percentage of producer support estimate,2020,20.203
"Payments based on non-current area planted / animal numbers / receipts / income, production not required, relative to PSE",Percentage of producer support estimate,2021,21.9553
"Payments based on non-current area planted / animal numbers / receipts / income, production not required, relative to PSE",Percentage of producer support estimate,2022,21.4171
"Payments based on non-current area planted / animal numbers / receipts / income, production not required, relative to PSE",Percentage of producer support estimate,2023,15.7904
"Payments based on non-current area planted / animal numbers / receipts / income, production not required, relative to PSE",Percentage of producer support estimate,2024,14.7414
"Payments based on non-commodity criteria, relative to PSE",Percentage of producer support estimate,2013,2.3714
"Payments based on non-commodity criteria, relative to PSE",Percentage of producer support estimate,2014,1.7385
"Payments based on non-commodity criteria, relative to PSE",Percentage of producer support estimate,2015,1.6145
"Payments based on non-commodity criteria, relative to PSE",Percentage of producer support estimate,2016,1.6114
"Payments based on non-commodity criteria, relative to PSE",Percentage of producer support estimate,2017,1.5731
"Payments based on non-commodity criteria, relative to PSE",Percentage of producer support estimate,2018,1.2963
"Payments based on non-commodity criteria, relative to PSE",Percentage of producer support estimate,2019,1.8825
"Payments based on non-commodity criteria, relative to PSE",Percentage of producer support estimate,2020,2.1141
"Payments based on non-commodity criteria, relative to PSE",Percentage of producer support estimate,2021,2.3375
"Payments based on non-commodity criteria, relative to PSE",Percentage of producer support estimate,2022,2.6095
"Payments based on non-commodity criteria, relative to PSE",Percentage of producer support estimate,2023,2.9334
"Payments based on non-commodity criteria, relative to PSE",Percentage of producer support estimate,2024,4.118
"Miscellaneous payments, relative to PSE",Percentage of producer support estimate,2013,0.1647
"Miscellaneous payments, relative to PSE",Percentage of producer support estimate,2014,0.1814
"Miscellaneous payments, relative to PSE",Percentage of producer support estimate,2015,0.4344
"Miscellaneous payments, relative to PSE",Percentage of producer support estimate,2016,0.4034
"Miscellaneous payments, relative to PSE",Percentage of producer support estimate,2017,0.306
"Miscellaneous payments, relative to PSE",Percentage of producer support estimate,2018,0.3035
"Miscellaneous payments, relative to PSE",Percentage of producer support estimate,2019,0.3208
"Miscellaneous payments, relative to PSE",Percentage of producer support estimate,2020,0.2354
"Miscellaneous payments, relative to PSE",Percentage of producer support estimate,2021,0.241
"Miscellaneous payments, relative to PSE",Percentage of producer support estimate,2022,0.2231
"Miscellaneous payments, relative to PSE",Percentage of producer support estimate,2023,0.2926
"Miscellaneous payments, relative to PSE",Percentage of producer support estimate,2024,0.2804
"Agricultural knowledge and innovation system, relative to GSSE",Percentage of general services support estimate,2013,28.7934
"Agricultural knowledge and innovation system, relative to GSSE",Percentage of general services support estimate,2014,32.8557
"Agricultural knowledge and innovation system, relative to GSSE",Percentage of general services support estimate,2015,31.2098
"Agricultural knowledge and innovation system, relative to GSSE",Percentage of general services support estimate,2016,30.4069
"Agricultural knowledge and innovation system, relative to GSSE",Percentage of general services support estimate,2017,30.34
"Agricultural knowledge and innovation system, relative to GSSE",Percentage of general services support estimate,2018,31.3333
"Agricultural knowledge and innovation system, relative to GSSE",Percentage of general services support estimate,2019,31.6877
"Agricultural knowledge and innovation system, relative to GSSE",Percentage of general services support estimate,2020,29.2205
"Agricultural knowledge and innovation system, relative to GSSE",Percentage of general services support estimate,2021,32.1713
"Agricultural knowledge and innovation system, relative to GSSE",Percentage of general services support estimate,2022,29.6196
"Agricultural knowledge and innovation system, relative to GSSE",Percentage of general services support estimate,2023,30.4719
"Agricultural knowledge and innovation system, relative to GSSE",Percentage of general services support estimate,2024,30.0286
"Agricultural knowledge generation, relative to GSSE",Percentage of general services support estimate,2013,16.6984
"Agricultural knowledge generation, relative to GSSE",Percentage of general services support estimate,2014,19.0299
"Agricultural knowledge generation, relative to GSSE",Percentage of general services support estimate,2015,17.7645
"Agricultural knowledge generation, relative to GSSE",Percentage of general services support estimate,2016,17.7804
"Agricultural knowledge generation, relative to GSSE",Percentage of general services support estimate,2017,17.4907
"Agricultural knowledge generation, relative to GSSE",Percentage of general services support estimate,2018,18.1576
"Agricultural knowledge generation, relative to GSSE",Percentage of general services support estimate,2019,18.9301
"Agricultural knowledge generation, relative to GSSE",Percentage of general services support estimate,2020,16.9902
"Agricultural knowledge generation, relative to GSSE",Percentage of general services support estimate,2021,19.313
"Agricultural knowledge generation, relative to GSSE",Percentage of general services support estimate,2022,17.7375
"Agricultural knowledge generation, relative to GSSE",Percentage of general services support estimate,2023,18.0177
"Agricultural knowledge generation, relative to GSSE",Percentage of general services support estimate,2024,17.492
"Agricultural knowledge transfer, relative to GSSE",Percentage of general services support estimate,2013,12.095
"Agricultural knowledge transfer, relative to GSSE",Percentage of general services support estimate,2014,13.8258
"Agricultural knowledge transfer, relative to GSSE",Percentage of general services support estimate,2015,13.4453
"Agricultural knowledge transfer, relative to GSSE",Percentage of general services support estimate,2016,12.6265
"Agricultural knowledge transfer, relative to GSSE",Percentage of general services support estimate,2017,12.8493
"Agricultural knowledge transfer, relative to GSSE",Percentage of general services support estimate,2018,13.1756
"Agricultural knowledge transfer, relative to GSSE",Percentage of general services support estimate,2019,12.7577
"Agricultural knowledge transfer, relative to GSSE",Percentage of general services support estimate,2020,12.2303
"Agricultural knowledge transfer, relative to GSSE",Percentage of general services support estimate,2021,12.8584
"Agricultural knowledge transfer, relative to GSSE",Percentage of general services support estimate,2022,11.8821
"Agricultural knowledge transfer, relative to GSSE",Percentage of general services support estimate,2023,12.4542
"Agricultural knowledge transfer, relative to GSSE",Percentage of general services support estimate,2024,12.5366
"Education, relative to GSSE",Percentage of general services support estimate,2013,9.5282
"Education, relative to GSSE",Percentage of general services support estimate,2014,11.2938
"Education, relative to GSSE",Percentage of general services support estimate,2015,10.7057
"Education, relative to GSSE",Percentage of general services support estimate,2016,9.9636
"Education, relative to GSSE",Percentage of general services support estimate,2017,10.04
"Education, relative to GSSE",Percentage of general services support estimate,2018,10.4786
"Education, relative to GSSE",Percentage of general services support estimate,2019,10.0965
"Education, relative to GSSE",Percentage of general services support estimate,2020,9.6661
"Education, relative to GSSE",Percentage of general services support estimate,2021,10.154
"Education, relative to GSSE",Percentage of general services support estimate,2022,9.2904
"Education, relative to GSSE",Percentage of general services support estimate,2023,9.8667
"Education, relative to GSSE",Percentage of general services support estimate,2024,9.8593
"Extension services, relative to GSSE",Percentage of general services support estimate,2013,2.5668
"Extension services, relative to GSSE",Percentage of general services support estimate,2014,2.532
"Extension services, relative to GSSE",Percentage of general services support estimate,2015,2.7396
"Extension services, relative to GSSE",Percentage of general services support estimate,2016,2.6629
"Extension services, relative to GSSE",Percentage of general services support estimate,2017,2.8094
"Extension services, relative to GSSE",Percentage of general services support estimate,2018,2.697
"Extension services, relative to GSSE",Percentage of general services support estimate,2019,2.6612
"Extension services, relative to GSSE",Percentage of general services support estimate,2020,2.5643
"Extension services, relative to GSSE",Percentage of general services support estimate,2021,2.7044
"Extension services, relative to GSSE",Percentage of general services support estimate,2022,2.5917
"Extension services, relative to GSSE",Percentage of general services support estimate,2023,2.5875
"Extension services, relative to GSSE",Percentage of general services support estimate,2024,2.6773
"Inspection and control, relative to GSSE",Percentage of general services support estimate,2013,7.8422
"Inspection and control, relative to GSSE",Percentage of general services support estimate,2014,9.1965
"Inspection and control, relative to GSSE",Percentage of general services support estimate,2015,8.8482
"Inspection and control, relative to GSSE",Percentage of general services support estimate,2016,9.3116
"Inspection and control, relative to GSSE",Percentage of general services support estimate,2017,9.0533
"Inspection and control, relative to GSSE",Percentage of general services support estimate,2018,9.7405
"Inspection and control, relative to GSSE",Percentage of general services support estimate,2019,9.3101
"Inspection and control, relative to GSSE",Percentage of general services support estimate,2020,9.0262
"Inspection and control, relative to GSSE",Percentage of general services support estimate,2021,9.4803
"Inspection and control, relative to GSSE",Percentage of general services support estimate,2022,9.742
"Inspection and control, relative to GSSE",Percentage of general services support estimate,2023,9.8116
"Inspection and control, relative to GSSE",Percentage of general services support estimate,2024,9.1613
"Agricultural product safety and inspection, relative to GSSE",Percentage of general services support estimate,2013,4.8174
"Agricultural product safety and inspection, relative to GSSE",Percentage of general services support estimate,2014,5.2952
"Agricultural product safety and inspection, relative to GSSE",Percentage of general services support estimate,2015,5.1007
"Agricultural product safety and inspection, relative to GSSE",Percentage of general services support estimate,2016,5.2487
"Agricultural product safety and inspection, relative to GSSE",Percentage of general services support estimate,2017,5.053
"Agricultural product safety and inspection, relative to GSSE",Percentage of general services support estimate,2018,5.5795
"Agricultural product safety and inspection, relative to GSSE",Percentage of general services support estimate,2019,5.0948
"Agricultural product safety and inspection, relative to GSSE",Percentage of general services support estimate,2020,4.8768
"Agricultural product safety and inspection, relative to GSSE",Percentage of general services support estimate,2021,5.0401
"Agricultural product safety and inspection, relative to GSSE",Percentage of general services support estimate,2022,5.4743
"Agricultural product safety and inspection, relative to GSSE",Percentage of general services support estimate,2023,5.466
"Agricultural product safety and inspection, relative to GSSE",Percentage of general services support estimate,2024,4.5984
"Pest and disease inspection and control, relative to GSSE",Percentage of general services support estimate,2013,2.2036
"Pest and disease inspection and control, relative to GSSE",Percentage of general services support estimate,2014,3.0812
"Pest and disease inspection and control, relative to GSSE",Percentage of general services support estimate,2015,2.8994
"Pest and disease inspection and control, relative to GSSE",Percentage of general services support estimate,2016,3.2263
"Pest and disease inspection and control, relative to GSSE",Percentage of general services support estimate,2017,3.2099
"Pest and disease inspection and control, relative to GSSE",Percentage of general services support estimate,2018,3.3097
"Pest and disease inspection and control, relative to GSSE",Percentage of general services support estimate,2019,3.3283
"Pest and disease inspection and control, relative to GSSE",Percentage of general services support estimate,2020,3.3143
"Pest and disease inspection and control, relative to GSSE",Percentage of general services support estimate,2021,3.5994
"Pest and disease inspection and control, relative to GSSE",Percentage of general services support estimate,2022,3.4432
"Pest and disease inspection and control, relative to GSSE",Percentage of general services support estimate,2023,3.4687
"Pest and disease inspection and control, relative to GSSE",Percentage of general services support estimate,2024,3.6452
"Input control, relative to GSSE",Percentage of general services support estimate,2013,0.8212
"Input control, relative to GSSE",Percentage of general services support estimate,2014,0.8201
"Input control, relative to GSSE",Percentage of general services support estimate,2015,0.848
"Input control, relative to GSSE",Percentage of general services support estimate,2016,0.8366
"Input control, relative to GSSE",Percentage of general services support estimate,2017,0.7904
"Input control, relative to GSSE",Percentage of general services support estimate,2018,0.8513
"Input control, relative to GSSE",Percentage of general services support estimate,2019,0.8869
"Input control, relative to GSSE",Percentage of general services support estimate,2020,0.8351
"Input control, relative to GSSE",Percentage of general services support estimate,2021,0.8408
"Input control, relative to GSSE",Percentage of general services support estimate,2022,0.8245
"Input control, relative to GSSE",Percentage of general services support estimate,2023,0.8769
"Input control, relative to GSSE",Percentage of general services support estimate,2024,0.9177
"Development and maintenance of infrastructure, relative to GSSE",Percentage of general services support estimate,2013,46.1351
"Development and maintenance of infrastructure, relative to GSSE",Percentage of general services support estimate,2014,40.9679
"Development and maintenance of infrastructure, relative to GSSE",Percentage of general services support estimate,2015,40.417
"Development and maintenance of infrastructure, relative to GSSE",Percentage of general services support estimate,2016,43.9503
"Development and maintenance of infrastructure, relative to GSSE",Percentage of general services support estimate,2017,44.5226
"Development and maintenance of infrastructure, relative to GSSE",Percentage of general services support estimate,2018,43.0229
"Development and maintenance of infrastructure, relative to GSSE",Percentage of general services support estimate,2019,41.4486
"Development and maintenance of infrastructure, relative to GSSE",Percentage of general services support estimate,2020,38.2189
"Development and maintenance of infrastructure, relative to GSSE",Percentage of general services support estimate,2021,37.615
"Development and maintenance of infrastructure, relative to GSSE",Percentage of general services support estimate,2022,38.2379
"Development and maintenance of infrastructure, relative to GSSE",Percentage of general services support estimate,2023,36.1278
"Development and maintenance of infrastructure, relative to GSSE",Percentage of general services support estimate,2024,35.8451
"Hydrological infrastructure, relative to GSSE",Percentage of general services support estimate,2013,17.4368
"Hydrological infrastructure, relative to GSSE",Percentage of general services support estimate,2014,18.9757
"Hydrological infrastructure, relative to GSSE",Percentage of general services support estimate,2015,17.3035
"Hydrological infrastructure, relative to GSSE",Percentage of general services support estimate,2016,18.901
"Hydrological infrastructure, relative to GSSE",Percentage of general services support estimate,2017,18.5722
"Hydrological infrastructure, relative to GSSE",Percentage of general services support estimate,2018,16.856
"Hydrological infrastructure, relative to GSSE",Percentage of general services support estimate,2019,16.2258
"Hydrological infrastructure, relative to GSSE",Percentage of general services support estimate,2020,16.5725
"Hydrological infrastructure, relative to GSSE",Percentage of general services support estimate,2021,13.6015
"Hydrological infrastructure, relative to GSSE",Percentage of general services support estimate,2022,16.1754
"Hydrological infrastructure, relative to GSSE",Percentage of general services support estimate,2023,16.2508
"Hydrological infrastructure, relative to GSSE",Percentage of general services support estimate,2024,15.9129
"Storage, marketing and other physical infrastructure, relative to GSSE",Percentage of general services support estimate,2013,10.3831
"Storage, marketing and other physical infrastructure, relative to GSSE",Percentage of general services support estimate,2014,10.1582
"Storage, marketing and other physical infrastructure, relative to GSSE",Percentage of general services support estimate,2015,11.0235
"Storage, marketing and other physical infrastructure, relative to GSSE",Percentage of general services support estimate,2016,13.5857
"Storage, marketing and other physical infrastructure, relative to GSSE",Percentage of general services support estimate,2017,13.2872
"Storage, marketing and other physical infrastructure, relative to GSSE",Percentage of general services support estimate,2018,13.031
"Storage, marketing and other physical infrastructure, relative to GSSE",Percentage of general services support estimate,2019,13.5469
"Storage, marketing and other physical infrastructure, relative to GSSE",Percentage of general services support estimate,2020,13.489
"Storage, marketing and other physical infrastructure, relative to GSSE",Percentage of general services support estimate,2021,13.3831
"Storage, marketing and other physical infrastructure, relative to GSSE",Percentage of general services support estimate,2022,8.6391
"Storage, marketing and other physical infrastructure, relative to GSSE",Percentage of general services support estimate,2023,8.965
"Storage, marketing and other physical infrastructure, relative to GSSE",Percentage of general services support estimate,2024,8.1452
"Institutional infrastructure, relative to GSSE",Percentage of general services support estimate,2013,9.9942
"Institutional infrastructure, relative to GSSE",Percentage of general services support estimate,2014,5.4962
"Institutional infrastructure, relative to GSSE",Percentage of general services support estimate,2015,7.0602
"Institutional infrastructure, relative to GSSE",Percentage of general services support estimate,2016,8.6394
"Institutional infrastructure, relative to GSSE",Percentage of general services support estimate,2017,10.0184
"Institutional infrastructure, relative to GSSE",Percentage of general services support estimate,2018,10.2737
"Institutional infrastructure, relative to GSSE",Percentage of general services support estimate,2019,9.2754
"Institutional infrastructure, relative to GSSE",Percentage of general services support estimate,2020,6.1027
"Institutional infrastructure, relative to GSSE",Percentage of general services support estimate,2021,8.405
"Institutional infrastructure, relative to GSSE",Percentage of general services support estimate,2022,11.1728
"Institutional infrastructure, relative to GSSE",Percentage of general services support estimate,2023,8.6433
"Institutional infrastructure, relative to GSSE",Percentage of general services support estimate,2024,9.5139
"Farm restructuring, relative to GSSE",Percentage of general services support estimate,2013,8.321
"Farm restructuring, relative to GSSE",Percentage of general services support estimate,2014,6.3378
"Farm restructuring, relative to GSSE",Percentage of general services support estimate,2015,5.0297
"Farm restructuring, relative to GSSE",Percentage of general services support estimate,2016,2.8242
"Farm restructuring, relative to GSSE",Percentage of general services support estimate,2017,2.6449
"Farm restructuring, relative to GSSE",Percentage of general services support estimate,2018,2.8622
"Farm restructuring, relative to GSSE",Percentage of general services support estimate,2019,2.4006
"Farm restructuring, relative to GSSE",Percentage of general services support estimate,2020,2.0547
"Farm restructuring, relative to GSSE",Percentage of general services support estimate,2021,2.2255
"Farm restructuring, relative to GSSE",Percentage of general services support estimate,2022,2.2507
"Farm restructuring, relative to GSSE",Percentage of general services support estimate,2023,2.2687
"Farm restructuring, relative to GSSE",Percentage of general services support estimate,2024,2.2731
"Marketing and promotion, relative to GSSE",Percentage of general services support estimate,2013,12.8961
"Marketing and promotion, relative to GSSE",Percentage of general services support estimate,2014,12.6242
"Marketing and promotion, relative to GSSE",Percentage of general services support estimate,2015,14.5491
"Marketing and promotion, relative to GSSE",Percentage of general services support estimate,2016,10.6372
"Marketing and promotion, relative to GSSE",Percentage of general services support estimate,2017,10.7456
"Marketing and promotion, relative to GSSE",Percentage of general services support estimate,2018,10.8566
"Marketing and promotion, relative to GSSE",Percentage of general services support estimate,2019,11.8665
"Marketing and promotion, relative to GSSE",Percentage of general services support estimate,2020,18.3733
"Marketing and promotion, relative to GSSE",Percentage of general services support estimate,2021,15.2542
"Marketing and promotion, relative to GSSE",Percentage of general services support estimate,2022,16.7171
"Marketing and promotion, relative to GSSE",Percentage of general services support estimate,2023,17.9679
"Marketing and promotion, relative to GSSE",Percentage of general services support estimate,2024,19.138
"Collective schemes for processing and marketing, relative to GSSE",Percentage of general services support estimate,2013,5.0024
"Collective schemes for processing and marketing, relative to GSSE",Percentage of general services support estimate,2014,5.2023
"Collective schemes for processing and marketing, relative to GSSE",Percentage of general services support estimate,2015,6.3663
"Collective schemes for processing and marketing, relative to GSSE",Percentage of general services support estimate,2016,4.2954
"Collective schemes for processing and marketing, relative to GSSE",Percentage of general services support estimate,2017,3.6964
"Collective schemes for processing and marketing, relative to GSSE",Percentage of general services support estimate,2018,4.3402
"Collective schemes for processing and marketing, relative to GSSE",Percentage of general services support estimate,2019,4.501
"Collective schemes for processing and marketing, relative to GSSE",Percentage of general services support estimate,2020,10.5747
"Collective schemes for processing and marketing, relative to GSSE",Percentage of general services support estimate,2021,5.9353
"Collective schemes for processing and marketing, relative to GSSE",Percentage of general services support estimate,2022,5.1478
"Collective schemes for processing and marketing, relative to GSSE",Percentage of general services support estimate,2023,5.1715
"Collective schemes for processing and marketing, relative to GSSE",Percentage of general services support estimate,2024,4.9259
"Promotion of agricultural products, relative to GSSE",Percentage of general services support estimate,2013,7.8937
"Promotion of agricultural products, relative to GSSE",Percentage of general services support estimate,2014,7.4219
"Promotion of agricultural products, relative to GSSE",Percentage of general services support estimate,2015,8.1827
"Promotion of agricultural products, relative to GSSE",Percentage of general services support estimate,2016,6.3418
"Promotion of agricultural products, relative to GSSE",Percentage of general services support estimate,2017,7.0492
"Promotion of agricultural products, relative to GSSE",Percentage of general services support estimate,2018,6.5164
"Promotion of agricultural products, relative to GSSE",Percentage of general services support estimate,2019,7.3655
"Promotion of agricultural products, relative to GSSE",Percentage of general services support estimate,2020,7.7985
"Promotion of agricultural products, relative to GSSE",Percentage of general services support estimate,2021,9.319
"Promotion of agricultural products, relative to GSSE",Percentage of general services support estimate,2022,11.5693
"Promotion of agricultural products, relative to GSSE",Percentage of general services support estimate,2023,12.7964
"Promotion of agricultural products, relative to GSSE",Percentage of general services support estimate,2024,14.2121
"Cost of public stockholding, relative to GSSE",Percentage of general services support estimate,2013,1.3732
"Cost of public stockholding, relative to GSSE",Percentage of general services support estimate,2014,0.9352
"Cost of public stockholding, relative to GSSE",Percentage of general services support estimate,2015,1.261
"Cost of public stockholding, relative to GSSE",Percentage of general services support estimate,2016,1.1012
"Cost of public stockholding, relative to GSSE",Percentage of general services support estimate,2017,1.5457
"Cost of public stockholding, relative to GSSE",Percentage of general services support estimate,2018,1.2483
"Cost of public stockholding, relative to GSSE",Percentage of general services support estimate,2019,1.4891
"Cost of public stockholding, relative to GSSE",Percentage of general services support estimate,2020,1.1017
"Cost of public stockholding, relative to GSSE",Percentage of general services support estimate,2021,1.0584
"Cost of public stockholding, relative to GSSE",Percentage of general services support estimate,2022,1.1567
"Cost of public stockholding, relative to GSSE",Percentage of general services support estimate,2023,1.0285
"Cost of public stockholding, relative to GSSE",Percentage of general services support estimate,2024,1.351
"Miscellaneous, relative to GSSE",Percentage of general services support estimate,2013,2.96
"Miscellaneous, relative to GSSE",Percentage of general services support estimate,2014,3.4205
"Miscellaneous, relative to GSSE",Percentage of general services support estimate,2015,3.715
"Miscellaneous, relative to GSSE",Percentage of general services support estimate,2016,4.5928
"Miscellaneous, relative to GSSE",Percentage of general services support estimate,2017,3.7927
"Miscellaneous, relative to GSSE",Percentage of general services support estimate,2018,3.7984
"Miscellaneous, relative to GSSE",Percentage of general services support estimate,2019,4.198
"Miscellaneous, relative to GSSE",Percentage of general services support estimate,2020,4.0594
"Miscellaneous, relative to GSSE",Percentage of general services support estimate,2021,4.4206
"Miscellaneous, relative to GSSE",Percentage of general services support estimate,2022,4.5267
"Miscellaneous, relative to GSSE",Percentage of general services support estimate,2023,4.5923
"Miscellaneous, relative to GSSE",Percentage of general services support estimate,2024,4.476
Agricultural employment,Percentage of employment,2013,O ..
Agricultural employment,Percentage of employment,2014,O ..
Agricultural employment,Percentage of employment,2015,O ..
Agricultural employment,Percentage of employment,2016,O ..
Agricultural employment,Percentage of employment,2017,O ..
Agricultural employment,Percentage of employment,2018,O ..
Agricultural employment,Percentage of employment,2019,O ..
Agricultural employment,Percentage of employment,2020,O ..
Agricultural employment,Percentage of employment,2021,O ..
Agricultural employment,Percentage of employment,2023,O ..
Agriculture in GDP,Percentage of GDP,2013,O ..
Agriculture in GDP,Percentage of GDP,2014,O ..
Agriculture in GDP,Percentage of GDP,2015,O ..
Agriculture in GDP,Percentage of GDP,2016,O ..
Agriculture in GDP,Percentage of GDP,2017,O ..
Agriculture in GDP,Percentage of GDP,2018,O ..
Agriculture in GDP,Percentage of GDP,2019,O ..
Agriculture in GDP,Percentage of GDP,2020,O ..
Agriculture in GDP,Percentage of GDP,2021,O ..
Agriculture in GDP,Percentage of GDP,2023,O ..
GDP deflator,Index,2013,272.9287
GDP deflator,Index,2014,277.7027
GDP deflator,Index,2015,281.9151
GDP deflator,Index,2016,286.1356
GDP deflator,Index,2017,292.2176
GDP deflator,Index,2018,299.4006
GDP deflator,Index,2019,305.9307
GDP deflator,Index,2020,313.2816
GDP deflator,Index,2021,326.9079
GDP deflator,Index,2022,357.8165
GDP deflator,Index,2023,383.4208
GDP deflator,Index,2024,404.2941
