Section,Measure,Unit,Year,Value
Frequency of observation: Annual,"Production-based CO2 productivity, GDP per unit of energy-related CO2 emissions 2","US dollars per unit of CO2, 2020",2009,1.92
Frequency of observation: Annual,"Production-based CO2 productivity, GDP per unit of energy-related CO2 emissions 2","US dollars per unit of CO2, 2020",2010,1.89
Frequency of observation: Annual,"Production-based CO2 productivity, GDP per unit of energy-related CO2 emissions 2","US dollars per unit of CO2, 2020",2011,1.86
Frequency of observation: Annual,"Production-based CO2 productivity, GDP per unit of energy-related CO2 emissions 2","US dollars per unit of CO2, 2020",2012,1.98
Frequency of observation: Annual,"Production-based CO2 productivity, GDP per unit of energy-related CO2 emissions 2","US dollars per unit of CO2, 2020",2013,1.98
Frequency of observation: Annual,"Production-based CO2 productivity, GDP per unit of energy-related CO2 emissions 2","US dollars per unit of CO2, 2020",2014,2.51
Frequency of observation: Annual,"Production-based CO2 productivity, GDP per unit of energy-related CO2 emissions 2","US dollars per unit of CO2, 2020",2015,2.86
Frequency of observation: Annual,"Production-based CO2 productivity, GDP per unit of energy-related CO2 emissions 2","US dollars per unit of CO2, 2020",2016,2.65
Frequency of observation: Annual,"Production-based CO2 productivity, GDP per unit of energy-related CO2 emissions 2","US dollars per unit of CO2, 2020",2017,2.62
Frequency of observation: Annual,"Production-based CO2 productivity, GDP per unit of energy-related CO2 emissions 2","US dollars per unit of CO2, 2020",2018,2.67
Frequency of observation: Annual,"Production-based CO2 productivity, GDP per unit of energy-related CO2 emissions 2","US dollars per unit of CO2, 2020",2019,2.93
Frequency of observation: Annual,"Production-based CO2 productivity, GDP per unit of energy-related CO2 emissions 2","US dollars per unit of CO2, 2020",2020,2.77
Frequency of observation: Annual,"Production-based CO2 productivity, GDP per unit of energy-related CO2 emissions 2","US dollars per unit of CO2, 2020",2021,2.67
Frequency of observation: Annual,"Production-based CO2 productivity, GDP per unit of energy-related CO2 emissions 2","US dollars per unit of CO2, 2020",2022,2.71
Frequency of observation: Annual,"Production-based CO2 productivity, GDP per unit of energy-related CO2 emissions 2","US dollars per unit of CO2, 2020",2023,2.7
Frequency of observation: Annual,"Production-based CO2 productivity, GDP per unit of energy-related CO2 emissions 2","US dollars per unit of CO2, 2020",2024,2.54
Frequency of observation: Annual,"Production-based CO2 intensity, energy-related CO2 per capita 2",Tonnes of CO2-equivalent per person,2009,11.78
Frequency of observation: Annual,"Production-based CO2 intensity, energy-related CO2 per capita 2",Tonnes of CO2-equivalent per person,2010,12.67
Frequency of observation: Annual,"Production-based CO2 intensity, energy-related CO2 per capita 2",Tonnes of CO2-equivalent per person,2011,13.62
Frequency of observation: Annual,"Production-based CO2 intensity, energy-related CO2 per capita 2",Tonnes of CO2-equivalent per person,2012,13.24
Frequency of observation: Annual,"Production-based CO2 intensity, energy-related CO2 per capita 2",Tonnes of CO2-equivalent per person,2013,13.84
Frequency of observation: Annual,"Production-based CO2 intensity, energy-related CO2 per capita 2",Tonnes of CO2-equivalent per person,2014,11.19
Frequency of observation: Annual,"Production-based CO2 intensity, energy-related CO2 per capita 2",Tonnes of CO2-equivalent per person,2015,9.79
Frequency of observation: Annual,"Production-based CO2 intensity, energy-related CO2 per capita 2",Tonnes of CO2-equivalent per person,2016,10.52
Frequency of observation: Annual,"Production-based CO2 intensity, energy-related CO2 per capita 2",Tonnes of CO2-equivalent per person,2017,10.9
Frequency of observation: Annual,"Production-based CO2 intensity, energy-related CO2 per capita 2",Tonnes of CO2-equivalent per person,2018,10.98
Frequency of observation: Annual,"Production-based CO2 intensity, energy-related CO2 per capita 2",Tonnes of CO2-equivalent per person,2019,10.31
Frequency of observation: Annual,"Production-based CO2 intensity, energy-related CO2 per capita 2",Tonnes of CO2-equivalent per person,2020,10.47
Frequency of observation: Annual,"Production-based CO2 intensity, energy-related CO2 per capita 2",Tonnes of CO2-equivalent per person,2021,11.19
Frequency of observation: Annual,"Production-based CO2 intensity, energy-related CO2 per capita 2",Tonnes of CO2-equivalent per person,2022,11.24
Frequency of observation: Annual,"Production-based CO2 intensity, energy-related CO2 per capita 2",Tonnes of CO2-equivalent per person,2023,11.67
Frequency of observation: Annual,"Production-based CO2 intensity, energy-related CO2 per capita 2",Tonnes of CO2-equivalent per person,2024,11.47
Frequency of observation: Annual,Production-based CO2 emissions 2,"Tonnes, Millions",2009,195.82
Frequency of observation: Annual,Production-based CO2 emissions 2,"Tonnes, Millions",2010,213.4
Frequency of observation: Annual,Production-based CO2 emissions 2,"Tonnes, Millions",2011,232.49
Frequency of observation: Annual,Production-based CO2 emissions 2,"Tonnes, Millions",2012,229.12
Frequency of observation: Annual,Production-based CO2 emissions 2,"Tonnes, Millions",2013,242.98
Frequency of observation: Annual,Production-based CO2 emissions 2,"Tonnes, Millions",2014,199.42
Frequency of observation: Annual,Production-based CO2 emissions 2,"Tonnes, Millions",2015,177.06
Frequency of observation: Annual,Production-based CO2 emissions 2,"Tonnes, Millions",2016,193.24
Frequency of observation: Annual,Production-based CO2 emissions 2,"Tonnes, Millions",2017,203.25
Frequency of observation: Annual,Production-based CO2 emissions 2,"Tonnes, Millions",2018,207.9
Frequency of observation: Annual,Production-based CO2 emissions 2,"Tonnes, Millions",2019,198.09
Frequency of observation: Annual,Production-based CO2 emissions 2,"Tonnes, Millions",2020,203.96
Frequency of observation: Annual,Production-based CO2 emissions 2,"Tonnes, Millions",2021,220.85
Frequency of observation: Annual,Production-based CO2 emissions 2,"Tonnes, Millions",2022,225.11
Frequency of observation: Annual,Production-based CO2 emissions 2,"Tonnes, Millions",2023,237.28
Frequency of observation: Annual,Production-based CO2 emissions 2,"Tonnes, Millions",2024,236.11
Frequency of observation: Annual,Production-based CO2 emissions 2,"Index, 2000",2009,174.82
Frequency of observation: Annual,Production-based CO2 emissions 2,"Index, 2000",2010,190.51
Frequency of observation: Annual,Production-based CO2 emissions 2,"Index, 2000",2011,207.55
Frequency of observation: Annual,Production-based CO2 emissions 2,"Index, 2000",2012,204.55
Frequency of observation: Annual,Production-based CO2 emissions 2,"Index, 2000",2013,216.92
Frequency of observation: Annual,Production-based CO2 emissions 2,"Index, 2000",2014,178.03
Frequency of observation: Annual,Production-based CO2 emissions 2,"Index, 2000",2015,158.07
Frequency of observation: Annual,Production-based CO2 emissions 2,"Index, 2000",2016,172.52
Frequency of observation: Annual,Production-based CO2 emissions 2,"Index, 2000",2017,181.45
Frequency of observation: Annual,Production-based CO2 emissions 2,"Index, 2000",2018,185.6
Frequency of observation: Annual,Production-based CO2 emissions 2,"Index, 2000",2019,176.84
Frequency of observation: Annual,Production-based CO2 emissions 2,"Index, 2000",2020,182.09
Frequency of observation: Annual,Production-based CO2 emissions 2,"Index, 2000",2021,197.16
Frequency of observation: Annual,Production-based CO2 emissions 2,"Index, 2000",2022,200.96
Frequency of observation: Annual,Production-based CO2 emissions 2,"Index, 2000",2023,211.83
Frequency of observation: Annual,Production-based CO2 emissions 2,"Index, 2000",2024,210.79
Frequency of observation: Annual,CO2 emissions from air transport per capita 1,Tonnes of CO2-equivalent per person,2013,61.25
Frequency of observation: Annual,CO2 emissions from air transport per capita 1,Tonnes of CO2-equivalent per person,2014,62.73
Frequency of observation: Annual,CO2 emissions from air transport per capita 1,Tonnes of CO2-equivalent per person,2015,63.86
Frequency of observation: Annual,CO2 emissions from air transport per capita 1,Tonnes of CO2-equivalent per person,2016,67.36
Frequency of observation: Annual,CO2 emissions from air transport per capita 1,Tonnes of CO2-equivalent per person,2017,77.09
Frequency of observation: Annual,CO2 emissions from air transport per capita 1,Tonnes of CO2-equivalent per person,2018,78.12
Frequency of observation: Annual,CO2 emissions from air transport per capita 1,Tonnes of CO2-equivalent per person,2019,65.35
Frequency of observation: Annual,CO2 emissions from air transport per capita 1,Tonnes of CO2-equivalent per person,2020,32.35
Frequency of observation: Annual,CO2 emissions from air transport per capita 1,Tonnes of CO2-equivalent per person,2021,49.63
Frequency of observation: Annual,CO2 emissions from air transport per capita 1,Tonnes of CO2-equivalent per person,2022,65.61
Frequency of observation: Annual,CO2 emissions from air transport per capita 1,Tonnes of CO2-equivalent per person,2023,78.78
Frequency of observation: Annual,CO2 emissions from air transport per capita 1,Tonnes of CO2-equivalent per person,2024,86.45
Frequency of observation: Annual,CO2 emissions from air transport per unit of GDP 1,"Kilogramme, 2020",2013,2.24
Frequency of observation: Annual,CO2 emissions from air transport per unit of GDP 1,"Kilogramme, 2020",2014,2.23
Frequency of observation: Annual,CO2 emissions from air transport per unit of GDP 1,"Kilogramme, 2020",2015,2.28
Frequency of observation: Annual,CO2 emissions from air transport per unit of GDP 1,"Kilogramme, 2020",2016,2.41
Frequency of observation: Annual,CO2 emissions from air transport per unit of GDP 1,"Kilogramme, 2020",2017,2.7
Frequency of observation: Annual,CO2 emissions from air transport per unit of GDP 1,"Kilogramme, 2020",2018,2.66
Frequency of observation: Annual,CO2 emissions from air transport per unit of GDP 1,"Kilogramme, 2020",2019,2.16
Frequency of observation: Annual,CO2 emissions from air transport per unit of GDP 1,"Kilogramme, 2020",2020,1.11
Frequency of observation: Annual,CO2 emissions from air transport per unit of GDP 1,"Kilogramme, 2020",2021,1.66
Frequency of observation: Annual,CO2 emissions from air transport per unit of GDP 1,"Kilogramme, 2020",2022,2.16
Frequency of observation: Annual,CO2 emissions from air transport per unit of GDP 1,"Kilogramme, 2020",2023,2.5
Frequency of observation: Annual,CO2 emissions from air transport per unit of GDP 1,"Kilogramme, 2020",2024,2.97
Frequency of observation: Annual,"Production-based GHG productivity, GDP per unit of energy-related GHG emissions 4","US dollars per kilogramme of CO2-equivalent, 2020",2009,1.38
Frequency of observation: Annual,"Production-based GHG productivity, GDP per unit of energy-related GHG emissions 4","US dollars per kilogramme of CO2-equivalent, 2020",2010,1.47
Frequency of observation: Annual,"Production-based GHG productivity, GDP per unit of energy-related GHG emissions 4","US dollars per kilogramme of CO2-equivalent, 2020",2011,1.45
Frequency of observation: Annual,"Production-based GHG productivity, GDP per unit of energy-related GHG emissions 4","US dollars per kilogramme of CO2-equivalent, 2020",2012,1.46
Frequency of observation: Annual,"Production-based GHG productivity, GDP per unit of energy-related GHG emissions 4","US dollars per kilogramme of CO2-equivalent, 2020",2013,1.52
Frequency of observation: Annual,"Production-based GHG productivity, GDP per unit of energy-related GHG emissions 4","US dollars per kilogramme of CO2-equivalent, 2020",2014,1.59
Frequency of observation: Annual,"Production-based GHG productivity, GDP per unit of energy-related GHG emissions 4","US dollars per kilogramme of CO2-equivalent, 2020",2015,1.69
Frequency of observation: Annual,"Production-based GHG productivity, GDP per unit of energy-related GHG emissions 4","US dollars per kilogramme of CO2-equivalent, 2020",2016,1.72
Frequency of observation: Annual,"Production-based GHG productivity, GDP per unit of energy-related GHG emissions 4","US dollars per kilogramme of CO2-equivalent, 2020",2017,1.75
Frequency of observation: Annual,"Production-based GHG productivity, GDP per unit of energy-related GHG emissions 4","US dollars per kilogramme of CO2-equivalent, 2020",2018,1.75
Frequency of observation: Annual,"Production-based GHG productivity, GDP per unit of energy-related GHG emissions 4","US dollars per kilogramme of CO2-equivalent, 2020",2019,1.92
Frequency of observation: Annual,"Production-based GHG productivity, GDP per unit of energy-related GHG emissions 4","US dollars per kilogramme of CO2-equivalent, 2020",2020,1.78
Frequency of observation: Annual,"Production-based GHG intensity, energy-related GHG per capita 4",Tonnes of CO2-equivalent per person,2009,16.53
Frequency of observation: Annual,"Production-based GHG intensity, energy-related GHG per capita 4",Tonnes of CO2-equivalent per person,2010,16.41
Frequency of observation: Annual,"Production-based GHG intensity, energy-related GHG per capita 4",Tonnes of CO2-equivalent per person,2011,17.6
Frequency of observation: Annual,"Production-based GHG intensity, energy-related GHG per capita 4",Tonnes of CO2-equivalent per person,2012,18.12
Frequency of observation: Annual,"Production-based GHG intensity, energy-related GHG per capita 4",Tonnes of CO2-equivalent per person,2013,18.12
Frequency of observation: Annual,"Production-based GHG intensity, energy-related GHG per capita 4",Tonnes of CO2-equivalent per person,2014,17.84
Frequency of observation: Annual,"Production-based GHG intensity, energy-related GHG per capita 4",Tonnes of CO2-equivalent per person,2015,16.68
Frequency of observation: Annual,"Production-based GHG intensity, energy-related GHG per capita 4",Tonnes of CO2-equivalent per person,2016,16.37
Frequency of observation: Annual,"Production-based GHG intensity, energy-related GHG per capita 4",Tonnes of CO2-equivalent per person,2017,16.48
Frequency of observation: Annual,"Production-based GHG intensity, energy-related GHG per capita 4",Tonnes of CO2-equivalent per person,2018,16.88
Frequency of observation: Annual,"Production-based GHG intensity, energy-related GHG per capita 4",Tonnes of CO2-equivalent per person,2019,15.81
Frequency of observation: Annual,"Production-based GHG intensity, energy-related GHG per capita 4",Tonnes of CO2-equivalent per person,2020,16.43
Frequency of observation: Annual,Production-based GHG emissions 4,"Tonnes of CO2-equivalent, Millions",2009,273.0
Frequency of observation: Annual,Production-based GHG emissions 4,"Tonnes of CO2-equivalent, Millions",2010,274.42
Frequency of observation: Annual,Production-based GHG emissions 4,"Tonnes of CO2-equivalent, Millions",2011,298.38
Frequency of observation: Annual,Production-based GHG emissions 4,"Tonnes of CO2-equivalent, Millions",2012,311.37
Frequency of observation: Annual,Production-based GHG emissions 4,"Tonnes of CO2-equivalent, Millions",2013,315.89
Frequency of observation: Annual,Production-based GHG emissions 4,"Tonnes of CO2-equivalent, Millions",2014,315.46
Frequency of observation: Annual,Production-based GHG emissions 4,"Tonnes of CO2-equivalent, Millions",2015,299.37
Frequency of observation: Annual,Production-based GHG emissions 4,"Tonnes of CO2-equivalent, Millions",2016,298.25
Frequency of observation: Annual,Production-based GHG emissions 4,"Tonnes of CO2-equivalent, Millions",2017,305.08
Frequency of observation: Annual,Production-based GHG emissions 4,"Tonnes of CO2-equivalent, Millions",2018,317.37
Frequency of observation: Annual,Production-based GHG emissions 4,"Tonnes of CO2-equivalent, Millions",2019,301.44
Frequency of observation: Annual,Production-based GHG emissions 4,"Tonnes of CO2-equivalent, Millions",2020,317.94
Frequency of observation: Annual,Production-based GHG emissions 4,"Index, 2000",2009,110.56
Frequency of observation: Annual,Production-based GHG emissions 4,"Index, 2000",2010,111.14
Frequency of observation: Annual,Production-based GHG emissions 4,"Index, 2000",2011,120.84
Frequency of observation: Annual,Production-based GHG emissions 4,"Index, 2000",2012,126.11
Frequency of observation: Annual,Production-based GHG emissions 4,"Index, 2000",2013,127.94
Frequency of observation: Annual,Production-based GHG emissions 4,"Index, 2000",2014,127.76
Frequency of observation: Annual,Production-based GHG emissions 4,"Index, 2000",2015,121.24
Frequency of observation: Annual,Production-based GHG emissions 4,"Index, 2000",2016,120.79
Frequency of observation: Annual,Production-based GHG emissions 4,"Index, 2000",2017,123.56
Frequency of observation: Annual,Production-based GHG emissions 4,"Index, 2000",2018,128.53
Frequency of observation: Annual,Production-based GHG emissions 4,"Index, 2000",2019,122.08
Frequency of observation: Annual,Production-based GHG emissions 4,"Index, 2000",2020,128.77
Frequency of observation: Annual,"Demand-based GHG productivity, GDP per unit of energy-related GHG emissions 4","US dollars per kilogramme of CO2-equivalent, 2020",2009,1.71
Frequency of observation: Annual,"Demand-based GHG productivity, GDP per unit of energy-related GHG emissions 4","US dollars per kilogramme of CO2-equivalent, 2020",2010,1.94
Frequency of observation: Annual,"Demand-based GHG productivity, GDP per unit of energy-related GHG emissions 4","US dollars per kilogramme of CO2-equivalent, 2020",2011,2.04
Frequency of observation: Annual,"Demand-based GHG productivity, GDP per unit of energy-related GHG emissions 4","US dollars per kilogramme of CO2-equivalent, 2020",2012,1.84
Frequency of observation: Annual,"Demand-based GHG productivity, GDP per unit of energy-related GHG emissions 4","US dollars per kilogramme of CO2-equivalent, 2020",2013,1.82
Frequency of observation: Annual,"Demand-based GHG productivity, GDP per unit of energy-related GHG emissions 4","US dollars per kilogramme of CO2-equivalent, 2020",2014,2.0
Frequency of observation: Annual,"Demand-based GHG productivity, GDP per unit of energy-related GHG emissions 4","US dollars per kilogramme of CO2-equivalent, 2020",2015,1.88
Frequency of observation: Annual,"Demand-based GHG productivity, GDP per unit of energy-related GHG emissions 4","US dollars per kilogramme of CO2-equivalent, 2020",2016,1.98
Frequency of observation: Annual,"Demand-based GHG productivity, GDP per unit of energy-related GHG emissions 4","US dollars per kilogramme of CO2-equivalent, 2020",2017,2.04
Frequency of observation: Annual,"Demand-based GHG productivity, GDP per unit of energy-related GHG emissions 4","US dollars per kilogramme of CO2-equivalent, 2020",2018,2.16
Frequency of observation: Annual,"Demand-based GHG productivity, GDP per unit of energy-related GHG emissions 4","US dollars per kilogramme of CO2-equivalent, 2020",2019,2.29
Frequency of observation: Annual,"Demand-based GHG productivity, GDP per unit of energy-related GHG emissions 4","US dollars per kilogramme of CO2-equivalent, 2020",2020,2.01
Frequency of observation: Annual,Demand-based GHG intensity energy-related GHG per capita 4,Tonnes of CO2-equivalent per person,2009,13.26
Frequency of observation: Annual,Demand-based GHG intensity energy-related GHG per capita 4,Tonnes of CO2-equivalent per person,2010,12.4
Frequency of observation: Annual,Demand-based GHG intensity energy-related GHG per capita 4,Tonnes of CO2-equivalent per person,2011,12.49
Frequency of observation: Annual,Demand-based GHG intensity energy-related GHG per capita 4,Tonnes of CO2-equivalent per person,2012,14.38
Frequency of observation: Annual,Demand-based GHG intensity energy-related GHG per capita 4,Tonnes of CO2-equivalent per person,2013,15.14
Frequency of observation: Annual,Demand-based GHG intensity energy-related GHG per capita 4,Tonnes of CO2-equivalent per person,2014,14.17
Frequency of observation: Annual,Demand-based GHG intensity energy-related GHG per capita 4,Tonnes of CO2-equivalent per person,2015,15.0
Frequency of observation: Annual,Demand-based GHG intensity energy-related GHG per capita 4,Tonnes of CO2-equivalent per person,2016,14.23
Frequency of observation: Annual,Demand-based GHG intensity energy-related GHG per capita 4,Tonnes of CO2-equivalent per person,2017,14.09
Frequency of observation: Annual,Demand-based GHG intensity energy-related GHG per capita 4,Tonnes of CO2-equivalent per person,2018,13.65
Frequency of observation: Annual,Demand-based GHG intensity energy-related GHG per capita 4,Tonnes of CO2-equivalent per person,2019,13.31
Frequency of observation: Annual,Demand-based GHG intensity energy-related GHG per capita 4,Tonnes of CO2-equivalent per person,2020,14.54
Frequency of observation: Annual,Demand-based GHG emissions 4,"Tonnes of CO2-equivalent, Millions",2009,219.02
Frequency of observation: Annual,Demand-based GHG emissions 4,"Tonnes of CO2-equivalent, Millions",2010,207.42
Frequency of observation: Annual,Demand-based GHG emissions 4,"Tonnes of CO2-equivalent, Millions",2011,211.63
Frequency of observation: Annual,Demand-based GHG emissions 4,"Tonnes of CO2-equivalent, Millions",2012,247.04
Frequency of observation: Annual,Demand-based GHG emissions 4,"Tonnes of CO2-equivalent, Millions",2013,263.83
Frequency of observation: Annual,Demand-based GHG emissions 4,"Tonnes of CO2-equivalent, Millions",2014,250.64
Frequency of observation: Annual,Demand-based GHG emissions 4,"Tonnes of CO2-equivalent, Millions",2015,269.23
Frequency of observation: Annual,Demand-based GHG emissions 4,"Tonnes of CO2-equivalent, Millions",2016,259.33
Frequency of observation: Annual,Demand-based GHG emissions 4,"Tonnes of CO2-equivalent, Millions",2017,260.85
Frequency of observation: Annual,Demand-based GHG emissions 4,"Tonnes of CO2-equivalent, Millions",2018,256.55
Frequency of observation: Annual,Demand-based GHG emissions 4,"Tonnes of CO2-equivalent, Millions",2019,253.8
Frequency of observation: Annual,Demand-based GHG emissions 4,"Tonnes of CO2-equivalent, Millions",2020,281.3
Frequency of observation: Annual,Demand-based GHG emissions 4,"Index, 2000",2009,126.91
Frequency of observation: Annual,Demand-based GHG emissions 4,"Index, 2000",2010,120.19
Frequency of observation: Annual,Demand-based GHG emissions 4,"Index, 2000",2011,122.62
Frequency of observation: Annual,Demand-based GHG emissions 4,"Index, 2000",2012,143.14
Frequency of observation: Annual,Demand-based GHG emissions 4,"Index, 2000",2013,152.87
Frequency of observation: Annual,Demand-based GHG emissions 4,"Index, 2000",2014,145.23
Frequency of observation: Annual,Demand-based GHG emissions 4,"Index, 2000",2015,156.0
Frequency of observation: Annual,Demand-based GHG emissions 4,"Index, 2000",2016,150.27
Frequency of observation: Annual,Demand-based GHG emissions 4,"Index, 2000",2017,151.14
Frequency of observation: Annual,Demand-based GHG emissions 4,"Index, 2000",2018,148.65
Frequency of observation: Annual,Demand-based GHG emissions 4,"Index, 2000",2019,147.06
Frequency of observation: Annual,Demand-based GHG emissions 4,"Index, 2000",2020,162.99
Frequency of observation: Annual,"Energy productivity, GDP per unit of TES 1","US dollars per tonne of oil equivalent, 2020",2009,5914.27
Frequency of observation: Annual,"Energy productivity, GDP per unit of TES 1","US dollars per tonne of oil equivalent, 2020",2010,5827.59
Frequency of observation: Annual,"Energy productivity, GDP per unit of TES 1","US dollars per tonne of oil equivalent, 2020",2011,5593.97
Frequency of observation: Annual,"Energy productivity, GDP per unit of TES 1","US dollars per tonne of oil equivalent, 2020",2012,6135.51
Frequency of observation: Annual,"Energy productivity, GDP per unit of TES 1","US dollars per tonne of oil equivalent, 2020",2013,5892.66
Frequency of observation: Annual,"Energy productivity, GDP per unit of TES 1","US dollars per tonne of oil equivalent, 2020",2014,7600.99
Frequency of observation: Annual,"Energy productivity, GDP per unit of TES 1","US dollars per tonne of oil equivalent, 2020",2015,9185.94
Frequency of observation: Annual,"Energy productivity, GDP per unit of TES 1","US dollars per tonne of oil equivalent, 2020",2016,8233.15
Frequency of observation: Annual,"Energy productivity, GDP per unit of TES 1","US dollars per tonne of oil equivalent, 2020",2017,8400.62
Frequency of observation: Annual,"Energy productivity, GDP per unit of TES 1","US dollars per tonne of oil equivalent, 2020",2018,7689.52
Frequency of observation: Annual,"Energy productivity, GDP per unit of TES 1","US dollars per tonne of oil equivalent, 2020",2019,8048.43
Frequency of observation: Annual,"Energy productivity, GDP per unit of TES 1","US dollars per tonne of oil equivalent, 2020",2020,8570.39
Frequency of observation: Annual,"Energy productivity, GDP per unit of TES 1","US dollars per tonne of oil equivalent, 2020",2021,8441.81
Frequency of observation: Annual,"Energy productivity, GDP per unit of TES 1","US dollars per tonne of oil equivalent, 2020",2022,8668.34
Frequency of observation: Annual,"Energy productivity, GDP per unit of TES 1","US dollars per tonne of oil equivalent, 2020",2023,8623.81
Frequency of observation: Annual,"Energy productivity, GDP per unit of TES 1","US dollars per tonne of oil equivalent, 2020",2024,8032.72
Frequency of observation: Annual,Energy intensity per capita 1,Tonnes of oil equivalent per person,2009,3.82
Frequency of observation: Annual,Energy intensity per capita 1,Tonnes of oil equivalent per person,2010,4.11
Frequency of observation: Annual,Energy intensity per capita 1,Tonnes of oil equivalent per person,2011,4.53
Frequency of observation: Annual,Energy intensity per capita 1,Tonnes of oil equivalent per person,2012,4.27
Frequency of observation: Annual,Energy intensity per capita 1,Tonnes of oil equivalent per person,2013,4.65
Frequency of observation: Annual,Energy intensity per capita 1,Tonnes of oil equivalent per person,2014,3.7
Frequency of observation: Annual,Energy intensity per capita 1,Tonnes of oil equivalent per person,2015,3.05
Frequency of observation: Annual,Energy intensity per capita 1,Tonnes of oil equivalent per person,2016,3.39
Frequency of observation: Annual,Energy intensity per capita 1,Tonnes of oil equivalent per person,2017,3.4
Frequency of observation: Annual,Energy intensity per capita 1,Tonnes of oil equivalent per person,2018,3.81
Frequency of observation: Annual,Energy intensity per capita 1,Tonnes of oil equivalent per person,2019,3.75
Frequency of observation: Annual,Energy intensity per capita 1,Tonnes of oil equivalent per person,2020,3.39
Frequency of observation: Annual,Energy intensity per capita 1,Tonnes of oil equivalent per person,2021,3.54
Frequency of observation: Annual,Energy intensity per capita 1,Tonnes of oil equivalent per person,2022,3.51
Frequency of observation: Annual,Energy intensity per capita 1,Tonnes of oil equivalent per person,2023,3.65
Frequency of observation: Annual,Energy intensity per capita 1,Tonnes of oil equivalent per person,2024,3.62
Frequency of observation: Annual,Total energy supply 1,"Tonnes of oil equivalent, Millions",2009,63.48
Frequency of observation: Annual,Total energy supply 1,"Tonnes of oil equivalent, Millions",2010,69.13
Frequency of observation: Annual,Total energy supply 1,"Tonnes of oil equivalent, Millions",2011,77.34
Frequency of observation: Annual,Total energy supply 1,"Tonnes of oil equivalent, Millions",2012,73.9
Frequency of observation: Annual,Total energy supply 1,"Tonnes of oil equivalent, Millions",2013,81.56
Frequency of observation: Annual,Total energy supply 1,"Tonnes of oil equivalent, Millions",2014,65.89
Frequency of observation: Annual,Total energy supply 1,"Tonnes of oil equivalent, Millions",2015,55.17
Frequency of observation: Annual,Total energy supply 1,"Tonnes of oil equivalent, Millions",2016,62.24
Frequency of observation: Annual,Total energy supply 1,"Tonnes of oil equivalent, Millions",2017,63.5
Frequency of observation: Annual,Total energy supply 1,"Tonnes of oil equivalent, Millions",2018,72.21
Frequency of observation: Annual,Total energy supply 1,"Tonnes of oil equivalent, Millions",2019,72.1
Frequency of observation: Annual,Total energy supply 1,"Tonnes of oil equivalent, Millions",2020,66.01
Frequency of observation: Annual,Total energy supply 1,"Tonnes of oil equivalent, Millions",2021,69.9
Frequency of observation: Annual,Total energy supply 1,"Tonnes of oil equivalent, Millions",2022,70.25
Frequency of observation: Annual,Total energy supply 1,"Tonnes of oil equivalent, Millions",2023,74.22
Frequency of observation: Annual,Total energy supply 1,"Tonnes of oil equivalent, Millions",2024,74.6
Frequency of observation: Annual,Total energy supply 1,"Index, 2000",2009,177.91
Frequency of observation: Annual,Total energy supply 1,"Index, 2000",2010,193.74
Frequency of observation: Annual,Total energy supply 1,"Index, 2000",2011,216.76
Frequency of observation: Annual,Total energy supply 1,"Index, 2000",2012,207.12
Frequency of observation: Annual,Total energy supply 1,"Index, 2000",2013,228.59
Frequency of observation: Annual,Total energy supply 1,"Index, 2000",2014,184.66
Frequency of observation: Annual,Total energy supply 1,"Index, 2000",2015,154.63
Frequency of observation: Annual,Total energy supply 1,"Index, 2000",2016,174.42
Frequency of observation: Annual,Total energy supply 1,"Index, 2000",2017,177.96
Frequency of observation: Annual,Total energy supply 1,"Index, 2000",2018,202.38
Frequency of observation: Annual,Total energy supply 1,"Index, 2000",2019,202.06
Frequency of observation: Annual,Total energy supply 1,"Index, 2000",2020,185.01
Frequency of observation: Annual,Total energy supply 1,"Index, 2000",2021,195.9
Frequency of observation: Annual,Total energy supply 1,"Index, 2000",2022,196.89
Frequency of observation: Annual,Total energy supply 1,"Index, 2000",2023,208.0
Frequency of observation: Annual,Total energy supply 1,"Index, 2000",2024,209.08
Frequency of observation: Annual,Renewable energy supply,"Tonnes of oil equivalent, Thousands",2009,658030.0
Frequency of observation: Annual,Renewable energy supply,"Tonnes of oil equivalent, Thousands",2010,740164.0
Frequency of observation: Annual,Renewable energy supply,"Tonnes of oil equivalent, Thousands",2011,756396.0
Frequency of observation: Annual,Renewable energy supply,"Tonnes of oil equivalent, Thousands",2012,716394.0
Frequency of observation: Annual,Renewable energy supply,"Tonnes of oil equivalent, Thousands",2013,731145.0
Frequency of observation: Annual,Renewable energy supply,"Tonnes of oil equivalent, Thousands",2014,751618.0
Frequency of observation: Annual,Renewable energy supply,"Tonnes of oil equivalent, Thousands",2015,856672.0
Frequency of observation: Annual,Renewable energy supply,"Tonnes of oil equivalent, Thousands",2016,1075180.0
Frequency of observation: Annual,Renewable energy supply,"Tonnes of oil equivalent, Thousands",2017,1059056.0
Frequency of observation: Annual,Renewable energy supply,"Tonnes of oil equivalent, Thousands",2018,1024842.0
Frequency of observation: Annual,Renewable energy supply,"Tonnes of oil equivalent, Thousands",2019,1058849.0
Frequency of observation: Annual,Renewable energy supply,"Tonnes of oil equivalent, Thousands",2020,1099162.0
Frequency of observation: Annual,Renewable energy supply,"Tonnes of oil equivalent, Thousands",2021,1121525.0
Frequency of observation: Annual,Renewable energy supply,"Tonnes of oil equivalent, Thousands",2022,1198209.0
Frequency of observation: Annual,Renewable energy supply,"Tonnes of oil equivalent, Thousands",2023,1288738.0
Frequency of observation: Annual,Renewable energy supply,"Tonnes of oil equivalent, Thousands",2024,1578591.0
Frequency of observation: Annual,Renewable energy supply,Percentage of energy supply,2009,1.04
Frequency of observation: Annual,Renewable energy supply,Percentage of energy supply,2010,1.07
Frequency of observation: Annual,Renewable energy supply,Percentage of energy supply,2011,0.98
Frequency of observation: Annual,Renewable energy supply,Percentage of energy supply,2012,0.97
Frequency of observation: Annual,Renewable energy supply,Percentage of energy supply,2013,0.9
Frequency of observation: Annual,Renewable energy supply,Percentage of energy supply,2014,1.14
Frequency of observation: Annual,Renewable energy supply,Percentage of energy supply,2015,1.55
Frequency of observation: Annual,Renewable energy supply,Percentage of energy supply,2016,1.73
Frequency of observation: Annual,Renewable energy supply,Percentage of energy supply,2017,1.67
Frequency of observation: Annual,Renewable energy supply,Percentage of energy supply,2018,1.42
Frequency of observation: Annual,Renewable energy supply,Percentage of energy supply,2019,1.47
Frequency of observation: Annual,Renewable energy supply,Percentage of energy supply,2020,1.67
Frequency of observation: Annual,Renewable energy supply,Percentage of energy supply,2021,1.6
Frequency of observation: Annual,Renewable energy supply,Percentage of energy supply,2022,1.71
Frequency of observation: Annual,Renewable energy supply,Percentage of energy supply,2023,1.74
Frequency of observation: Annual,Renewable energy supply,Percentage of energy supply,2024,2.12
Frequency of observation: Annual,Renewable electricity generation 2,Percentage of electricity generation,2009,8.74
Frequency of observation: Annual,Renewable electricity generation 2,Percentage of electricity generation,2010,9.71
Frequency of observation: Annual,Renewable electricity generation 2,Percentage of electricity generation,2011,9.1
Frequency of observation: Annual,Renewable electricity generation 2,Percentage of electricity generation,2012,8.23
Frequency of observation: Annual,Renewable electricity generation 2,Percentage of electricity generation,2013,7.5
Frequency of observation: Annual,Renewable electricity generation 2,Percentage of electricity generation,2014,8.79
Frequency of observation: Annual,Renewable electricity generation 2,Percentage of electricity generation,2015,10.36
Frequency of observation: Annual,Renewable electricity generation 2,Percentage of electricity generation,2016,12.71
Frequency of observation: Annual,Renewable electricity generation 2,Percentage of electricity generation,2017,11.35
Frequency of observation: Annual,Renewable electricity generation 2,Percentage of electricity generation,2018,10.45
Frequency of observation: Annual,Renewable electricity generation 2,Percentage of electricity generation,2019,10.79
Frequency of observation: Annual,Renewable electricity generation 2,Percentage of electricity generation,2020,10.99
Frequency of observation: Annual,Renewable electricity generation 2,Percentage of electricity generation,2021,10.94
Frequency of observation: Annual,Renewable electricity generation 2,Percentage of electricity generation,2022,11.82
Frequency of observation: Annual,Renewable electricity generation 2,Percentage of electricity generation,2023,12.74
Frequency of observation: Annual,Renewable electricity generation 2,Percentage of electricity generation,2024,14.22
Frequency of observation: Annual,Renewable energy supply (excluding solid biofuels) 2,Percentage of energy supply,2009,0.93
Frequency of observation: Annual,Renewable energy supply (excluding solid biofuels) 2,Percentage of energy supply,2010,1.0
Frequency of observation: Annual,Renewable energy supply (excluding solid biofuels) 2,Percentage of energy supply,2011,0.88
Frequency of observation: Annual,Renewable energy supply (excluding solid biofuels) 2,Percentage of energy supply,2012,0.89
Frequency of observation: Annual,Renewable energy supply (excluding solid biofuels) 2,Percentage of energy supply,2013,0.82
Frequency of observation: Annual,Renewable energy supply (excluding solid biofuels) 2,Percentage of energy supply,2014,1.1
Frequency of observation: Annual,Renewable energy supply (excluding solid biofuels) 2,Percentage of energy supply,2015,1.48
Frequency of observation: Annual,Renewable energy supply (excluding solid biofuels) 2,Percentage of energy supply,2016,1.66
Frequency of observation: Annual,Renewable energy supply (excluding solid biofuels) 2,Percentage of energy supply,2017,1.59
Frequency of observation: Annual,Renewable energy supply (excluding solid biofuels) 2,Percentage of energy supply,2018,1.34
Frequency of observation: Annual,Renewable energy supply (excluding solid biofuels) 2,Percentage of energy supply,2019,1.38
Frequency of observation: Annual,Renewable energy supply (excluding solid biofuels) 2,Percentage of energy supply,2020,1.59
Frequency of observation: Annual,Renewable energy supply (excluding solid biofuels) 2,Percentage of energy supply,2021,1.55
Frequency of observation: Annual,Renewable energy supply (excluding solid biofuels) 2,Percentage of energy supply,2022,1.62
Frequency of observation: Annual,Renewable energy supply (excluding solid biofuels) 2,Percentage of energy supply,2023,1.69
Frequency of observation: Annual,"Non-energy material productivity, GDP per unit of DMC 1","US dollars per kilogramme, 2020",2009,1.23
Frequency of observation: Annual,"Non-energy material productivity, GDP per unit of DMC 1","US dollars per kilogramme, 2020",2010,1.31
Frequency of observation: Annual,"Non-energy material productivity, GDP per unit of DMC 1","US dollars per kilogramme, 2020",2011,1.22
Frequency of observation: Annual,"Non-energy material productivity, GDP per unit of DMC 1","US dollars per kilogramme, 2020",2012,1.35
Frequency of observation: Annual,"Non-energy material productivity, GDP per unit of DMC 1","US dollars per kilogramme, 2020",2013,1.27
Frequency of observation: Annual,"Non-energy material productivity, GDP per unit of DMC 1","US dollars per kilogramme, 2020",2014,1.31
Frequency of observation: Annual,"Non-energy material productivity, GDP per unit of DMC 1","US dollars per kilogramme, 2020",2015,1.28
Frequency of observation: Annual,"Non-energy material productivity, GDP per unit of DMC 1","US dollars per kilogramme, 2020",2016,1.27
Frequency of observation: Annual,"Non-energy material productivity, GDP per unit of DMC 1","US dollars per kilogramme, 2020",2017,1.26
Frequency of observation: Annual,"Non-energy material productivity, GDP per unit of DMC 1","US dollars per kilogramme, 2020",2018,1.26
Frequency of observation: Annual,"Non-energy material productivity, GDP per unit of DMC 1","US dollars per kilogramme, 2020",2019,1.31
Frequency of observation: Annual,"Non-energy material productivity, GDP per unit of DMC 1","US dollars per kilogramme, 2020",2020,1.24
Frequency of observation: Annual,"Non-energy material productivity, GDP per unit of DMC 1","US dollars per kilogramme, 2020",2021,1.26
Frequency of observation: Annual,"Non-energy material productivity, GDP per unit of DMC 1","US dollars per kilogramme, 2020",2022,1.35
Frequency of observation: Annual,"Non-energy material productivity, GDP per unit of DMC 1","US dollars per kilogramme, 2020",2023,1.5
Frequency of observation: Annual,"Non-energy material productivity, GDP per unit of DMC 1","US dollars per kilogramme, 2020",2024,1.36
Frequency of observation: Annual,Consumption of biomass 1,Percentage of domestic material consumption,2009,25.08
Frequency of observation: Annual,Consumption of biomass 1,Percentage of domestic material consumption,2010,18.2
Frequency of observation: Annual,Consumption of biomass 1,Percentage of domestic material consumption,2011,27.41
Frequency of observation: Annual,Consumption of biomass 1,Percentage of domestic material consumption,2012,16.84
Frequency of observation: Annual,Consumption of biomass 1,Percentage of domestic material consumption,2013,20.02
Frequency of observation: Annual,Consumption of biomass 1,Percentage of domestic material consumption,2014,19.41
Frequency of observation: Annual,Consumption of biomass 1,Percentage of domestic material consumption,2015,20.27
Frequency of observation: Annual,Consumption of biomass 1,Percentage of domestic material consumption,2016,21.22
Frequency of observation: Annual,Consumption of biomass 1,Percentage of domestic material consumption,2017,20.67
Frequency of observation: Annual,Consumption of biomass 1,Percentage of domestic material consumption,2018,19.72
Frequency of observation: Annual,Consumption of biomass 1,Percentage of domestic material consumption,2019,18.81
Frequency of observation: Annual,Consumption of biomass 1,Percentage of domestic material consumption,2020,20.66
Frequency of observation: Annual,Consumption of biomass 1,Percentage of domestic material consumption,2021,18.98
Frequency of observation: Annual,Consumption of biomass 1,Percentage of domestic material consumption,2022,18.69
Frequency of observation: Annual,Consumption of biomass 1,Percentage of domestic material consumption,2023,18.35
Frequency of observation: Annual,Consumption of biomass 1,Percentage of domestic material consumption,2024,18.01
Frequency of observation: Annual,Consumption of non-metallic minerals 1,Percentage of domestic material consumption,2009,20.79
Frequency of observation: Annual,Consumption of non-metallic minerals 1,Percentage of domestic material consumption,2010,22.51
Frequency of observation: Annual,Consumption of non-metallic minerals 1,Percentage of domestic material consumption,2011,20.59
Frequency of observation: Annual,Consumption of non-metallic minerals 1,Percentage of domestic material consumption,2012,25.72
Frequency of observation: Annual,Consumption of non-metallic minerals 1,Percentage of domestic material consumption,2013,24.26
Frequency of observation: Annual,Consumption of non-metallic minerals 1,Percentage of domestic material consumption,2014,23.93
Frequency of observation: Annual,Consumption of non-metallic minerals 1,Percentage of domestic material consumption,2015,24.6
Frequency of observation: Annual,Consumption of non-metallic minerals 1,Percentage of domestic material consumption,2016,23.04
Frequency of observation: Annual,Consumption of non-metallic minerals 1,Percentage of domestic material consumption,2017,23.63
Frequency of observation: Annual,Consumption of non-metallic minerals 1,Percentage of domestic material consumption,2018,22.62
Frequency of observation: Annual,Consumption of non-metallic minerals 1,Percentage of domestic material consumption,2019,23.14
Frequency of observation: Annual,Consumption of non-metallic minerals 1,Percentage of domestic material consumption,2020,22.37
Frequency of observation: Annual,Consumption of non-metallic minerals 1,Percentage of domestic material consumption,2021,23.05
Frequency of observation: Annual,Consumption of non-metallic minerals 1,Percentage of domestic material consumption,2022,22.49
Frequency of observation: Annual,Consumption of non-metallic minerals 1,Percentage of domestic material consumption,2023,21.59
Frequency of observation: Annual,Consumption of non-metallic minerals 1,Percentage of domestic material consumption,2024,22.09
Frequency of observation: Annual,Consumption of metals 1,Percentage of domestic material consumption,2009,54.13
Frequency of observation: Annual,Consumption of metals 1,Percentage of domestic material consumption,2010,59.29
Frequency of observation: Annual,Consumption of metals 1,Percentage of domestic material consumption,2011,52.0
Frequency of observation: Annual,Consumption of metals 1,Percentage of domestic material consumption,2012,57.44
Frequency of observation: Annual,Consumption of metals 1,Percentage of domestic material consumption,2013,55.73
Frequency of observation: Annual,Consumption of metals 1,Percentage of domestic material consumption,2014,56.65
Frequency of observation: Annual,Consumption of metals 1,Percentage of domestic material consumption,2015,55.13
Frequency of observation: Annual,Consumption of metals 1,Percentage of domestic material consumption,2016,55.74
Frequency of observation: Annual,Consumption of metals 1,Percentage of domestic material consumption,2017,55.7
Frequency of observation: Annual,Consumption of metals 1,Percentage of domestic material consumption,2018,57.66
Frequency of observation: Annual,Consumption of metals 1,Percentage of domestic material consumption,2019,58.05
Frequency of observation: Annual,Consumption of metals 1,Percentage of domestic material consumption,2020,56.96
Frequency of observation: Annual,Consumption of metals 1,Percentage of domestic material consumption,2021,57.96
Frequency of observation: Annual,Consumption of metals 1,Percentage of domestic material consumption,2022,58.82
Frequency of observation: Annual,Consumption of metals 1,Percentage of domestic material consumption,2023,60.05
Frequency of observation: Annual,Consumption of metals 1,Percentage of domestic material consumption,2024,59.9
Frequency of observation: Annual,Nitrogen balance 2,Kilogrammes per hectare,2009,-14.97
Frequency of observation: Annual,Nitrogen balance 2,Kilogrammes per hectare,2010,-14.16
Frequency of observation: Annual,Nitrogen balance 2,Kilogrammes per hectare,2011,-15.52
Frequency of observation: Annual,Nitrogen balance 2,Kilogrammes per hectare,2012,-14.21
Frequency of observation: Annual,Nitrogen balance 2,Kilogrammes per hectare,2013,-14.97
Frequency of observation: Annual,Nitrogen balance 2,Kilogrammes per hectare,2014,-14.63
Frequency of observation: Annual,Nitrogen balance 2,Kilogrammes per hectare,2015,-14.54
Frequency of observation: Annual,Nitrogen balance 2,Kilogrammes per hectare,2016,-14.58
Frequency of observation: Annual,Nitrogen balance 2,Kilogrammes per hectare,2017,-14.42
Frequency of observation: Annual,Nitrogen balance 2,Kilogrammes per hectare,2018,-14.21
Frequency of observation: Annual,Nitrogen balance 2,Kilogrammes per hectare,2019,-14.07
Frequency of observation: Annual,Nitrogen balance 2,Kilogrammes per hectare,2020,-13.86
Frequency of observation: Annual,Phosphorus balance 2,Kilogrammes per hectare,2009,-2.61
Frequency of observation: Annual,Phosphorus balance 2,Kilogrammes per hectare,2010,-2.46
Frequency of observation: Annual,Phosphorus balance 2,Kilogrammes per hectare,2011,-2.71
Frequency of observation: Annual,Phosphorus balance 2,Kilogrammes per hectare,2012,-2.48
Frequency of observation: Annual,Phosphorus balance 2,Kilogrammes per hectare,2013,-2.54
Frequency of observation: Annual,Phosphorus balance 2,Kilogrammes per hectare,2014,-2.49
Frequency of observation: Annual,Phosphorus balance 2,Kilogrammes per hectare,2015,-2.45
Frequency of observation: Annual,Phosphorus balance 2,Kilogrammes per hectare,2016,-2.49
Frequency of observation: Annual,Phosphorus balance 2,Kilogrammes per hectare,2017,-2.44
Frequency of observation: Annual,Phosphorus balance 2,Kilogrammes per hectare,2018,-2.39
Frequency of observation: Annual,Phosphorus balance 2,Kilogrammes per hectare,2019,-2.3
Frequency of observation: Annual,Phosphorus balance 2,Kilogrammes per hectare,2020,-2.28
Freshwater resources,Permanent surface water 5,Percentage of area,2015,1.76
Freshwater resources,Seasonal surface water 5,Percentage of area,2015,1.38
Freshwater resources,Conversion of permanent water to not-water surface 5,Percentage of permanent water surface in 1984,2015,23.04
Freshwater resources,Conversion of permanent water to seasonal water surface 5,Percentage of permanent water surface in 1984,2015,6.96
Freshwater resources,Conversion of non-water topermanent water surface 5,Percentage of permanent water surface in 1984,2015,4.86
Freshwater resources,Conversion of seasonal water to permanent water surface 5,Percentage of permanent water surface in 1984,2015,0.37
Freshwater resources,Forest resource stocks 1,Cubic metres,2010,365.7
Freshwater resources,Forest resource stocks 1,Cubic metres,2015,397.4
Freshwater resources,Forest resource stocks 1,Cubic metres,2020,407.0
Freshwater resources,Forest resource stocks 1,Cubic metres,2025,453.91
Freshwater resources,Forests with long-term management plans 1,Percentage of forested area,2010,100.0
Freshwater resources,Forests with long-term management plans 1,Percentage of forested area,2015,100.0
Freshwater resources,Forests with long-term management plans 1,Percentage of forested area,2020,99.96
Freshwater resources,Forests with long-term management plans 1,Percentage of forested area,2025,98.77
Freshwater resources,Naturally regenerating forests 1,Percentage of forested area,2010,85.58
Freshwater resources,Naturally regenerating forests 1,Percentage of forested area,2015,87.28
Freshwater resources,Naturally regenerating forests 1,Percentage of forested area,2020,87.76
Freshwater resources,Naturally regenerating forests 1,Percentage of forested area,2025,87.76
Freshwater resources,Intact forest landscape 1,Square kilometres,2013,4192.23
Freshwater resources,Intact forest landscape 1,Square kilometres,2016,4161.21
Freshwater resources,Intact forest landscape loss 1,Percentage of intact forest landscape in 2000,2013,2.3
Freshwater resources,Intact forest landscape loss 1,Percentage of intact forest landscape in 2000,2016,3.03
Freshwater resources,Sales of pesticides per unit of agricultural land 2,Kilogramme,2009,0.04
Freshwater resources,Sales of pesticides per unit of agricultural land 2,Kilogramme,2010,0.03
Freshwater resources,Sales of pesticides per unit of agricultural land 2,Kilogramme,2011,0.05
Freshwater resources,Sales of pesticides per unit of agricultural land 2,Kilogramme,2012,0.04
Freshwater resources,Sales of pesticides per unit of agricultural land 2,Kilogramme,2013,0.04
Freshwater resources,Sales of pesticides per unit of agricultural land 2,Kilogramme,2014,0.05
Freshwater resources,Sales of pesticides per unit of agricultural land 2,Kilogramme,2015,0.05
Freshwater resources,Sales of pesticides per unit of agricultural land 2,Kilogramme,2016,0.05
Freshwater resources,Sales of pesticides per unit of agricultural land 2,Kilogramme,2017,0.06
Freshwater resources,Sales of pesticides per unit of agricultural land 2,Kilogramme,2018,0.06
Freshwater resources,Sales of pesticides per unit of agricultural land 2,Kilogramme,2019,0.06
Freshwater resources,Sales of pesticides per unit of agricultural land 2,Kilogramme,2020,0.07
Freshwater resources,Population exposure to PM2.5 4,Cubic metres,2009,18.33
Freshwater resources,Population exposure to PM2.5 4,Cubic metres,2010,20.06
Freshwater resources,Population exposure to PM2.5 4,Cubic metres,2011,24.94
Freshwater resources,Population exposure to PM2.5 4,Cubic metres,2012,26.55
Freshwater resources,Population exposure to PM2.5 4,Cubic metres,2013,25.12
Freshwater resources,Population exposure to PM2.5 4,Cubic metres,2014,23.34
Freshwater resources,Population exposure to PM2.5 4,Cubic metres,2015,22.1
Freshwater resources,Population exposure to PM2.5 4,Cubic metres,2016,22.26
Freshwater resources,Population exposure to PM2.5 4,Cubic metres,2017,20.62
Freshwater resources,Population exposure to PM2.5 4,Cubic metres,2018,20.22
Freshwater resources,Population exposure to PM2.5 4,Cubic metres,2019,20.51
Freshwater resources,Population exposure to PM2.5 4,Cubic metres,2020,19.63
Freshwater resources,Population exposed to more than 5 micrograms/m3 4,Percentage of population,2009,99.99
Freshwater resources,Population exposed to more than 5 micrograms/m3 4,Percentage of population,2010,99.99
Freshwater resources,Population exposed to more than 5 micrograms/m3 4,Percentage of population,2011,99.99
Freshwater resources,Population exposed to more than 5 micrograms/m3 4,Percentage of population,2012,99.99
Freshwater resources,Population exposed to more than 5 micrograms/m3 4,Percentage of population,2013,99.99
Freshwater resources,Population exposed to more than 5 micrograms/m3 4,Percentage of population,2014,99.99
Freshwater resources,Population exposed to more than 5 micrograms/m3 4,Percentage of population,2015,99.99
Freshwater resources,Population exposed to more than 5 micrograms/m3 4,Percentage of population,2016,99.99
Freshwater resources,Population exposed to more than 5 micrograms/m3 4,Percentage of population,2017,99.99
Freshwater resources,Population exposed to more than 5 micrograms/m3 4,Percentage of population,2018,99.99
Freshwater resources,Population exposed to more than 5 micrograms/m3 4,Percentage of population,2019,99.99
Freshwater resources,Population exposed to more than 5 micrograms/m3 4,Percentage of population,2020,99.99
Freshwater resources,Population exposed to more than 10 micrograms/m3 4,Percentage of population,2009,97.32
Freshwater resources,Population exposed to more than 10 micrograms/m3 4,Percentage of population,2010,99.14
Freshwater resources,Population exposed to more than 10 micrograms/m3 4,Percentage of population,2011,99.98
Freshwater resources,Population exposed to more than 10 micrograms/m3 4,Percentage of population,2012,99.99
Freshwater resources,Population exposed to more than 10 micrograms/m3 4,Percentage of population,2013,99.96
Freshwater resources,Population exposed to more than 10 micrograms/m3 4,Percentage of population,2014,99.91
Freshwater resources,Population exposed to more than 10 micrograms/m3 4,Percentage of population,2015,99.73
Freshwater resources,Population exposed to more than 10 micrograms/m3 4,Percentage of population,2016,99.59
Freshwater resources,Population exposed to more than 10 micrograms/m3 4,Percentage of population,2017,99.23
Freshwater resources,Population exposed to more than 10 micrograms/m3 4,Percentage of population,2018,99.1
Freshwater resources,Population exposed to more than 10 micrograms/m3 4,Percentage of population,2019,99.22
Freshwater resources,Population exposed to more than 10 micrograms/m3 4,Percentage of population,2020,98.53
Freshwater resources,Population exposed to more than 35 micrograms/m3 4,Percentage of population,2009,0.0
Freshwater resources,Population exposed to more than 35 micrograms/m3 4,Percentage of population,2010,0.88
Freshwater resources,Population exposed to more than 35 micrograms/m3 4,Percentage of population,2011,9.16
Freshwater resources,Population exposed to more than 35 micrograms/m3 4,Percentage of population,2012,13.48
Freshwater resources,Population exposed to more than 35 micrograms/m3 4,Percentage of population,2013,11.69
Freshwater resources,Population exposed to more than 35 micrograms/m3 4,Percentage of population,2014,7.0
Freshwater resources,Population exposed to more than 35 micrograms/m3 4,Percentage of population,2015,4.84
Freshwater resources,Population exposed to more than 35 micrograms/m3 4,Percentage of population,2016,5.57
Freshwater resources,Population exposed to more than 35 micrograms/m3 4,Percentage of population,2017,2.69
Freshwater resources,Population exposed to more than 35 micrograms/m3 4,Percentage of population,2018,2.78
Freshwater resources,Population exposed to more than 35 micrograms/m3 4,Percentage of population,2019,2.88
Freshwater resources,Population exposed to more than 35 micrograms/m3 4,Percentage of population,2020,0.0
Freshwater resources,Mortality from exposure to ambient PM2.5 3,Deaths per 1 000 000 inhabitants,2009,614.77
Freshwater resources,Mortality from exposure to ambient PM2.5 3,Deaths per 1 000 000 inhabitants,2010,619.41
Freshwater resources,Mortality from exposure to ambient PM2.5 3,Deaths per 1 000 000 inhabitants,2011,616.34
Freshwater resources,Mortality from exposure to ambient PM2.5 3,Deaths per 1 000 000 inhabitants,2012,613.68
Freshwater resources,Mortality from exposure to ambient PM2.5 3,Deaths per 1 000 000 inhabitants,2013,602.09
Freshwater resources,Mortality from exposure to ambient PM2.5 3,Deaths per 1 000 000 inhabitants,2014,588.85
Freshwater resources,Mortality from exposure to ambient PM2.5 3,Deaths per 1 000 000 inhabitants,2015,578.58
Freshwater resources,Mortality from exposure to ambient PM2.5 3,Deaths per 1 000 000 inhabitants,2016,565.81
Freshwater resources,Mortality from exposure to ambient PM2.5 3,Deaths per 1 000 000 inhabitants,2017,550.82
Freshwater resources,Mortality from exposure to ambient PM2.5 3,Deaths per 1 000 000 inhabitants,2018,550.76
Freshwater resources,Mortality from exposure to ambient PM2.5 3,Deaths per 1 000 000 inhabitants,2019,546.67
Freshwater resources,Welfare costs of premature mortalities from exposure to ambient PM2.5 3,Percentage of GDP,2009,6.57
Freshwater resources,Welfare costs of premature mortalities from exposure to ambient PM2.5 3,Percentage of GDP,2010,6.57
Freshwater resources,Welfare costs of premature mortalities from exposure to ambient PM2.5 3,Percentage of GDP,2011,6.51
Freshwater resources,Welfare costs of premature mortalities from exposure to ambient PM2.5 3,Percentage of GDP,2012,6.46
Freshwater resources,Welfare costs of premature mortalities from exposure to ambient PM2.5 3,Percentage of GDP,2013,6.31
Freshwater resources,Welfare costs of premature mortalities from exposure to ambient PM2.5 3,Percentage of GDP,2014,6.15
Freshwater resources,Welfare costs of premature mortalities from exposure to ambient PM2.5 3,Percentage of GDP,2015,6.04
Freshwater resources,Welfare costs of premature mortalities from exposure to ambient PM2.5 3,Percentage of GDP,2016,5.9
Freshwater resources,Welfare costs of premature mortalities from exposure to ambient PM2.5 3,Percentage of GDP,2017,5.73
Freshwater resources,Welfare costs of premature mortalities from exposure to ambient PM2.5 3,Percentage of GDP,2018,5.71
Freshwater resources,Welfare costs of premature mortalities from exposure to ambient PM2.5 3,Percentage of GDP,2019,5.66
Freshwater resources,Mortality from exposure to ambient ozone 3,Deaths per 1 000 000 inhabitants,2009,23.46
Freshwater resources,Mortality from exposure to ambient ozone 3,Deaths per 1 000 000 inhabitants,2010,22.21
Freshwater resources,Mortality from exposure to ambient ozone 3,Deaths per 1 000 000 inhabitants,2011,25.58
Freshwater resources,Mortality from exposure to ambient ozone 3,Deaths per 1 000 000 inhabitants,2012,26.74
Freshwater resources,Mortality from exposure to ambient ozone 3,Deaths per 1 000 000 inhabitants,2013,26.15
Freshwater resources,Mortality from exposure to ambient ozone 3,Deaths per 1 000 000 inhabitants,2014,23.36
Freshwater resources,Mortality from exposure to ambient ozone 3,Deaths per 1 000 000 inhabitants,2015,27.22
Freshwater resources,Mortality from exposure to ambient ozone 3,Deaths per 1 000 000 inhabitants,2016,33.23
Freshwater resources,Mortality from exposure to ambient ozone 3,Deaths per 1 000 000 inhabitants,2017,41.99
Freshwater resources,Mortality from exposure to ambient ozone 3,Deaths per 1 000 000 inhabitants,2018,32.77
Freshwater resources,Mortality from exposure to ambient ozone 3,Deaths per 1 000 000 inhabitants,2019,30.82
Freshwater resources,Welfare costs of premature mortalities from exposure to ambient ozone 3,Percentage of GDP,2009,0.25
Freshwater resources,Welfare costs of premature mortalities from exposure to ambient ozone 3,Percentage of GDP,2010,0.24
Freshwater resources,Welfare costs of premature mortalities from exposure to ambient ozone 3,Percentage of GDP,2011,0.27
Freshwater resources,Welfare costs of premature mortalities from exposure to ambient ozone 3,Percentage of GDP,2012,0.28
Freshwater resources,Welfare costs of premature mortalities from exposure to ambient ozone 3,Percentage of GDP,2013,0.27
Freshwater resources,Welfare costs of premature mortalities from exposure to ambient ozone 3,Percentage of GDP,2014,0.24
Freshwater resources,Welfare costs of premature mortalities from exposure to ambient ozone 3,Percentage of GDP,2015,0.28
Freshwater resources,Welfare costs of premature mortalities from exposure to ambient ozone 3,Percentage of GDP,2016,0.35
Freshwater resources,Welfare costs of premature mortalities from exposure to ambient ozone 3,Percentage of GDP,2017,0.44
Freshwater resources,Welfare costs of premature mortalities from exposure to ambient ozone 3,Percentage of GDP,2018,0.34
Freshwater resources,Welfare costs of premature mortalities from exposure to ambient ozone 3,Percentage of GDP,2019,0.32
Freshwater resources,Mortality from exposure to lead 3,Deaths per 1 000 000 inhabitants,2009,96.95
Freshwater resources,Mortality from exposure to lead 3,Deaths per 1 000 000 inhabitants,2010,94.36
Freshwater resources,Mortality from exposure to lead 3,Deaths per 1 000 000 inhabitants,2011,90.45
Freshwater resources,Mortality from exposure to lead 3,Deaths per 1 000 000 inhabitants,2012,86.41
Freshwater resources,Mortality from exposure to lead 3,Deaths per 1 000 000 inhabitants,2013,81.91
Freshwater resources,Mortality from exposure to lead 3,Deaths per 1 000 000 inhabitants,2014,77.6
Freshwater resources,Mortality from exposure to lead 3,Deaths per 1 000 000 inhabitants,2015,74.3
Freshwater resources,Mortality from exposure to lead 3,Deaths per 1 000 000 inhabitants,2016,71.59
Freshwater resources,Mortality from exposure to lead 3,Deaths per 1 000 000 inhabitants,2017,66.75
Freshwater resources,Mortality from exposure to lead 3,Deaths per 1 000 000 inhabitants,2018,67.34
Freshwater resources,Mortality from exposure to lead 3,Deaths per 1 000 000 inhabitants,2019,65.43
Freshwater resources,Welfare costs of premature mortalities from exposure to lead 3,Percentage of GDP,2009,1.04
Freshwater resources,Welfare costs of premature mortalities from exposure to lead 3,Percentage of GDP,2010,1.0
Freshwater resources,Welfare costs of premature mortalities from exposure to lead 3,Percentage of GDP,2011,0.95
Freshwater resources,Welfare costs of premature mortalities from exposure to lead 3,Percentage of GDP,2012,0.91
Freshwater resources,Welfare costs of premature mortalities from exposure to lead 3,Percentage of GDP,2013,0.86
Freshwater resources,Welfare costs of premature mortalities from exposure to lead 3,Percentage of GDP,2014,0.81
Freshwater resources,Welfare costs of premature mortalities from exposure to lead 3,Percentage of GDP,2015,0.78
Freshwater resources,Welfare costs of premature mortalities from exposure to lead 3,Percentage of GDP,2016,0.75
Freshwater resources,Welfare costs of premature mortalities from exposure to lead 3,Percentage of GDP,2017,0.69
Freshwater resources,Welfare costs of premature mortalities from exposure to lead 3,Percentage of GDP,2018,0.7
Freshwater resources,Welfare costs of premature mortalities from exposure to lead 3,Percentage of GDP,2019,0.68
Freshwater resources,Mortality from exposure to residential radon 3,Deaths per 1 000 000 inhabitants,2009,18.86
Freshwater resources,Mortality from exposure to residential radon 3,Deaths per 1 000 000 inhabitants,2010,18.78
Freshwater resources,Mortality from exposure to residential radon 3,Deaths per 1 000 000 inhabitants,2011,18.5
Freshwater resources,Mortality from exposure to residential radon 3,Deaths per 1 000 000 inhabitants,2012,18.14
Freshwater resources,Mortality from exposure to residential radon 3,Deaths per 1 000 000 inhabitants,2013,17.45
Freshwater resources,Mortality from exposure to residential radon 3,Deaths per 1 000 000 inhabitants,2014,16.87
Freshwater resources,Mortality from exposure to residential radon 3,Deaths per 1 000 000 inhabitants,2015,16.51
Freshwater resources,Mortality from exposure to residential radon 3,Deaths per 1 000 000 inhabitants,2016,16.55
Freshwater resources,Mortality from exposure to residential radon 3,Deaths per 1 000 000 inhabitants,2017,16.27
Freshwater resources,Mortality from exposure to residential radon 3,Deaths per 1 000 000 inhabitants,2018,16.67
Freshwater resources,Mortality from exposure to residential radon 3,Deaths per 1 000 000 inhabitants,2019,16.52
Freshwater resources,Welfare costs of premature mortalities from exposure to residential radon 3,Percentage of GDP,2009,0.2
Freshwater resources,Welfare costs of premature mortalities from exposure to residential radon 3,Percentage of GDP,2010,0.2
Freshwater resources,Welfare costs of premature mortalities from exposure to residential radon 3,Percentage of GDP,2011,0.2
Freshwater resources,Welfare costs of premature mortalities from exposure to residential radon 3,Percentage of GDP,2012,0.19
Freshwater resources,Welfare costs of premature mortalities from exposure to residential radon 3,Percentage of GDP,2013,0.18
Freshwater resources,Welfare costs of premature mortalities from exposure to residential radon 3,Percentage of GDP,2014,0.18
Freshwater resources,Welfare costs of premature mortalities from exposure to residential radon 3,Percentage of GDP,2015,0.17
Freshwater resources,Welfare costs of premature mortalities from exposure to residential radon 3,Percentage of GDP,2016,0.17
Freshwater resources,Welfare costs of premature mortalities from exposure to residential radon 3,Percentage of GDP,2017,0.17
Freshwater resources,Welfare costs of premature mortalities from exposure to residential radon 3,Percentage of GDP,2018,0.17
Freshwater resources,Welfare costs of premature mortalities from exposure to residential radon 3,Percentage of GDP,2019,0.17
Access to drinking water and sewage treatment,Population with access to improved drinking water sources 1,Percentage of population,2009,76.22
Access to drinking water and sewage treatment,Population with access to improved drinking water sources 1,Percentage of population,2010,77.88
Access to drinking water and sewage treatment,Population with access to improved drinking water sources 1,Percentage of population,2011,79.56
Access to drinking water and sewage treatment,Population with access to improved drinking water sources 1,Percentage of population,2012,81.25
Access to drinking water and sewage treatment,Population with access to improved drinking water sources 1,Percentage of population,2013,82.91
Access to drinking water and sewage treatment,Population with access to improved drinking water sources 1,Percentage of population,2014,84.49
Access to drinking water and sewage treatment,Population with access to improved drinking water sources 1,Percentage of population,2015,86.08
Access to drinking water and sewage treatment,Population with access to improved drinking water sources 1,Percentage of population,2016,87.69
Access to drinking water and sewage treatment,Population with access to improved drinking water sources 1,Percentage of population,2017,89.3
Access to drinking water and sewage treatment,Population with access to improved drinking water sources 1,Percentage of population,2018,89.31
Access to drinking water and sewage treatment,Population with access to improved drinking water sources 1,Percentage of population,2019,89.32
Access to drinking water and sewage treatment,Population with access to improved drinking water sources 1,Percentage of population,2020,89.33
Access to drinking water and sewage treatment,Population with access to improved drinking water sources 1,Percentage of population,2021,89.35
Access to drinking water and sewage treatment,Population exposure to hot days 1,Percentage of population,2009,36.38
Access to drinking water and sewage treatment,Population exposure to hot days 1,Percentage of population,2010,46.57
Access to drinking water and sewage treatment,Population exposure to hot days 1,Percentage of population,2011,25.31
Access to drinking water and sewage treatment,Population exposure to hot days 1,Percentage of population,2012,44.65
Access to drinking water and sewage treatment,Population exposure to hot days 1,Percentage of population,2013,25.87
Access to drinking water and sewage treatment,Population exposure to hot days 1,Percentage of population,2014,51.41
Access to drinking water and sewage treatment,Population exposure to hot days 1,Percentage of population,2015,49.0
Access to drinking water and sewage treatment,Population exposure to hot days 1,Percentage of population,2016,24.89
Access to drinking water and sewage treatment,Population exposure to hot days 1,Percentage of population,2017,52.03
Access to drinking water and sewage treatment,Population exposure to hot days 1,Percentage of population,2018,30.45
Access to drinking water and sewage treatment,Population exposure to hot days 1,Percentage of population,2019,40.05
Access to drinking water and sewage treatment,Population exposure to hot days 1,Percentage of population,2020,54.1
Access to drinking water and sewage treatment,Population exposure to hot days 1,Percentage of population,2021,51.52
Access to drinking water and sewage treatment,Population exposure to hot days 1,Percentage of population,2022,55.23
Access to drinking water and sewage treatment,Population exposure to hot days 1,Percentage of population,2023,58.03
Access to drinking water and sewage treatment,Population exposure to wildfires 2,Percentage of population,2009,0.01
Access to drinking water and sewage treatment,Population exposure to wildfires 2,Percentage of population,2010,0.01
Access to drinking water and sewage treatment,Population exposure to wildfires 2,Percentage of population,2011,0.24
Access to drinking water and sewage treatment,Population exposure to wildfires 2,Percentage of population,2012,0.24
Access to drinking water and sewage treatment,Population exposure to wildfires 2,Percentage of population,2013,0.0
Access to drinking water and sewage treatment,Population exposure to wildfires 2,Percentage of population,2014,0.01
Access to drinking water and sewage treatment,Population exposure to wildfires 2,Percentage of population,2015,0.0
Access to drinking water and sewage treatment,Population exposure to wildfires 2,Percentage of population,2016,0.0
Access to drinking water and sewage treatment,Population exposure to wildfires 2,Percentage of population,2017,0.01
Access to drinking water and sewage treatment,Population exposure to wildfires 2,Percentage of population,2018,0.0
Access to drinking water and sewage treatment,Population exposure to wildfires 2,Percentage of population,2019,0.0
Access to drinking water and sewage treatment,Population exposure to wildfires 2,Percentage of population,2020,0.0
Access to drinking water and sewage treatment,Population exposure to wildfires 2,Percentage of population,2021,0.01
Access to drinking water and sewage treatment,Population exposure to wildfires 2,Percentage of population,2022,0.02
Access to drinking water and sewage treatment,Population exposure to icing days 1,Percentage of population,2009,15.88
Access to drinking water and sewage treatment,Population exposure to icing days 1,Percentage of population,2010,5.02
Access to drinking water and sewage treatment,Population exposure to icing days 1,Percentage of population,2011,0.42
Access to drinking water and sewage treatment,Population exposure to icing days 1,Percentage of population,2012,0.0
Access to drinking water and sewage treatment,Population exposure to icing days 1,Percentage of population,2013,7.33
Access to drinking water and sewage treatment,Population exposure to icing days 1,Percentage of population,2014,0.1
Access to drinking water and sewage treatment,Population exposure to icing days 1,Percentage of population,2015,9.96
Access to drinking water and sewage treatment,Population exposure to icing days 1,Percentage of population,2016,9.71
Access to drinking water and sewage treatment,Population exposure to icing days 1,Percentage of population,2017,5.68
Access to drinking water and sewage treatment,Population exposure to icing days 1,Percentage of population,2018,6.87
Access to drinking water and sewage treatment,Population exposure to icing days 1,Percentage of population,2019,15.83
Access to drinking water and sewage treatment,Population exposure to icing days 1,Percentage of population,2020,4.77
Access to drinking water and sewage treatment,Population exposure to icing days 1,Percentage of population,2021,10.33
Access to drinking water and sewage treatment,Population exposure to icing days 1,Percentage of population,2022,11.87
Access to drinking water and sewage treatment,Population exposure to icing days 1,Percentage of population,2023,1.77
Access to drinking water and sewage treatment,Development of environment-related technologies 3,"Inventions per 1 000 000 inhabitants, Millions",2009,0.47
Access to drinking water and sewage treatment,Development of environment-related technologies 3,"Inventions per 1 000 000 inhabitants, Millions",2010,0.33
Access to drinking water and sewage treatment,Development of environment-related technologies 3,"Inventions per 1 000 000 inhabitants, Millions",2011,0.38
Access to drinking water and sewage treatment,Development of environment-related technologies 3,"Inventions per 1 000 000 inhabitants, Millions",2012,0.46
Access to drinking water and sewage treatment,Development of environment-related technologies 3,"Inventions per 1 000 000 inhabitants, Millions",2013,1.29
Access to drinking water and sewage treatment,Development of environment-related technologies 3,"Inventions per 1 000 000 inhabitants, Millions",2014,0.28
Access to drinking water and sewage treatment,Development of environment-related technologies 3,"Inventions per 1 000 000 inhabitants, Millions",2015,0.62
Access to drinking water and sewage treatment,Development of environment-related technologies 3,"Inventions per 1 000 000 inhabitants, Millions",2016,0.5
Access to drinking water and sewage treatment,Development of environment-related technologies 3,"Inventions per 1 000 000 inhabitants, Millions",2017,0.48
Access to drinking water and sewage treatment,Development of environment-related technologies 3,"Inventions per 1 000 000 inhabitants, Millions",2018,0.18
Access to drinking water and sewage treatment,Development of environment-related technologies 3,"Inventions per 1 000 000 inhabitants, Millions",2019,0.35
Access to drinking water and sewage treatment,Development of environment-related technologies 3,"Inventions per 1 000 000 inhabitants, Millions",2020,0.23
Access to drinking water and sewage treatment,Development of environment-related technologies 3,"Inventions per 1 000 000 inhabitants, Millions",2021,0.18
Access to drinking water and sewage treatment,Development of environment-related technologies 3,"Inventions per 1 000 000 inhabitants, Millions",2022,0.03
Access to drinking water and sewage treatment,Development of environment-related technologies 3,Percentage of domestic inventions,2009,21.51
Access to drinking water and sewage treatment,Development of environment-related technologies 3,Percentage of domestic inventions,2010,13.09
Access to drinking water and sewage treatment,Development of environment-related technologies 3,Percentage of domestic inventions,2011,13.45
Access to drinking water and sewage treatment,Development of environment-related technologies 3,Percentage of domestic inventions,2012,19.33
Access to drinking water and sewage treatment,Development of environment-related technologies 3,Percentage of domestic inventions,2013,30.93
Access to drinking water and sewage treatment,Development of environment-related technologies 3,Percentage of domestic inventions,2014,13.95
Access to drinking water and sewage treatment,Development of environment-related technologies 3,Percentage of domestic inventions,2015,23.01
Access to drinking water and sewage treatment,Development of environment-related technologies 3,Percentage of domestic inventions,2016,23.06
Access to drinking water and sewage treatment,Development of environment-related technologies 3,Percentage of domestic inventions,2017,20.46
Access to drinking water and sewage treatment,Development of environment-related technologies 3,Percentage of domestic inventions,2018,7.21
Access to drinking water and sewage treatment,Development of environment-related technologies 3,Percentage of domestic inventions,2019,19.15
Access to drinking water and sewage treatment,Development of environment-related technologies 3,Percentage of domestic inventions,2020,13.82
Access to drinking water and sewage treatment,Development of environment-related technologies 3,Percentage of domestic inventions,2021,16.41
Access to drinking water and sewage treatment,Development of environment-related technologies 3,Percentage of domestic inventions,2022,2.76
Access to drinking water and sewage treatment,Development of environment-related technologies 3,Percentage of environment related worldwide inventions,2009,0.02
Access to drinking water and sewage treatment,Development of environment-related technologies 3,Percentage of environment related worldwide inventions,2010,0.01
Access to drinking water and sewage treatment,Development of environment-related technologies 3,Percentage of environment related worldwide inventions,2011,0.02
Access to drinking water and sewage treatment,Development of environment-related technologies 3,Percentage of environment related worldwide inventions,2012,0.02
Access to drinking water and sewage treatment,Development of environment-related technologies 3,Percentage of environment related worldwide inventions,2013,0.05
Access to drinking water and sewage treatment,Development of environment-related technologies 3,Percentage of environment related worldwide inventions,2014,0.01
Access to drinking water and sewage treatment,Development of environment-related technologies 3,Percentage of environment related worldwide inventions,2015,0.03
Access to drinking water and sewage treatment,Development of environment-related technologies 3,Percentage of environment related worldwide inventions,2016,0.02
Access to drinking water and sewage treatment,Development of environment-related technologies 3,Percentage of environment related worldwide inventions,2017,0.02
Access to drinking water and sewage treatment,Development of environment-related technologies 3,Percentage of environment related worldwide inventions,2018,0.01
Access to drinking water and sewage treatment,Development of environment-related technologies 3,Percentage of environment related worldwide inventions,2019,0.01
Access to drinking water and sewage treatment,Development of environment-related technologies 3,Percentage of environment related worldwide inventions,2020,0.01
Access to drinking water and sewage treatment,Development of environment-related technologies 3,Percentage of environment related worldwide inventions,2021,0.01
Access to drinking water and sewage treatment,Development of environment-related technologies 3,Percentage of environment related worldwide inventions,2022,0.0
Access to drinking water and sewage treatment,Relative technological advantage in environment-related technologies 3,Index,2009,1.75
Access to drinking water and sewage treatment,Relative technological advantage in environment-related technologies 3,Index,2010,1.0
Access to drinking water and sewage treatment,Relative technological advantage in environment-related technologies 3,Index,2011,1.02
Access to drinking water and sewage treatment,Relative technological advantage in environment-related technologies 3,Index,2012,1.48
Access to drinking water and sewage treatment,Relative technological advantage in environment-related technologies 3,Index,2013,2.49
Access to drinking water and sewage treatment,Relative technological advantage in environment-related technologies 3,Index,2014,1.13
Access to drinking water and sewage treatment,Relative technological advantage in environment-related technologies 3,Index,2015,1.92
Access to drinking water and sewage treatment,Relative technological advantage in environment-related technologies 3,Index,2016,1.88
Access to drinking water and sewage treatment,Relative technological advantage in environment-related technologies 3,Index,2017,1.65
Access to drinking water and sewage treatment,Relative technological advantage in environment-related technologies 3,Index,2018,0.58
Access to drinking water and sewage treatment,Relative technological advantage in environment-related technologies 3,Index,2019,1.59
Access to drinking water and sewage treatment,Relative technological advantage in environment-related technologies 3,Index,2020,1.09
Access to drinking water and sewage treatment,Relative technological advantage in environment-related technologies 3,Index,2021,1.35
Access to drinking water and sewage treatment,Relative technological advantage in environment-related technologies 3,Index,2022,0.26
Access to drinking water and sewage treatment,Green trademarks 1,Registrations,2009,0.0
Access to drinking water and sewage treatment,Green trademarks 1,Registrations,2010,0.0
Access to drinking water and sewage treatment,Green trademarks 1,Registrations,2011,0.0
Access to drinking water and sewage treatment,Green trademarks 1,Registrations,2012,0.0
Access to drinking water and sewage treatment,Green trademarks 1,Registrations,2013,0.0
Access to drinking water and sewage treatment,Green trademarks 1,Registrations,2014,0.67
Access to drinking water and sewage treatment,Green trademarks 1,Registrations,2015,0.0
Access to drinking water and sewage treatment,Green trademarks 1,Registrations,2016,0.67
Access to drinking water and sewage treatment,Green trademarks 1,Registrations,2017,0.67
Access to drinking water and sewage treatment,Green trademarks 1,Registrations,2018,1.0
Access to drinking water and sewage treatment,Green trademarks 1,Registrations,2019,1.33
Access to drinking water and sewage treatment,Green trademarks 1,Registrations,2020,0.0
Access to drinking water and sewage treatment,Green trademarks 1,Registrations,2021,1.0
Access to drinking water and sewage treatment,Green trademarks 1,Registrations,2022,0.0
Access to drinking water and sewage treatment,Import trade in environmentally related goods 1,Percentage of GDP,2009,4.68
Access to drinking water and sewage treatment,Import trade in environmentally related goods 1,Percentage of GDP,2010,2.85
Access to drinking water and sewage treatment,Import trade in environmentally related goods 1,Percentage of GDP,2011,3.15
Access to drinking water and sewage treatment,Import trade in environmentally related goods 1,Percentage of GDP,2012,3.35
Access to drinking water and sewage treatment,Import trade in environmentally related goods 1,Percentage of GDP,2013,2.96
Access to drinking water and sewage treatment,Import trade in environmentally related goods 1,Percentage of GDP,2014,2.97
Access to drinking water and sewage treatment,Import trade in environmentally related goods 1,Percentage of GDP,2015,2.98
Access to drinking water and sewage treatment,Import trade in environmentally related goods 1,Percentage of GDP,2016,3.57
Access to drinking water and sewage treatment,Import trade in environmentally related goods 1,Percentage of GDP,2017,2.74
Access to drinking water and sewage treatment,Import trade in environmentally related goods 1,Percentage of GDP,2018,3.0
Access to drinking water and sewage treatment,Import trade in environmentally related goods 1,Percentage of GDP,2019,3.93
Access to drinking water and sewage treatment,Import trade in environmentally related goods 1,Percentage of GDP,2020,4.99
Access to drinking water and sewage treatment,Import trade in environmentally related goods 1,Percentage of GDP,2021,2.72
Access to drinking water and sewage treatment,Import trade in environmentally related goods 1,Percentage of GDP,2022,2.69
Access to drinking water and sewage treatment,Import trade in environmentally related goods 1,Percentage of imports,2009,17.97
Access to drinking water and sewage treatment,Import trade in environmentally related goods 1,Percentage of imports,2010,16.07
Access to drinking water and sewage treatment,Import trade in environmentally related goods 1,Percentage of imports,2011,14.84
Access to drinking water and sewage treatment,Import trade in environmentally related goods 1,Percentage of imports,2012,15.51
Access to drinking water and sewage treatment,Import trade in environmentally related goods 1,Percentage of imports,2013,13.73
Access to drinking water and sewage treatment,Import trade in environmentally related goods 1,Percentage of imports,2014,13.99
Access to drinking water and sewage treatment,Import trade in environmentally related goods 1,Percentage of imports,2015,16.57
Access to drinking water and sewage treatment,Import trade in environmentally related goods 1,Percentage of imports,2016,16.06
Access to drinking water and sewage treatment,Import trade in environmentally related goods 1,Percentage of imports,2017,12.84
Access to drinking water and sewage treatment,Import trade in environmentally related goods 1,Percentage of imports,2018,14.47
Access to drinking water and sewage treatment,Import trade in environmentally related goods 1,Percentage of imports,2019,17.19
Access to drinking water and sewage treatment,Import trade in environmentally related goods 1,Percentage of imports,2020,20.49
Access to drinking water and sewage treatment,Import trade in environmentally related goods 1,Percentage of imports,2021,11.37
Access to drinking water and sewage treatment,Import trade in environmentally related goods 1,Percentage of imports,2022,10.84
Access to drinking water and sewage treatment,Export trade in environmentally related goods 1,Percentage of GDP,2009,0.13
Access to drinking water and sewage treatment,Export trade in environmentally related goods 1,Percentage of GDP,2010,0.09
Access to drinking water and sewage treatment,Export trade in environmentally related goods 1,Percentage of GDP,2011,0.14
Access to drinking water and sewage treatment,Export trade in environmentally related goods 1,Percentage of GDP,2012,0.33
Access to drinking water and sewage treatment,Export trade in environmentally related goods 1,Percentage of GDP,2013,0.14
Access to drinking water and sewage treatment,Export trade in environmentally related goods 1,Percentage of GDP,2014,0.16
Access to drinking water and sewage treatment,Export trade in environmentally related goods 1,Percentage of GDP,2015,0.14
Access to drinking water and sewage treatment,Export trade in environmentally related goods 1,Percentage of GDP,2016,0.2
Access to drinking water and sewage treatment,Export trade in environmentally related goods 1,Percentage of GDP,2017,0.16
Access to drinking water and sewage treatment,Export trade in environmentally related goods 1,Percentage of GDP,2018,0.17
Access to drinking water and sewage treatment,Export trade in environmentally related goods 1,Percentage of GDP,2019,0.29
Access to drinking water and sewage treatment,Export trade in environmentally related goods 1,Percentage of GDP,2020,0.27
Access to drinking water and sewage treatment,Export trade in environmentally related goods 1,Percentage of GDP,2021,0.26
Access to drinking water and sewage treatment,Export trade in environmentally related goods 1,Percentage of GDP,2022,0.33
Access to drinking water and sewage treatment,Export trade in environmentally related goods 1,Percentage of exports,2009,0.33
Access to drinking water and sewage treatment,Export trade in environmentally related goods 1,Percentage of exports,2010,0.23
Access to drinking water and sewage treatment,Export trade in environmentally related goods 1,Percentage of exports,2011,0.34
Access to drinking water and sewage treatment,Export trade in environmentally related goods 1,Percentage of exports,2012,0.82
Access to drinking water and sewage treatment,Export trade in environmentally related goods 1,Percentage of exports,2013,0.43
Access to drinking water and sewage treatment,Export trade in environmentally related goods 1,Percentage of exports,2014,0.5
Access to drinking water and sewage treatment,Export trade in environmentally related goods 1,Percentage of exports,2015,0.52
Access to drinking water and sewage treatment,Export trade in environmentally related goods 1,Percentage of exports,2016,0.8
Access to drinking water and sewage treatment,Export trade in environmentally related goods 1,Percentage of exports,2017,0.49
Access to drinking water and sewage treatment,Export trade in environmentally related goods 1,Percentage of exports,2018,0.44
Access to drinking water and sewage treatment,Export trade in environmentally related goods 1,Percentage of exports,2019,0.81
Access to drinking water and sewage treatment,Export trade in environmentally related goods 1,Percentage of exports,2020,0.99
Access to drinking water and sewage treatment,Export trade in environmentally related goods 1,Percentage of exports,2021,0.7
Access to drinking water and sewage treatment,Export trade in environmentally related goods 1,Percentage of exports,2022,0.8
Access to drinking water and sewage treatment,Environment-related ODA 1,Percentage of sector-allocable official development assistance,2020,0.08
Access to drinking water and sewage treatment,ODA targeting climate change mitigation 1,Percentage of sector-allocable official development assistance,2020,0.03
Access to drinking water and sewage treatment,ODA targeting climate change adaptation 1,Percentage of sector-allocable official development assistance,2020,0.08
Access to drinking water and sewage treatment,ODA targeting renewable energy sector 1,Percentage of sector-allocable official development assistance,2018,0.0
Access to drinking water and sewage treatment,ODA targeting renewable energy sector 1,Percentage of sector-allocable official development assistance,2019,0.0
Access to drinking water and sewage treatment,ODA targeting renewable energy sector 1,Percentage of sector-allocable official development assistance,2020,0.0
Access to drinking water and sewage treatment,ODA targeting renewable energy sector 1,Percentage of sector-allocable official development assistance,2021,0.0
Access to drinking water and sewage treatment,ODA targeting renewable energy sector 1,Percentage of sector-allocable official development assistance,2022,0.0
Access to drinking water and sewage treatment,ODA targeting water supply and sanitation sector 1,Percentage of sector-allocable official development assistance,2018,0.05
Access to drinking water and sewage treatment,ODA targeting water supply and sanitation sector 1,Percentage of sector-allocable official development assistance,2019,0.05
Access to drinking water and sewage treatment,ODA targeting water supply and sanitation sector 1,Percentage of sector-allocable official development assistance,2020,0.0
Access to drinking water and sewage treatment,ODA targeting water supply and sanitation sector 1,Percentage of sector-allocable official development assistance,2021,0.0
Access to drinking water and sewage treatment,ODA targeting water supply and sanitation sector 1,Percentage of sector-allocable official development assistance,2022,0.12
Access to drinking water and sewage treatment,ODA targeting environmental protection activities 1,Percentage of sector-allocable official development assistance,2018,3.05
Access to drinking water and sewage treatment,ODA targeting environmental protection activities 1,Percentage of sector-allocable official development assistance,2019,2.65
Access to drinking water and sewage treatment,ODA targeting environmental protection activities 1,Percentage of sector-allocable official development assistance,2020,5.51
Access to drinking water and sewage treatment,ODA targeting environmental protection activities 1,Percentage of sector-allocable official development assistance,2021,16.27
Access to drinking water and sewage treatment,ODA targeting environmental protection activities 1,Percentage of sector-allocable official development assistance,2022,0.24
Access to drinking water and sewage treatment,Net ODA provided 1,Percentage of gross national income,2013,0.0
Access to drinking water and sewage treatment,Net ODA provided 1,Percentage of gross national income,2014,0.02
Access to drinking water and sewage treatment,Net ODA provided 1,Percentage of gross national income,2015,0.02
Access to drinking water and sewage treatment,Net ODA provided 1,Percentage of gross national income,2016,0.03
Access to drinking water and sewage treatment,Net ODA provided 1,Percentage of gross national income,2017,0.02
Access to drinking water and sewage treatment,Net ODA provided 1,Percentage of gross national income,2018,0.03
Access to drinking water and sewage treatment,Net ODA provided 1,Percentage of gross national income,2019,0.02
Access to drinking water and sewage treatment,Net ODA provided 1,Percentage of gross national income,2020,0.02
Access to drinking water and sewage treatment,Net ODA provided 1,Percentage of gross national income,2021,0.03
Access to drinking water and sewage treatment,Net ODA provided 1,Percentage of gross national income,2022,0.02
Access to drinking water and sewage treatment,Net ODA provided 1,Percentage of gross national income,2023,0.01
Access to drinking water and sewage treatment,Environment related tax revenue 2,Percentage of GDP,2009,1.15
Access to drinking water and sewage treatment,Environment related tax revenue 2,Percentage of GDP,2010,1.05
Access to drinking water and sewage treatment,Environment related tax revenue 2,Percentage of GDP,2011,0.92
Access to drinking water and sewage treatment,Environment related tax revenue 2,Percentage of GDP,2012,0.91
Access to drinking water and sewage treatment,Environment related tax revenue 2,Percentage of GDP,2013,0.9
Access to drinking water and sewage treatment,Environment related tax revenue 2,Percentage of GDP,2014,0.73
Access to drinking water and sewage treatment,Environment related tax revenue 2,Percentage of GDP,2015,0.61
Access to drinking water and sewage treatment,Environment related tax revenue 2,Percentage of GDP,2016,0.67
Access to drinking water and sewage treatment,Environment related tax revenue 2,Percentage of GDP,2017,0.83
Access to drinking water and sewage treatment,Environment related tax revenue 2,Percentage of GDP,2018,0.86
Access to drinking water and sewage treatment,Environment related tax revenue 2,Percentage of GDP,2019,0.88
Access to drinking water and sewage treatment,Environment related tax revenue 2,Percentage of GDP,2020,0.86
Access to drinking water and sewage treatment,Environment related tax revenue 2,Percentage of GDP,2021,0.92
Access to drinking water and sewage treatment,Environment related tax revenue 2,Percentage of GDP,2022,1.02
Access to drinking water and sewage treatment,Environment related tax revenue 2,Percentage of GDP,2023,1.1
Access to drinking water and sewage treatment,Environment related tax revenue 2,Percentage of tax revenue,2009,5.43
Access to drinking water and sewage treatment,Environment related tax revenue 2,Percentage of tax revenue,2010,4.42
Access to drinking water and sewage treatment,Environment related tax revenue 2,Percentage of tax revenue,2011,3.6
Access to drinking water and sewage treatment,Environment related tax revenue 2,Percentage of tax revenue,2012,3.83
Access to drinking water and sewage treatment,Environment related tax revenue 2,Percentage of tax revenue,2013,4.01
Access to drinking water and sewage treatment,Environment related tax revenue 2,Percentage of tax revenue,2014,3.46
Access to drinking water and sewage treatment,Environment related tax revenue 2,Percentage of tax revenue,2015,3.95
Access to drinking water and sewage treatment,Environment related tax revenue 2,Percentage of tax revenue,2016,4.5
Access to drinking water and sewage treatment,Environment related tax revenue 2,Percentage of tax revenue,2017,5.17
Access to drinking water and sewage treatment,Environment related tax revenue 2,Percentage of tax revenue,2018,5.06
Access to drinking water and sewage treatment,Environment related tax revenue 2,Percentage of tax revenue,2019,5.27
Access to drinking water and sewage treatment,Environment related tax revenue 2,Percentage of tax revenue,2020,6.1
Access to drinking water and sewage treatment,Environment related tax revenue 2,Percentage of tax revenue,2021,5.92
Access to drinking water and sewage treatment,Environment related tax revenue 2,Percentage of tax revenue,2022,5.15
Access to drinking water and sewage treatment,Environment related tax revenue 2,Percentage of tax revenue,2023,5.66
Access to drinking water and sewage treatment,Energy related tax revenue 2,Percentage of environment related tax revenue,2009,10.48
Access to drinking water and sewage treatment,Energy related tax revenue 2,Percentage of environment related tax revenue,2010,9.15
Access to drinking water and sewage treatment,Energy related tax revenue 2,Percentage of environment related tax revenue,2011,8.0
Access to drinking water and sewage treatment,Energy related tax revenue 2,Percentage of environment related tax revenue,2012,7.97
Access to drinking water and sewage treatment,Energy related tax revenue 2,Percentage of environment related tax revenue,2013,7.41
Access to drinking water and sewage treatment,Energy related tax revenue 2,Percentage of environment related tax revenue,2014,8.73
Access to drinking water and sewage treatment,Energy related tax revenue 2,Percentage of environment related tax revenue,2015,10.45
Access to drinking water and sewage treatment,Energy related tax revenue 2,Percentage of environment related tax revenue,2016,13.33
Access to drinking water and sewage treatment,Energy related tax revenue 2,Percentage of environment related tax revenue,2017,12.93
Access to drinking water and sewage treatment,Energy related tax revenue 2,Percentage of environment related tax revenue,2018,12.72
Access to drinking water and sewage treatment,Energy related tax revenue 2,Percentage of environment related tax revenue,2019,11.75
Access to drinking water and sewage treatment,Energy related tax revenue 2,Percentage of environment related tax revenue,2020,21.05
Access to drinking water and sewage treatment,Energy related tax revenue 2,Percentage of environment related tax revenue,2021,18.2
Access to drinking water and sewage treatment,Energy related tax revenue 2,Percentage of environment related tax revenue,2022,30.98
Access to drinking water and sewage treatment,Energy related tax revenue 2,Percentage of environment related tax revenue,2023,31.29
Access to drinking water and sewage treatment,Road transport related tax revenue 2,Percentage of environment related tax revenue,2009,10.63
Access to drinking water and sewage treatment,Road transport related tax revenue 2,Percentage of environment related tax revenue,2010,12.27
Access to drinking water and sewage treatment,Road transport related tax revenue 2,Percentage of environment related tax revenue,2011,12.35
Access to drinking water and sewage treatment,Road transport related tax revenue 2,Percentage of environment related tax revenue,2012,12.11
Access to drinking water and sewage treatment,Road transport related tax revenue 2,Percentage of environment related tax revenue,2013,12.35
Access to drinking water and sewage treatment,Road transport related tax revenue 2,Percentage of environment related tax revenue,2014,14.94
Access to drinking water and sewage treatment,Road transport related tax revenue 2,Percentage of environment related tax revenue,2015,17.22
Access to drinking water and sewage treatment,Road transport related tax revenue 2,Percentage of environment related tax revenue,2016,14.86
Access to drinking water and sewage treatment,Road transport related tax revenue 2,Percentage of environment related tax revenue,2017,13.33
Access to drinking water and sewage treatment,Road transport related tax revenue 2,Percentage of environment related tax revenue,2018,12.66
Access to drinking water and sewage treatment,Road transport related tax revenue 2,Percentage of environment related tax revenue,2019,11.96
Access to drinking water and sewage treatment,Road transport related tax revenue 2,Percentage of environment related tax revenue,2020,9.84
Access to drinking water and sewage treatment,Road transport related tax revenue 2,Percentage of environment related tax revenue,2021,9.46
Access to drinking water and sewage treatment,Road transport related tax revenue 2,Percentage of environment related tax revenue,2022,7.74
Access to drinking water and sewage treatment,Road transport related tax revenue 2,Percentage of environment related tax revenue,2023,6.85
Access to drinking water and sewage treatment,Petrol tax rate 1,"US dollars per litre, PPP converted, 2020",2011,0.0
Access to drinking water and sewage treatment,Petrol end-user price 1,"US dollars per litre, PPP converted, 2020",2009,1.47
Access to drinking water and sewage treatment,Petrol end-user price 1,"US dollars per litre, PPP converted, 2020",2010,1.49
Access to drinking water and sewage treatment,Petrol end-user price 1,"US dollars per litre, PPP converted, 2020",2011,1.73
Access to drinking water and sewage treatment,Petrol end-user price 1,"US dollars per litre, PPP converted, 2020",2012,1.92
Access to drinking water and sewage treatment,Petrol end-user price 1,"US dollars per litre, PPP converted, 2020",2013,1.84
Access to drinking water and sewage treatment,Petrol end-user price 1,"US dollars per litre, PPP converted, 2020",2014,1.81
Access to drinking water and sewage treatment,Petrol end-user price 1,"US dollars per litre, PPP converted, 2020",2015,1.58
Access to drinking water and sewage treatment,Petrol end-user price 1,"US dollars per litre, PPP converted, 2020",2016,1.45
Access to drinking water and sewage treatment,Petrol end-user price 1,"US dollars per litre, PPP converted, 2020",2017,1.52
Access to drinking water and sewage treatment,Petrol end-user price 1,"US dollars per litre, PPP converted, 2020",2018,1.58
Access to drinking water and sewage treatment,Petrol end-user price 1,"US dollars per litre, PPP converted, 2020",2019,1.44
Access to drinking water and sewage treatment,Petrol end-user price 1,"US dollars per litre, PPP converted, 2020",2020,1.37
Access to drinking water and sewage treatment,Petrol end-user price 1,"US dollars per litre, PPP converted, 2020",2021,1.41
Access to drinking water and sewage treatment,Petrol end-user price 1,"US dollars per litre, PPP converted, 2020",2022,1.33
Access to drinking water and sewage treatment,Petrol end-user price 1,"US dollars per litre, PPP converted, 2020",2023,1.28
Access to drinking water and sewage treatment,Residential electricity price 1,"US dollars per kilowatt hour, PPP converted, 2020",2009,0.15
Access to drinking water and sewage treatment,Residential electricity price 1,"US dollars per kilowatt hour, PPP converted, 2020",2010,0.15
Access to drinking water and sewage treatment,Residential electricity price 1,"US dollars per kilowatt hour, PPP converted, 2020",2011,0.14
Access to drinking water and sewage treatment,Residential electricity price 1,"US dollars per kilowatt hour, PPP converted, 2020",2012,0.14
Access to drinking water and sewage treatment,Residential electricity price 1,"US dollars per kilowatt hour, PPP converted, 2020",2013,0.14
Access to drinking water and sewage treatment,Residential electricity price 1,"US dollars per kilowatt hour, PPP converted, 2020",2014,0.14
Access to drinking water and sewage treatment,Residential electricity price 1,"US dollars per kilowatt hour, PPP converted, 2020",2015,0.13
Access to drinking water and sewage treatment,Residential electricity price 1,"US dollars per kilowatt hour, PPP converted, 2020",2016,0.12
Access to drinking water and sewage treatment,Residential electricity price 1,"US dollars per kilowatt hour, PPP converted, 2020",2017,0.11
Access to drinking water and sewage treatment,Residential electricity price 1,"US dollars per kilowatt hour, PPP converted, 2020",2018,0.11
Access to drinking water and sewage treatment,Residential electricity price 1,"US dollars per kilowatt hour, PPP converted, 2020",2019,0.09
Access to drinking water and sewage treatment,Residential electricity price 1,"US dollars per kilowatt hour, PPP converted, 2020",2020,0.09
Access to drinking water and sewage treatment,Residential electricity price 1,"US dollars per kilowatt hour, PPP converted, 2020",2021,0.1
Access to drinking water and sewage treatment,Residential electricity price 1,"US dollars per kilowatt hour, PPP converted, 2020",2022,0.09
Access to drinking water and sewage treatment,Residential electricity price 1,"US dollars per kilowatt hour, PPP converted, 2020",2023,0.09
Access to drinking water and sewage treatment,Industry electricity price 1,"US dollars per kilowatt hour, PPP converted, 2020",2009,0.14
Access to drinking water and sewage treatment,Industry electricity price 1,"US dollars per kilowatt hour, PPP converted, 2020",2010,0.14
Access to drinking water and sewage treatment,Industry electricity price 1,"US dollars per kilowatt hour, PPP converted, 2020",2011,0.16
Access to drinking water and sewage treatment,Industry electricity price 1,"US dollars per kilowatt hour, PPP converted, 2020",2012,0.16
Access to drinking water and sewage treatment,Industry electricity price 1,"US dollars per kilowatt hour, PPP converted, 2020",2013,0.17
Access to drinking water and sewage treatment,Industry electricity price 1,"US dollars per kilowatt hour, PPP converted, 2020",2014,0.18
Access to drinking water and sewage treatment,Industry electricity price 1,"US dollars per kilowatt hour, PPP converted, 2020",2015,0.19
Access to drinking water and sewage treatment,Industry electricity price 1,"US dollars per kilowatt hour, PPP converted, 2020",2016,0.17
Access to drinking water and sewage treatment,Industry electricity price 1,"US dollars per kilowatt hour, PPP converted, 2020",2017,0.16
Access to drinking water and sewage treatment,Industry electricity price 1,"US dollars per kilowatt hour, PPP converted, 2020",2018,0.15
Access to drinking water and sewage treatment,Industry electricity price 1,"US dollars per kilowatt hour, PPP converted, 2020",2019,0.14
Access to drinking water and sewage treatment,Industry electricity price 1,"US dollars per kilowatt hour, PPP converted, 2020",2020,0.15
Access to drinking water and sewage treatment,Industry electricity price 1,"US dollars per kilowatt hour, PPP converted, 2020",2021,0.14
Access to drinking water and sewage treatment,Industry electricity price 1,"US dollars per kilowatt hour, PPP converted, 2020",2022,0.13
Access to drinking water and sewage treatment,Industry electricity price 1,"US dollars per kilowatt hour, PPP converted, 2020",2023,0.13
Access to drinking water and sewage treatment,Terrestrial protected area 1,Percentage of area,2009,9.06
Access to drinking water and sewage treatment,Terrestrial protected area 1,Percentage of area,2010,9.14
Access to drinking water and sewage treatment,Terrestrial protected area 1,Percentage of area,2011,9.19
Access to drinking water and sewage treatment,Terrestrial protected area 1,Percentage of area,2012,9.79
Access to drinking water and sewage treatment,Terrestrial protected area 1,Percentage of area,2013,9.79
Access to drinking water and sewage treatment,Terrestrial protected area 1,Percentage of area,2014,9.79
Access to drinking water and sewage treatment,Terrestrial protected area 1,Percentage of area,2015,9.79
Access to drinking water and sewage treatment,Terrestrial protected area 1,Percentage of area,2016,9.8
Access to drinking water and sewage treatment,Terrestrial protected area 1,Percentage of area,2017,9.8
Access to drinking water and sewage treatment,Terrestrial protected area 1,Percentage of area,2018,9.91
Access to drinking water and sewage treatment,Terrestrial protected area 1,Percentage of area,2019,9.91
Access to drinking water and sewage treatment,Terrestrial protected area 1,Percentage of area,2020,9.91
Access to drinking water and sewage treatment,Terrestrial protected area 1,Percentage of area,2021,9.91
Access to drinking water and sewage treatment,Terrestrial protected area 1,Percentage of area,2022,9.91
Access to drinking water and sewage treatment,Terrestrial protected area 1,Percentage of area,2023,9.96
Access to drinking water and sewage treatment,Terrestrial protected area 1,Percentage of area,2024,9.96
Access to drinking water and sewage treatment,Real GDP 1,"US dollars, PPP converted, Millions, 2020",2009,375437.12
Access to drinking water and sewage treatment,Real GDP 1,"US dollars, PPP converted, Millions, 2020",2010,402844.03
Access to drinking water and sewage treatment,Real GDP 1,"US dollars, PPP converted, Millions, 2020",2011,432654.47
Access to drinking water and sewage treatment,Real GDP 1,"US dollars, PPP converted, Millions, 2020",2012,453421.91
Access to drinking water and sewage treatment,Real GDP 1,"US dollars, PPP converted, Millions, 2020",2013,480627.22
Access to drinking water and sewage treatment,Real GDP 1,"US dollars, PPP converted, Millions, 2020",2014,500813.56
Access to drinking water and sewage treatment,Real GDP 1,"US dollars, PPP converted, Millions, 2020",2015,506823.31
Access to drinking water and sewage treatment,Real GDP 1,"US dollars, PPP converted, Millions, 2020",2016,512398.38
Access to drinking water and sewage treatment,Real GDP 1,"US dollars, PPP converted, Millions, 2020",2017,533406.75
Access to drinking water and sewage treatment,Real GDP 1,"US dollars, PPP converted, Millions, 2020",2018,555276.38
Access to drinking water and sewage treatment,Real GDP 1,"US dollars, PPP converted, Millions, 2020",2019,580263.81
Access to drinking water and sewage treatment,Real GDP 1,"US dollars, PPP converted, Millions, 2020",2020,565757.25
Access to drinking water and sewage treatment,Real GDP 1,"US dollars, PPP converted, Millions, 2020",2021,590084.75
Access to drinking water and sewage treatment,Real GDP 1,"US dollars, PPP converted, Millions, 2020",2022,608967.56
Access to drinking water and sewage treatment,Real GDP 1,"US dollars, PPP converted, Millions, 2020",2023,640024.81
Access to drinking water and sewage treatment,Real GDP 1,"US dollars, PPP converted, Millions, 2020",2024,593238.38
Access to drinking water and sewage treatment,Real GDP 1,"Index, Millions, 2000",2009,41.01
Access to drinking water and sewage treatment,Real GDP 1,"Index, Millions, 2000",2010,44.01
Access to drinking water and sewage treatment,Real GDP 1,"Index, Millions, 2000",2011,47.26
Access to drinking water and sewage treatment,Real GDP 1,"Index, Millions, 2000",2012,49.53
Access to drinking water and sewage treatment,Real GDP 1,"Index, Millions, 2000",2013,52.51
Access to drinking water and sewage treatment,Real GDP 1,"Index, Millions, 2000",2014,54.71
Access to drinking water and sewage treatment,Real GDP 1,"Index, Millions, 2000",2015,55.37
Access to drinking water and sewage treatment,Real GDP 1,"Index, Millions, 2000",2016,55.98
Access to drinking water and sewage treatment,Real GDP 1,"Index, Millions, 2000",2017,58.27
Access to drinking water and sewage treatment,Real GDP 1,"Index, Millions, 2000",2018,60.66
Access to drinking water and sewage treatment,Real GDP 1,"Index, Millions, 2000",2019,63.39
Access to drinking water and sewage treatment,Real GDP 1,"Index, Millions, 2000",2020,61.81
Access to drinking water and sewage treatment,Real GDP 1,"Index, Millions, 2000",2021,64.46
Access to drinking water and sewage treatment,Real GDP 1,"Index, Millions, 2000",2022,66.53
Access to drinking water and sewage treatment,Real GDP 1,"Index, Millions, 2000",2023,69.92
Access to drinking water and sewage treatment,Real GDP 1,"Index, Millions, 2000",2024,64.81
Access to drinking water and sewage treatment,Labour tax revenue 2,Percentage of GDP,2009,3.47
Access to drinking water and sewage treatment,Labour tax revenue 2,Percentage of GDP,2010,3.2
Access to drinking water and sewage treatment,Labour tax revenue 2,Percentage of GDP,2011,2.94
Access to drinking water and sewage treatment,Labour tax revenue 2,Percentage of GDP,2012,3.1
Access to drinking water and sewage treatment,Labour tax revenue 2,Percentage of GDP,2013,2.99
Access to drinking water and sewage treatment,Labour tax revenue 2,Percentage of GDP,2014,3.04
Access to drinking water and sewage treatment,Labour tax revenue 2,Percentage of GDP,2015,3.19
Access to drinking water and sewage treatment,Labour tax revenue 2,Percentage of GDP,2016,3.17
Access to drinking water and sewage treatment,Labour tax revenue 2,Percentage of GDP,2017,2.99
Access to drinking water and sewage treatment,Labour tax revenue 2,Percentage of GDP,2018,2.89
Access to drinking water and sewage treatment,Labour tax revenue 2,Percentage of GDP,2019,2.79
Access to drinking water and sewage treatment,Labour tax revenue 2,Percentage of GDP,2020,3.09
Access to drinking water and sewage treatment,Labour tax revenue 2,Percentage of GDP,2021,3.22
Access to drinking water and sewage treatment,Labour tax revenue 2,Percentage of GDP,2022,3.49
Access to drinking water and sewage treatment,Labour tax revenue 2,Percentage of GDP,2023,3.9
Access to drinking water and sewage treatment,Labour tax revenue 2,Percentage of tax revenue,2009,16.39
Access to drinking water and sewage treatment,Labour tax revenue 2,Percentage of tax revenue,2010,13.45
Access to drinking water and sewage treatment,Labour tax revenue 2,Percentage of tax revenue,2011,11.51
Access to drinking water and sewage treatment,Labour tax revenue 2,Percentage of tax revenue,2012,13.01
Access to drinking water and sewage treatment,Labour tax revenue 2,Percentage of tax revenue,2013,13.24
Access to drinking water and sewage treatment,Labour tax revenue 2,Percentage of tax revenue,2014,14.42
Access to drinking water and sewage treatment,Labour tax revenue 2,Percentage of tax revenue,2015,20.53
Access to drinking water and sewage treatment,Labour tax revenue 2,Percentage of tax revenue,2016,21.22
Access to drinking water and sewage treatment,Labour tax revenue 2,Percentage of tax revenue,2017,18.66
Access to drinking water and sewage treatment,Labour tax revenue 2,Percentage of tax revenue,2018,17.05
Access to drinking water and sewage treatment,Labour tax revenue 2,Percentage of tax revenue,2019,16.76
Access to drinking water and sewage treatment,Labour tax revenue 2,Percentage of tax revenue,2020,21.98
Access to drinking water and sewage treatment,Labour tax revenue 2,Percentage of tax revenue,2021,20.63
Access to drinking water and sewage treatment,Labour tax revenue 2,Percentage of tax revenue,2022,17.68
Access to drinking water and sewage treatment,Labour tax revenue 2,Percentage of tax revenue,2023,20.09
Access to drinking water and sewage treatment,Real GDP per capita 1,"US dollars per person, PPP converted, 2020",2009,22589.69
Access to drinking water and sewage treatment,Real GDP per capita 1,"US dollars per person, PPP converted, 2020",2010,23926.39
Access to drinking water and sewage treatment,Real GDP per capita 1,"US dollars per person, PPP converted, 2020",2011,25351.84
Access to drinking water and sewage treatment,Real GDP per capita 1,"US dollars per person, PPP converted, 2020",2012,26200.11
Access to drinking water and sewage treatment,Real GDP per capita 1,"US dollars per person, PPP converted, 2020",2013,27376.02
Access to drinking water and sewage treatment,Real GDP per capita 1,"US dollars per person, PPP converted, 2020",2014,28109.88
Access to drinking water and sewage treatment,Real GDP per capita 1,"US dollars per person, PPP converted, 2020",2015,28025.8
Access to drinking water and sewage treatment,Real GDP per capita 1,"US dollars per person, PPP converted, 2020",2016,27902.94
Access to drinking water and sewage treatment,Real GDP per capita 1,"US dollars per person, PPP converted, 2020",2017,28597.94
Access to drinking water and sewage treatment,Real GDP per capita 1,"US dollars per person, PPP converted, 2020",2018,29328.92
Access to drinking water and sewage treatment,Real GDP per capita 1,"US dollars per person, PPP converted, 2020",2019,30207.04
Access to drinking water and sewage treatment,Real GDP per capita 1,"US dollars per person, PPP converted, 2020",2020,29039.82
Access to drinking water and sewage treatment,Real GDP per capita 1,"US dollars per person, PPP converted, 2020",2021,29887.39
Access to drinking water and sewage treatment,Real GDP per capita 1,"US dollars per person, PPP converted, 2020",2022,30395.78
Access to drinking water and sewage treatment,Real GDP per capita 1,"US dollars per person, PPP converted, 2020",2023,31481.63
Access to drinking water and sewage treatment,Real GDP per capita 1,"US dollars per person, PPP converted, 2020",2024,28808.37
Access to drinking water and sewage treatment,Nominal exchange rate 0,National currency per US dollar,2009,147.5
Access to drinking water and sewage treatment,Nominal exchange rate 0,National currency per US dollar,2010,147.35
Access to drinking water and sewage treatment,Nominal exchange rate 0,National currency per US dollar,2011,146.62
Access to drinking water and sewage treatment,Nominal exchange rate 0,National currency per US dollar,2012,149.11
Access to drinking water and sewage treatment,Nominal exchange rate 0,National currency per US dollar,2013,152.13
Access to drinking water and sewage treatment,Nominal exchange rate 0,National currency per US dollar,2014,179.19
Access to drinking water and sewage treatment,Nominal exchange rate 0,National currency per US dollar,2015,221.73
Access to drinking water and sewage treatment,Nominal exchange rate 0,National currency per US dollar,2016,342.16
Access to drinking water and sewage treatment,Nominal exchange rate 0,National currency per US dollar,2017,326.0
Access to drinking water and sewage treatment,Nominal exchange rate 0,National currency per US dollar,2018,344.71
Access to drinking water and sewage treatment,Nominal exchange rate 0,National currency per US dollar,2019,382.75
Access to drinking water and sewage treatment,Nominal exchange rate 0,National currency per US dollar,2020,412.95
Access to drinking water and sewage treatment,Nominal exchange rate 0,National currency per US dollar,2021,425.91
Access to drinking water and sewage treatment,Nominal exchange rate 0,National currency per US dollar,2022,460.17
Access to drinking water and sewage treatment,Nominal exchange rate 0,National currency per US dollar,2023,456.17
Access to drinking water and sewage treatment,Nominal exchange rate 0,National currency per US dollar,2024,456.13
Access to drinking water and sewage treatment,Purchasing power parity 1,National currency per US dollar,2009,58.85
Access to drinking water and sewage treatment,Purchasing power parity 1,National currency per US dollar,2010,69.51
Access to drinking water and sewage treatment,Purchasing power parity 1,National currency per US dollar,2011,82.09
Access to drinking water and sewage treatment,Purchasing power parity 1,National currency per US dollar,2012,83.87
Access to drinking water and sewage treatment,Purchasing power parity 1,National currency per US dollar,2013,86.32
Access to drinking water and sewage treatment,Purchasing power parity 1,National currency per US dollar,2014,92.95
Access to drinking water and sewage treatment,Purchasing power parity 1,National currency per US dollar,2015,100.55
Access to drinking water and sewage treatment,Purchasing power parity 1,National currency per US dollar,2016,111.1
Access to drinking water and sewage treatment,Purchasing power parity 1,National currency per US dollar,2017,121.61
Access to drinking water and sewage treatment,Purchasing power parity 1,National currency per US dollar,2018,130.11
Access to drinking water and sewage treatment,Purchasing power parity 1,National currency per US dollar,2019,126.17
Access to drinking water and sewage treatment,Purchasing power parity 1,National currency per US dollar,2020,124.88
Access to drinking water and sewage treatment,Purchasing power parity 1,National currency per US dollar,2021,129.06
Access to drinking water and sewage treatment,Purchasing power parity 1,National currency per US dollar,2022,144.29
Access to drinking water and sewage treatment,Purchasing power parity 1,National currency per US dollar,2023,153.01
Access to drinking water and sewage treatment,Purchasing power parity 1,National currency per US dollar,2024,159.55
Access to drinking water and sewage treatment,GDP deflator 1,"Index, 2020",2009,36.28
Access to drinking water and sewage treatment,GDP deflator 1,"Index, 2020",2010,43.37
Access to drinking water and sewage treatment,GDP deflator 1,"Index, 2020",2011,52.28
Access to drinking water and sewage treatment,GDP deflator 1,"Index, 2020",2012,54.78
Access to drinking water and sewage treatment,GDP deflator 1,"Index, 2020",2013,59.98
Access to drinking water and sewage treatment,GDP deflator 1,"Index, 2020",2014,63.44
Access to drinking water and sewage treatment,GDP deflator 1,"Index, 2020",2015,64.6
Access to drinking water and sewage treatment,GDP deflator 1,"Index, 2020",2016,73.41
Access to drinking water and sewage treatment,GDP deflator 1,"Index, 2020",2017,81.64
Access to drinking water and sewage treatment,GDP deflator 1,"Index, 2020",2018,89.15
Access to drinking water and sewage treatment,GDP deflator 1,"Index, 2020",2019,95.96
Access to drinking water and sewage treatment,GDP deflator 1,"Index, 2020",2020,100.0
Access to drinking water and sewage treatment,GDP deflator 1,"Index, 2020",2021,113.93
Access to drinking water and sewage treatment,GDP deflator 1,"Index, 2020",2022,136.45
Access to drinking water and sewage treatment,GDP deflator 1,"Index, 2020",2023,149.9
Access to drinking water and sewage treatment,GDP deflator 1,"Index, 2020",2024,160.35
Access to drinking water and sewage treatment,Consumer price index 1,"Index, 2020",2009,46.09
Access to drinking water and sewage treatment,Consumer price index 1,"Index, 2020",2010,49.5
Access to drinking water and sewage treatment,Consumer price index 1,"Index, 2020",2011,53.68
Access to drinking water and sewage treatment,Consumer price index 1,"Index, 2020",2012,56.47
Access to drinking water and sewage treatment,Consumer price index 1,"Index, 2020",2013,59.83
Access to drinking water and sewage treatment,Consumer price index 1,"Index, 2020",2014,63.93
Access to drinking water and sewage treatment,Consumer price index 1,"Index, 2020",2015,68.2
Access to drinking water and sewage treatment,Consumer price index 1,"Index, 2020",2016,77.99
Access to drinking water and sewage treatment,Consumer price index 1,"Index, 2020",2017,83.8
Access to drinking water and sewage treatment,Consumer price index 1,"Index, 2020",2018,88.96
Access to drinking water and sewage treatment,Consumer price index 1,"Index, 2020",2019,93.7
Access to drinking water and sewage treatment,Consumer price index 1,"Index, 2020",2020,100.0
Access to drinking water and sewage treatment,Consumer price index 1,"Index, 2020",2021,108.04
Access to drinking water and sewage treatment,Consumer price index 1,"Index, 2020",2022,124.28
Access to drinking water and sewage treatment,Consumer price index 1,"Index, 2020",2023,142.58
Access to drinking water and sewage treatment,Consumer price index 1,"Index, 2020",2024,154.52
Access to drinking water and sewage treatment,Population 1,"Persons, Thousands",2009,16619.85
Access to drinking water and sewage treatment,Population 1,"Persons, Thousands",2010,16836.81
Access to drinking water and sewage treatment,Population 1,"Persons, Thousands",2011,17066.0
Access to drinking water and sewage treatment,Population 1,"Persons, Thousands",2012,17306.11
Access to drinking water and sewage treatment,Population 1,"Persons, Thousands",2013,17556.5
Access to drinking water and sewage treatment,Population 1,"Persons, Thousands",2014,17816.28
Access to drinking water and sewage treatment,Population 1,"Persons, Thousands",2015,18084.17
Access to drinking water and sewage treatment,Population 1,"Persons, Thousands",2016,18363.6
Access to drinking water and sewage treatment,Population 1,"Persons, Thousands",2017,18651.93
Access to drinking water and sewage treatment,Population 1,"Persons, Thousands",2018,18932.73
Access to drinking water and sewage treatment,Population 1,"Persons, Thousands",2019,19209.56
Access to drinking water and sewage treatment,Population 1,"Persons, Thousands",2020,19482.12
Access to drinking water and sewage treatment,Population 1,"Persons, Thousands",2021,19743.6
Access to drinking water and sewage treatment,Population 1,"Persons, Thousands",2022,20034.61
Access to drinking water and sewage treatment,Population 1,"Persons, Thousands",2023,20330.1
Access to drinking water and sewage treatment,Population 1,"Persons, Thousands",2024,20592.57
Access to drinking water and sewage treatment,Female population 1,Percentage of population,2009,52.21
Access to drinking water and sewage treatment,Female population 1,Percentage of population,2010,52.2
Access to drinking water and sewage treatment,Female population 1,Percentage of population,2011,52.19
Access to drinking water and sewage treatment,Female population 1,Percentage of population,2012,52.17
Access to drinking water and sewage treatment,Female population 1,Percentage of population,2013,52.14
Access to drinking water and sewage treatment,Female population 1,Percentage of population,2014,52.11
Access to drinking water and sewage treatment,Female population 1,Percentage of population,2015,52.07
Access to drinking water and sewage treatment,Female population 1,Percentage of population,2016,52.03
Access to drinking water and sewage treatment,Female population 1,Percentage of population,2017,51.99
Access to drinking water and sewage treatment,Female population 1,Percentage of population,2018,51.87
Access to drinking water and sewage treatment,Female population 1,Percentage of population,2019,51.67
Access to drinking water and sewage treatment,Female population 1,Percentage of population,2020,51.48
Access to drinking water and sewage treatment,Female population 1,Percentage of population,2021,51.37
Access to drinking water and sewage treatment,Female population 1,Percentage of population,2022,51.34
Access to drinking water and sewage treatment,Female population 1,Percentage of population,2023,51.32
Access to drinking water and sewage treatment,"Population, ages 0-14 1",Percentage of population,2009,25.11
Access to drinking water and sewage treatment,"Population, ages 0-14 1",Percentage of population,2010,25.37
Access to drinking water and sewage treatment,"Population, ages 0-14 1",Percentage of population,2011,25.73
Access to drinking water and sewage treatment,"Population, ages 0-14 1",Percentage of population,2012,26.17
Access to drinking water and sewage treatment,"Population, ages 0-14 1",Percentage of population,2013,26.66
Access to drinking water and sewage treatment,"Population, ages 0-14 1",Percentage of population,2014,27.17
Access to drinking water and sewage treatment,"Population, ages 0-14 1",Percentage of population,2015,27.67
Access to drinking water and sewage treatment,"Population, ages 0-14 1",Percentage of population,2016,28.14
Access to drinking water and sewage treatment,"Population, ages 0-14 1",Percentage of population,2017,28.53
Access to drinking water and sewage treatment,"Population, ages 0-14 1",Percentage of population,2018,28.81
Access to drinking water and sewage treatment,"Population, ages 0-14 1",Percentage of population,2019,29.01
Access to drinking water and sewage treatment,"Population, ages 0-14 1",Percentage of population,2020,29.21
Access to drinking water and sewage treatment,"Population, ages 0-14 1",Percentage of population,2021,29.48
Access to drinking water and sewage treatment,"Population, ages 0-14 1",Percentage of population,2022,29.63
Access to drinking water and sewage treatment,"Population, ages 0-14 1",Percentage of population,2023,29.54
Access to drinking water and sewage treatment,"Population, ages 15-64 1",Percentage of population,2009,68.13
Access to drinking water and sewage treatment,"Population, ages 15-64 1",Percentage of population,2010,68.12
Access to drinking water and sewage treatment,"Population, ages 15-64 1",Percentage of population,2011,67.89
Access to drinking water and sewage treatment,"Population, ages 15-64 1",Percentage of population,2012,67.45
Access to drinking water and sewage treatment,"Population, ages 15-64 1",Percentage of population,2013,66.88
Access to drinking water and sewage treatment,"Population, ages 15-64 1",Percentage of population,2014,66.23
Access to drinking water and sewage treatment,"Population, ages 15-64 1",Percentage of population,2015,65.56
Access to drinking water and sewage treatment,"Population, ages 15-64 1",Percentage of population,2016,64.92
Access to drinking water and sewage treatment,"Population, ages 15-64 1",Percentage of population,2017,64.34
Access to drinking water and sewage treatment,"Population, ages 15-64 1",Percentage of population,2018,63.89
Access to drinking water and sewage treatment,"Population, ages 15-64 1",Percentage of population,2019,63.51
Access to drinking water and sewage treatment,"Population, ages 15-64 1",Percentage of population,2020,63.14
Access to drinking water and sewage treatment,"Population, ages 15-64 1",Percentage of population,2021,62.74
Access to drinking water and sewage treatment,"Population, ages 15-64 1",Percentage of population,2022,62.39
Access to drinking water and sewage treatment,"Population, ages 15-64 1",Percentage of population,2023,62.15
Access to drinking water and sewage treatment,"Population, ages 65 and above 1",Percentage of population,2009,6.75
Access to drinking water and sewage treatment,"Population, ages 65 and above 1",Percentage of population,2010,6.5
Access to drinking water and sewage treatment,"Population, ages 65 and above 1",Percentage of population,2011,6.38
Access to drinking water and sewage treatment,"Population, ages 65 and above 1",Percentage of population,2012,6.38
Access to drinking water and sewage treatment,"Population, ages 65 and above 1",Percentage of population,2013,6.46
Access to drinking water and sewage treatment,"Population, ages 65 and above 1",Percentage of population,2014,6.6
Access to drinking water and sewage treatment,"Population, ages 65 and above 1",Percentage of population,2015,6.76
Access to drinking water and sewage treatment,"Population, ages 65 and above 1",Percentage of population,2016,6.94
Access to drinking water and sewage treatment,"Population, ages 65 and above 1",Percentage of population,2017,7.12
Access to drinking water and sewage treatment,"Population, ages 65 and above 1",Percentage of population,2018,7.3
Access to drinking water and sewage treatment,"Population, ages 65 and above 1",Percentage of population,2019,7.48
Access to drinking water and sewage treatment,"Population, ages 65 and above 1",Percentage of population,2020,7.65
Access to drinking water and sewage treatment,"Population, ages 65 and above 1",Percentage of population,2021,7.78
Access to drinking water and sewage treatment,"Population, ages 65 and above 1",Percentage of population,2022,7.99
Access to drinking water and sewage treatment,"Population, ages 65 and above 1",Percentage of population,2023,8.31
Access to drinking water and sewage treatment,Total fertility rate 1,Live births per woman,2009,2.58
Access to drinking water and sewage treatment,Total fertility rate 1,Live births per woman,2010,2.61
Access to drinking water and sewage treatment,Total fertility rate 1,Live births per woman,2011,2.6
Access to drinking water and sewage treatment,Total fertility rate 1,Live births per woman,2012,2.64
Access to drinking water and sewage treatment,Total fertility rate 1,Live births per woman,2013,2.67
Access to drinking water and sewage treatment,Total fertility rate 1,Live births per woman,2014,2.76
Access to drinking water and sewage treatment,Total fertility rate 1,Live births per woman,2015,2.76
Access to drinking water and sewage treatment,Total fertility rate 1,Live births per woman,2016,2.8
Access to drinking water and sewage treatment,Total fertility rate 1,Live births per woman,2017,2.74
Access to drinking water and sewage treatment,Total fertility rate 1,Live births per woman,2018,2.85
Access to drinking water and sewage treatment,Total fertility rate 1,Live births per woman,2019,2.89
Access to drinking water and sewage treatment,Total fertility rate 1,Live births per woman,2020,3.13
Access to drinking water and sewage treatment,Total fertility rate 1,Live births per woman,2021,3.32
Access to drinking water and sewage treatment,Total fertility rate 1,Live births per woman,2022,3.05
Access to drinking water and sewage treatment,Total fertility rate 1,Live births per woman,2023,3.01
Access to drinking water and sewage treatment,Life expectancy at birth 1,Years,2009,67.46
Access to drinking water and sewage treatment,Life expectancy at birth 1,Years,2010,68.26
Access to drinking water and sewage treatment,Life expectancy at birth 1,Years,2011,69.11
Access to drinking water and sewage treatment,Life expectancy at birth 1,Years,2012,69.94
Access to drinking water and sewage treatment,Life expectancy at birth 1,Years,2013,70.72
Access to drinking water and sewage treatment,Life expectancy at birth 1,Years,2014,71.42
Access to drinking water and sewage treatment,Life expectancy at birth 1,Years,2015,72.02
Access to drinking water and sewage treatment,Life expectancy at birth 1,Years,2016,72.55
Access to drinking water and sewage treatment,Life expectancy at birth 1,Years,2017,73.0
Access to drinking water and sewage treatment,Life expectancy at birth 1,Years,2018,73.37
Access to drinking water and sewage treatment,Life expectancy at birth 1,Years,2019,73.66
Access to drinking water and sewage treatment,Life expectancy at birth 1,Years,2020,71.19
Access to drinking water and sewage treatment,Life expectancy at birth 1,Years,2021,70.13
Access to drinking water and sewage treatment,Life expectancy at birth 1,Years,2022,73.5
Access to drinking water and sewage treatment,Life expectancy at birth 1,Years,2023,74.4
Access to drinking water and sewage treatment,Net migration 1,Persons,2009,-0.47
Access to drinking water and sewage treatment,Net migration 1,Persons,2010,-0.41
Access to drinking water and sewage treatment,Net migration 1,Persons,2011,-0.18
Access to drinking water and sewage treatment,Net migration 1,Persons,2012,-0.26
Access to drinking water and sewage treatment,Net migration 1,Persons,2013,-0.22
Access to drinking water and sewage treatment,Net migration 1,Persons,2014,-0.57
Access to drinking water and sewage treatment,Net migration 1,Persons,2015,-0.11
Access to drinking water and sewage treatment,Net migration 1,Persons,2016,0.52
Access to drinking water and sewage treatment,Net migration 1,Persons,2017,1.14
Access to drinking water and sewage treatment,Net migration 1,Persons,2018,-0.35
Access to drinking water and sewage treatment,Net migration 1,Persons,2019,0.14
Access to drinking water and sewage treatment,Net migration 1,Persons,2020,-0.45
Access to drinking water and sewage treatment,Net migration 1,Persons,2021,-0.5
Access to drinking water and sewage treatment,Net migration 1,Persons,2022,2.28
Access to drinking water and sewage treatment,Net migration 1,Persons,2023,-0.24
Access to drinking water and sewage treatment,Population density 2,Inhabitants per square kilometre,2009,6.16
Access to drinking water and sewage treatment,Population density 2,Inhabitants per square kilometre,2010,6.24
Access to drinking water and sewage treatment,Population density 2,Inhabitants per square kilometre,2011,6.32
Access to drinking water and sewage treatment,Population density 2,Inhabitants per square kilometre,2012,6.41
Access to drinking water and sewage treatment,Population density 2,Inhabitants per square kilometre,2013,6.5
Access to drinking water and sewage treatment,Population density 2,Inhabitants per square kilometre,2014,6.6
Access to drinking water and sewage treatment,Population density 2,Inhabitants per square kilometre,2015,6.7
Access to drinking water and sewage treatment,Population density 2,Inhabitants per square kilometre,2016,6.8
Access to drinking water and sewage treatment,Population density 2,Inhabitants per square kilometre,2017,6.91
Access to drinking water and sewage treatment,Population density 2,Inhabitants per square kilometre,2018,7.01
Access to drinking water and sewage treatment,Population density 2,Inhabitants per square kilometre,2019,7.12
Access to drinking water and sewage treatment,Population density 2,Inhabitants per square kilometre,2020,7.22
Access to drinking water and sewage treatment,Population density 2,Inhabitants per square kilometre,2021,7.31
Access to drinking water and sewage treatment,Population density 2,Inhabitants per square kilometre,2022,7.42
Access to drinking water and sewage treatment,Population density 2,Inhabitants per square kilometre,2023,7.53
Land resources 1,Built-up area 0,Percentage of land area,2010,0.07
Land resources 1,Built-up area 0,Percentage of land area,2015,0.08
Land resources 1,Built-up area 0,Percentage of land area,2020,0.09
Land resources 1,Built-up area 0,Percentage of land area,2025,0.09
Land resources 1,Built-up area per capita 0,Square metres per person,2010,119.39
Land resources 1,Built-up area per capita 0,Square metres per person,2015,121.02
Land resources 1,Built-up area per capita 0,Square metres per person,2020,121.44
Land resources 1,Built-up area per capita 0,Square metres per person,2025,117.52
Land resources 1,Natural and semi-natural vegetated land 0,Percentage of area,2010,61.78
Land resources 1,Natural and semi-natural vegetated land 0,Percentage of area,2015,61.98
Land resources 1,Natural and semi-natural vegetated land 0,Percentage of area,2020,61.5
Land resources 1,Natural and semi-natural vegetated land 0,Percentage of area,2022,61.6
Land resources 1,Bare land 0,Percentage of area,2010,35.72
Land resources 1,Bare land 0,Percentage of area,2015,35.65
Land resources 1,Bare land 0,Percentage of area,2020,35.03
Land resources 1,Bare land 0,Percentage of area,2022,35.14
Land resources 1,Cropland 0,Percentage of area,2010,22.93
Land resources 1,Cropland 0,Percentage of area,2015,23.06
Land resources 1,Cropland 0,Percentage of area,2020,24.03
Land resources 1,Cropland 0,Percentage of area,2022,24.06
Land resources 1,Artifical surfaces 0,Percentage of area,2010,0.12
Land resources 1,Artifical surfaces 0,Percentage of area,2015,0.14
Land resources 1,Artifical surfaces 0,Percentage of area,2020,0.17
Land resources 1,Artifical surfaces 0,Percentage of area,2022,0.19
Land resources 1,Water 0,Percentage of area,2010,2.3
Land resources 1,Water 0,Percentage of area,2015,2.24
Land resources 1,Water 0,Percentage of area,2020,2.3
Land resources 1,Water 0,Percentage of area,2022,2.19
Land resources 1,Loss of natural and semi-natural vegetated land 0,"Percentage of natural and semi-natural land in base period, 2000",2010,2.91
Land resources 1,Loss of natural and semi-natural vegetated land 0,"Percentage of natural and semi-natural land in base period, 2000",2015,3.21
Land resources 1,Loss of natural and semi-natural vegetated land 0,"Percentage of natural and semi-natural land in base period, 2000",2020,4.91
Land resources 1,Loss of natural and semi-natural vegetated land 0,"Percentage of natural and semi-natural land in base period, 2000",2022,4.99
Land resources 1,Gain of natural and semi-natural vegetated land 0,"Percentage of natural and semi-natural land in base period, 2000",2010,2.93
Land resources 1,Gain of natural and semi-natural vegetated land 0,"Percentage of natural and semi-natural land in base period, 2000",2015,3.56
Land resources 1,Gain of natural and semi-natural vegetated land 0,"Percentage of natural and semi-natural land in base period, 2000",2020,4.49
Land resources 1,Gain of natural and semi-natural vegetated land 0,"Percentage of natural and semi-natural land in base period, 2000",2022,4.72
Frequency of observation: Annual,Energy consumption 2,Percentage of energy consumption,2009,2.83
Frequency of observation: Annual,Energy consumption 2,Percentage of energy consumption,2010,2.38
Frequency of observation: Annual,Energy consumption 2,Percentage of energy consumption,2011,2.19
Frequency of observation: Annual,Energy consumption 2,Percentage of energy consumption,2012,2.1
Frequency of observation: Annual,Energy consumption 2,Percentage of energy consumption,2013,1.9
Frequency of observation: Annual,Energy consumption 2,Percentage of energy consumption,2014,2.22
Frequency of observation: Annual,Energy consumption 2,Percentage of energy consumption,2015,1.91
Frequency of observation: Annual,Energy consumption 2,Percentage of energy consumption,2016,1.89
Frequency of observation: Annual,Energy consumption 2,Percentage of energy consumption,2017,2.15
Frequency of observation: Annual,Energy consumption 2,Percentage of energy consumption,2018,3.97
Frequency of observation: Annual,Energy consumption 2,Percentage of energy consumption,2019,2.25
Frequency of observation: Annual,Energy consumption 2,Percentage of energy consumption,2020,2.04
Frequency of observation: Annual,Energy consumption 2,Percentage of energy consumption,2021,2.31
Frequency of observation: Annual,Energy consumption 2,Percentage of energy consumption,2022,2.61
Frequency of observation: Annual,Energy consumption 2,Percentage of energy consumption,2023,1.83
Frequency of observation: Annual,Value added 1,Percentage of gross value added,2009,6.27
Frequency of observation: Annual,Value added 1,Percentage of gross value added,2010,5.22
Frequency of observation: Annual,Value added 1,Percentage of gross value added,2011,6.13
Frequency of observation: Annual,Value added 1,Percentage of gross value added,2012,4.79
Frequency of observation: Annual,Value added 1,Percentage of gross value added,2013,5.04
Frequency of observation: Annual,Value added 1,Percentage of gross value added,2014,4.9
Frequency of observation: Annual,Value added 1,Percentage of gross value added,2015,4.97
Frequency of observation: Annual,Value added 1,Percentage of gross value added,2016,5.16
Frequency of observation: Annual,Value added 1,Percentage of gross value added,2017,5.13
Frequency of observation: Annual,Value added 1,Percentage of gross value added,2018,5.12
Frequency of observation: Annual,Value added 1,Percentage of gross value added,2019,4.88
Frequency of observation: Annual,Value added 1,Percentage of gross value added,2020,5.26
Frequency of observation: Annual,Value added 1,Percentage of gross value added,2021,4.93
Frequency of observation: Annual,Value added 1,Percentage of gross value added,2022,5.21
Frequency of observation: Annual,Value added 1,Percentage of gross value added,2023,4.56
Frequency of observation: Annual,Value added 1,Percentage of gross value added,2024,4.9
Frequency of observation: Annual,Energy consumption 2,Percentage of energy consumption,2009,55.88
Frequency of observation: Annual,Energy consumption 2,Percentage of energy consumption,2010,56.78
Frequency of observation: Annual,Energy consumption 2,Percentage of energy consumption,2011,55.01
Frequency of observation: Annual,Energy consumption 2,Percentage of energy consumption,2012,56.39
Frequency of observation: Annual,Energy consumption 2,Percentage of energy consumption,2013,56.75
Frequency of observation: Annual,Energy consumption 2,Percentage of energy consumption,2014,45.91
Frequency of observation: Annual,Energy consumption 2,Percentage of energy consumption,2015,40.89
Frequency of observation: Annual,Energy consumption 2,Percentage of energy consumption,2016,42.31
Frequency of observation: Annual,Energy consumption 2,Percentage of energy consumption,2017,40.46
Frequency of observation: Annual,Energy consumption 2,Percentage of energy consumption,2018,35.27
Frequency of observation: Annual,Energy consumption 2,Percentage of energy consumption,2019,33.66
Frequency of observation: Annual,Energy consumption 2,Percentage of energy consumption,2020,30.57
Frequency of observation: Annual,Energy consumption 2,Percentage of energy consumption,2021,29.65
Frequency of observation: Annual,Energy consumption 2,Percentage of energy consumption,2022,28.8
Frequency of observation: Annual,Energy consumption 2,Percentage of energy consumption,2023,26.66
Frequency of observation: Annual,Value added 1,Percentage of gross value added,2009,37.15
Frequency of observation: Annual,Value added 1,Percentage of gross value added,2010,37.63
Frequency of observation: Annual,Value added 1,Percentage of gross value added,2011,36.11
Frequency of observation: Annual,Value added 1,Percentage of gross value added,2012,34.84
Frequency of observation: Annual,Value added 1,Percentage of gross value added,2013,33.96
Frequency of observation: Annual,Value added 1,Percentage of gross value added,2014,33.18
Frequency of observation: Annual,Value added 1,Percentage of gross value added,2015,32.53
Frequency of observation: Annual,Value added 1,Percentage of gross value added,2016,32.63
Frequency of observation: Annual,Value added 1,Percentage of gross value added,2017,33.42
Frequency of observation: Annual,Value added 1,Percentage of gross value added,2018,33.54
Frequency of observation: Annual,Value added 1,Percentage of gross value added,2019,34.09
Frequency of observation: Annual,Value added 1,Percentage of gross value added,2020,35.81
Frequency of observation: Annual,Value added 1,Percentage of gross value added,2021,36.08
Frequency of observation: Annual,Value added 1,Percentage of gross value added,2022,36.34
Frequency of observation: Annual,Value added 1,Percentage of gross value added,2023,37.2
Frequency of observation: Annual,Value added 1,Percentage of gross value added,2024,37.48
Frequency of observation: Annual,Energy consumption 2,Percentage of energy consumption,2009,8.62
Frequency of observation: Annual,Energy consumption 2,Percentage of energy consumption,2010,9.23
Frequency of observation: Annual,Energy consumption 2,Percentage of energy consumption,2011,8.92
Frequency of observation: Annual,Energy consumption 2,Percentage of energy consumption,2012,6.09
Frequency of observation: Annual,Energy consumption 2,Percentage of energy consumption,2013,9.03
Frequency of observation: Annual,Energy consumption 2,Percentage of energy consumption,2014,8.88
Frequency of observation: Annual,Energy consumption 2,Percentage of energy consumption,2015,10.53
Frequency of observation: Annual,Energy consumption 2,Percentage of energy consumption,2016,11.34
Frequency of observation: Annual,Energy consumption 2,Percentage of energy consumption,2017,11.89
Frequency of observation: Annual,Energy consumption 2,Percentage of energy consumption,2018,12.49
Frequency of observation: Annual,Energy consumption 2,Percentage of energy consumption,2019,11.73
Frequency of observation: Annual,Energy consumption 2,Percentage of energy consumption,2020,9.65
Frequency of observation: Annual,Energy consumption 2,Percentage of energy consumption,2021,12.65
Frequency of observation: Annual,Energy consumption 2,Percentage of energy consumption,2022,12.91
Frequency of observation: Annual,Energy consumption 2,Percentage of energy consumption,2023,11.4
Frequency of observation: Annual,Value added 1,Percentage of gross value added,2009,56.58
Frequency of observation: Annual,Value added 1,Percentage of gross value added,2010,57.14
Frequency of observation: Annual,Value added 1,Percentage of gross value added,2011,57.76
Frequency of observation: Annual,Value added 1,Percentage of gross value added,2012,60.37
Frequency of observation: Annual,Value added 1,Percentage of gross value added,2013,61.0
Frequency of observation: Annual,Value added 1,Percentage of gross value added,2014,61.92
Frequency of observation: Annual,Value added 1,Percentage of gross value added,2015,62.51
Frequency of observation: Annual,Value added 1,Percentage of gross value added,2016,62.21
Frequency of observation: Annual,Value added 1,Percentage of gross value added,2017,61.44
Frequency of observation: Annual,Value added 1,Percentage of gross value added,2018,61.34
Frequency of observation: Annual,Value added 1,Percentage of gross value added,2019,61.04
Frequency of observation: Annual,Value added 1,Percentage of gross value added,2020,58.92
Frequency of observation: Annual,Value added 1,Percentage of gross value added,2021,58.98
Frequency of observation: Annual,Value added 1,Percentage of gross value added,2022,58.46
Frequency of observation: Annual,Value added 1,Percentage of gross value added,2023,58.23
Frequency of observation: Annual,Value added 1,Percentage of gross value added,2024,57.62
Frequency of observation: Annual,Energy consumption 2,Percentage of energy consumption,2009,13.3
Frequency of observation: Annual,Energy consumption 2,Percentage of energy consumption,2010,12.9
Frequency of observation: Annual,Energy consumption 2,Percentage of energy consumption,2011,11.65
Frequency of observation: Annual,Energy consumption 2,Percentage of energy consumption,2012,12.8
Frequency of observation: Annual,Energy consumption 2,Percentage of energy consumption,2013,11.83
Frequency of observation: Annual,Energy consumption 2,Percentage of energy consumption,2014,12.88
Frequency of observation: Annual,Energy consumption 2,Percentage of energy consumption,2015,14.5
Frequency of observation: Annual,Energy consumption 2,Percentage of energy consumption,2016,14.57
Frequency of observation: Annual,Energy consumption 2,Percentage of energy consumption,2017,13.68
Frequency of observation: Annual,Energy consumption 2,Percentage of energy consumption,2018,15.11
Frequency of observation: Annual,Energy consumption 2,Percentage of energy consumption,2019,15.22
Frequency of observation: Annual,Energy consumption 2,Percentage of energy consumption,2020,18.33
Frequency of observation: Annual,Energy consumption 2,Percentage of energy consumption,2021,19.28
Frequency of observation: Annual,Energy consumption 2,Percentage of energy consumption,2022,20.19
Frequency of observation: Annual,Energy consumption 2,Percentage of energy consumption,2023,23.6
Frequency of observation: Annual,Energy consumption 2,Percentage of energy consumption,2009,19.37
Frequency of observation: Annual,Energy consumption 2,Percentage of energy consumption,2010,18.71
Frequency of observation: Annual,Energy consumption 2,Percentage of energy consumption,2011,22.22
Frequency of observation: Annual,Energy consumption 2,Percentage of energy consumption,2012,22.62
Frequency of observation: Annual,Energy consumption 2,Percentage of energy consumption,2013,20.49
Frequency of observation: Annual,Energy consumption 2,Percentage of energy consumption,2014,30.12
Frequency of observation: Annual,Energy consumption 2,Percentage of energy consumption,2015,32.16
Frequency of observation: Annual,Energy consumption 2,Percentage of energy consumption,2016,29.9
Frequency of observation: Annual,Energy consumption 2,Percentage of energy consumption,2017,31.82
Frequency of observation: Annual,Energy consumption 2,Percentage of energy consumption,2018,33.15
Frequency of observation: Annual,Energy consumption 2,Percentage of energy consumption,2019,37.14
Frequency of observation: Annual,Energy consumption 2,Percentage of energy consumption,2020,39.4
Frequency of observation: Annual,Energy consumption 2,Percentage of energy consumption,2021,36.12
Frequency of observation: Annual,Energy consumption 2,Percentage of energy consumption,2022,35.49
Frequency of observation: Annual,Energy consumption 2,Percentage of energy consumption,2023,36.5
