Country,Authority,Measure,Year,Patents
Australia,European Patent Office,Patent applications,2009,992.24213
Australia,European Patent Office,Patent grants,2009,479.9296
Australia,World Intellectual Property Organization,Patent applications,2009,1853.5507
Australia,United States Patent and Trademark Office,Patent applications,2009,2380.033
Australia,United States Patent and Trademark Office,Patent grants,2009,1380.2061
Australia,European Patent Office,Patent applications,2010,887.73169
Australia,European Patent Office,Patent grants,2010,419.9964
Australia,World Intellectual Property Organization,Patent applications,2010,1744.3191
Australia,United States Patent and Trademark Office,Patent applications,2010,2556.3306
Australia,United States Patent and Trademark Office,Patent grants,2010,1332.0319
Australia,European Patent Office,Patent applications,2011,964.01172
Australia,European Patent Office,Patent grants,2011,515.93469
Australia,World Intellectual Property Organization,Patent applications,2011,1788.262
Australia,United States Patent and Trademark Office,Patent applications,2011,2111.3325
Australia,United States Patent and Trademark Office,Patent grants,2011,1313.7699
Australia,European Patent Office,Patent applications,2012,960.4696
Australia,European Patent Office,Patent grants,2012,533.58289
Australia,World Intellectual Property Organization,Patent applications,2012,1737.6261
Australia,United States Patent and Trademark Office,Patent applications,2012,2211.699
Australia,United States Patent and Trademark Office,Patent grants,2012,1392.7286
Australia,European Patent Office,Patent applications,2013,926.74847
Australia,European Patent Office,Patent grants,2013,486.41229
Australia,World Intellectual Property Organization,Patent applications,2013,1798.5924
Australia,United States Patent and Trademark Office,Patent applications,2013,2382.2183
Australia,United States Patent and Trademark Office,Patent grants,2013,1537.3905
Australia,European Patent Office,Patent applications,2014,976.83228
Australia,European Patent Office,Patent grants,2014,546.41388
Australia,World Intellectual Property Organization,Patent applications,2014,1847.3687
Australia,United States Patent and Trademark Office,Patent applications,2014,2294.5913
Australia,United States Patent and Trademark Office,Patent grants,2014,1517.7544
Australia,European Patent Office,Patent applications,2015,1023.8737
Australia,European Patent Office,Patent grants,2015,540.12091
Australia,World Intellectual Property Organization,Patent applications,2015,1902.1115
Australia,United States Patent and Trademark Office,Patent applications,2015,2396.9805
Australia,United States Patent and Trademark Office,Patent grants,2015,1604.1371
Australia,European Patent Office,Patent applications,2016,1033.6851
Australia,European Patent Office,Patent grants,2016,458.34851
Australia,World Intellectual Property Organization,Patent applications,2016,1948.9644
Australia,United States Patent and Trademark Office,Patent applications,2016,2469.0603
Australia,United States Patent and Trademark Office,Patent grants,2016,1693.7942
Australia,European Patent Office,Patent applications,2017,996.81232
Australia,European Patent Office,Patent grants,2017,413.9122
Australia,World Intellectual Property Organization,Patent applications,2017,1877.4645
Australia,United States Patent and Trademark Office,Patent applications,2017,2419.95
Australia,United States Patent and Trademark Office,Patent grants,2017,1665.4113
Australia,European Patent Office,Patent applications,2018,1074.7771
Australia,European Patent Office,Patent grants,2018,348.27859
Australia,World Intellectual Property Organization,Patent applications,2018,1879.5342
Australia,United States Patent and Trademark Office,Patent applications,2018,2333.1909
Australia,United States Patent and Trademark Office,Patent grants,2018,1478.1333
Australia,European Patent Office,Patent applications,2019,1098.7003
Australia,European Patent Office,Patent grants,2019,226.8493
Australia,World Intellectual Property Organization,Patent applications,2019,1847.6898
Australia,United States Patent and Trademark Office,Patent applications,2019,2237.9316
Australia,United States Patent and Trademark Office,Patent grants,2019,1213.4559
Australia,European Patent Office,Patent applications,2020,1047.1173
Australia,European Patent Office,Patent grants,2020,103.7719
Australia,World Intellectual Property Organization,Patent applications,2020,1831.8331
Australia,United States Patent and Trademark Office,Patent applications,2020,2066.8894
Australia,United States Patent and Trademark Office,Patent grants,2020,808.8078
Australia,European Patent Office,Patent applications,2021,930.56549
Australia,European Patent Office,Patent grants,2021,43.233299
Australia,World Intellectual Property Organization,Patent applications,2021,1838.6864
Australia,United States Patent and Trademark Office,Patent applications,2021,1872.4541
Australia,United States Patent and Trademark Office,Patent grants,2021,573.81921
Australia,European Patent Office,Patent applications,2022,696.91248
Australia,World Intellectual Property Organization,Patent applications,2022,1559.8971
Australia,United States Patent and Trademark Office,Patent applications,2022,886.33258
Australia,World Intellectual Property Organization,Patent applications,2023,1689.8301
Australia,World Intellectual Property Organization,Patent applications,2024,1701.3903
Austria,European Patent Office,Patent applications,2009,1737.0988
Austria,World Intellectual Property Organization,Patent applications,2009,1281.627
Austria,United States Patent and Trademark Office,Patent applications,2009,1301.8748
Austria,United States Patent and Trademark Office,Patent grants,2009,882.86682
Austria,European Patent Office,Patent applications,2010,1817.373
Austria,World Intellectual Property Organization,Patent applications,2010,1412.3823
Austria,United States Patent and Trademark Office,Patent applications,2010,1353.2274
Austria,United States Patent and Trademark Office,Patent grants,2010,984.75641
Austria,European Patent Office,Patent applications,2011,1857.8354
Austria,World Intellectual Property Organization,Patent applications,2011,1445.7849
Austria,United States Patent and Trademark Office,Patent applications,2011,1397.104
Austria,United States Patent and Trademark Office,Patent grants,2011,1053.1071
Austria,European Patent Office,Patent applications,2012,1941.0107
Austria,World Intellectual Property Organization,Patent applications,2012,1406.811
Austria,United States Patent and Trademark Office,Patent applications,2012,1572.5114
Austria,United States Patent and Trademark Office,Patent grants,2012,1200.7101
Austria,European Patent Office,Patent applications,2013,1986.2507
Austria,World Intellectual Property Organization,Patent applications,2013,1486.7599
Austria,United States Patent and Trademark Office,Patent applications,2013,1717.639
Austria,United States Patent and Trademark Office,Patent grants,2013,1378.1237
Austria,European Patent Office,Patent applications,2014,2075.4773
Austria,World Intellectual Property Organization,Patent applications,2014,1510.6371
Austria,United States Patent and Trademark Office,Patent applications,2014,1764.8083
Austria,United States Patent and Trademark Office,Patent grants,2014,1431.0313
Austria,European Patent Office,Patent applications,2015,2060.5791
Austria,World Intellectual Property Organization,Patent applications,2015,1543.8553
Austria,United States Patent and Trademark Office,Patent applications,2015,1774.9032
Austria,United States Patent and Trademark Office,Patent grants,2015,1464.3881
Austria,European Patent Office,Patent applications,2016,2109.0454
Austria,World Intellectual Property Organization,Patent applications,2016,1542.2069
Austria,United States Patent and Trademark Office,Patent applications,2016,1819.5134
Austria,United States Patent and Trademark Office,Patent grants,2016,1469.6699
Austria,European Patent Office,Patent applications,2017,2197.4827
Austria,World Intellectual Property Organization,Patent applications,2017,1612.275
Austria,United States Patent and Trademark Office,Patent applications,2017,1824.2429
Austria,United States Patent and Trademark Office,Patent grants,2017,1486.6044
Austria,European Patent Office,Patent applications,2018,2184.3
Austria,World Intellectual Property Organization,Patent applications,2018,1580.5026
Austria,United States Patent and Trademark Office,Patent applications,2018,1726.0548
Austria,United States Patent and Trademark Office,Patent grants,2018,1322.2522
Austria,European Patent Office,Patent applications,2019,2335.1118
Austria,World Intellectual Property Organization,Patent applications,2019,1583.804
Austria,United States Patent and Trademark Office,Patent applications,2019,1760.8469
Austria,United States Patent and Trademark Office,Patent grants,2019,1228.8234
Austria,European Patent Office,Patent applications,2020,2267.2346
Austria,World Intellectual Property Organization,Patent applications,2020,1589.0156
Austria,United States Patent and Trademark Office,Patent applications,2020,1689.1689
Austria,United States Patent and Trademark Office,Patent grants,2020,861.4574
Austria,European Patent Office,Patent applications,2021,2076.8032
Austria,World Intellectual Property Organization,Patent applications,2021,1514.8754
Austria,United States Patent and Trademark Office,Patent applications,2021,1528.3726
Austria,United States Patent and Trademark Office,Patent grants,2021,531.80359
Austria,European Patent Office,Patent applications,2022,1942.7205
Austria,World Intellectual Property Organization,Patent applications,2022,1572.6176
Austria,United States Patent and Trademark Office,Patent applications,2022,954.14008
Austria,World Intellectual Property Organization,Patent applications,2023,1557.9526
Austria,World Intellectual Property Organization,Patent applications,2024,1554.2888
Belgium,European Patent Office,Patent applications,2009,1495.9603
Belgium,European Patent Office,Patent grants,2009,853.71478
Belgium,World Intellectual Property Organization,Patent applications,2009,1144.4507
Belgium,United States Patent and Trademark Office,Patent applications,2009,1373.5903
Belgium,European Patent Office,Patent applications,2010,1585.9856
Belgium,European Patent Office,Patent grants,2010,939.00018
Belgium,World Intellectual Property Organization,Patent applications,2010,1255.2073
Belgium,United States Patent and Trademark Office,Patent applications,2010,1533.8658
Belgium,European Patent Office,Patent applications,2011,1612.6639
Belgium,European Patent Office,Patent grants,2011,973.64563
Belgium,World Intellectual Property Organization,Patent applications,2011,1264.7704
Belgium,United States Patent and Trademark Office,Patent applications,2011,1493.5448
Belgium,European Patent Office,Patent applications,2012,1594.7456
Belgium,European Patent Office,Patent grants,2012,994.19562
Belgium,World Intellectual Property Organization,Patent applications,2012,1203.2672
Belgium,United States Patent and Trademark Office,Patent applications,2012,1531.917
Belgium,European Patent Office,Patent applications,2013,1671.4818
Belgium,European Patent Office,Patent grants,2013,1063.7202
Belgium,World Intellectual Property Organization,Patent applications,2013,1238.6798
Belgium,United States Patent and Trademark Office,Patent applications,2013,1653.8699
Belgium,European Patent Office,Patent applications,2014,1717.3635
Belgium,European Patent Office,Patent grants,2014,1110.0159
Belgium,World Intellectual Property Organization,Patent applications,2014,1230.3397
Belgium,United States Patent and Trademark Office,Patent applications,2014,1601.1241
Belgium,European Patent Office,Patent applications,2015,1725.7352
Belgium,European Patent Office,Patent grants,2015,1074.9208
Belgium,World Intellectual Property Organization,Patent applications,2015,1230.5446
Belgium,United States Patent and Trademark Office,Patent applications,2015,1730.4763
Belgium,European Patent Office,Patent applications,2016,1816.2104
Belgium,European Patent Office,Patent grants,2016,1079.5535
Belgium,World Intellectual Property Organization,Patent applications,2016,1357.8573
Belgium,United States Patent and Trademark Office,Patent applications,2016,1728.6184
Belgium,European Patent Office,Patent applications,2017,1777.0789
Belgium,European Patent Office,Patent grants,2017,990.75531
Belgium,World Intellectual Property Organization,Patent applications,2017,1257.981
Belgium,United States Patent and Trademark Office,Patent applications,2017,1691.9063
Belgium,European Patent Office,Patent applications,2018,1819.8674
Belgium,European Patent Office,Patent grants,2018,920.34222
Belgium,World Intellectual Property Organization,Patent applications,2018,1300.0673
Belgium,United States Patent and Trademark Office,Patent applications,2018,1717.6848
Belgium,European Patent Office,Patent applications,2019,1745.0305
Belgium,European Patent Office,Patent grants,2019,739.15619
Belgium,World Intellectual Property Organization,Patent applications,2019,1299.6226
Belgium,United States Patent and Trademark Office,Patent applications,2019,1681.3733
Belgium,European Patent Office,Patent applications,2020,1878.5817
Belgium,European Patent Office,Patent grants,2020,634.00238
Belgium,World Intellectual Property Organization,Patent applications,2020,1397.6531
Belgium,United States Patent and Trademark Office,Patent applications,2020,1715.3159
Belgium,European Patent Office,Patent applications,2021,1827.8342
Belgium,European Patent Office,Patent grants,2021,404.34329
Belgium,World Intellectual Property Organization,Patent applications,2021,1339.1471
Belgium,United States Patent and Trademark Office,Patent applications,2021,1545.4751
Belgium,European Patent Office,Patent applications,2022,1649.165
Belgium,World Intellectual Property Organization,Patent applications,2022,1359.0671
Belgium,United States Patent and Trademark Office,Patent applications,2022,924.98712
Belgium,World Intellectual Property Organization,Patent applications,2023,1344.1597
Belgium,World Intellectual Property Organization,Patent applications,2024,1352.4001
Canada,European Patent Office,Patent applications,2009,2430.4832
Canada,European Patent Office,Patent grants,2009,1337.1274
Canada,United States Patent and Trademark Office,Patent applications,2009,7538.8169
Canada,United States Patent and Trademark Office,Patent grants,2009,5231.3735
Canada,European Patent Office,Patent applications,2010,2507.0715
Canada,European Patent Office,Patent grants,2010,1341.9713
Canada,United States Patent and Trademark Office,Patent applications,2010,8135.8623
Canada,United States Patent and Trademark Office,Patent grants,2010,5563.2002
Canada,European Patent Office,Patent applications,2011,2422.98
Canada,European Patent Office,Patent grants,2011,1318.3408
Canada,United States Patent and Trademark Office,Patent applications,2011,8423.4766
Canada,United States Patent and Trademark Office,Patent grants,2011,5957.9468
Canada,European Patent Office,Patent applications,2012,2523.8413
Canada,European Patent Office,Patent grants,2012,1492.4025
Canada,United States Patent and Trademark Office,Patent applications,2012,9094.0234
Canada,United States Patent and Trademark Office,Patent grants,2012,6610.9341
Canada,European Patent Office,Patent applications,2013,2561.9534
Canada,European Patent Office,Patent grants,2013,1508.864
Canada,United States Patent and Trademark Office,Patent applications,2013,9092.2021
Canada,United States Patent and Trademark Office,Patent grants,2013,6672.0933
Canada,European Patent Office,Patent applications,2014,2093.071
Canada,European Patent Office,Patent grants,2014,1292.4863
Canada,United States Patent and Trademark Office,Patent applications,2014,8555.6963
Canada,United States Patent and Trademark Office,Patent grants,2014,6279.3926
Canada,European Patent Office,Patent applications,2015,2090.1292
Canada,European Patent Office,Patent grants,2015,1278.7454
Canada,United States Patent and Trademark Office,Patent applications,2015,8442.7705
Canada,United States Patent and Trademark Office,Patent grants,2015,6492.0088
Canada,European Patent Office,Patent applications,2016,2214.459
Canada,European Patent Office,Patent grants,2016,1217.9478
Canada,United States Patent and Trademark Office,Patent applications,2016,8340.1465
Canada,United States Patent and Trademark Office,Patent grants,2016,6514.3779
Canada,European Patent Office,Patent applications,2017,2101.9658
Canada,European Patent Office,Patent grants,2017,1020.5115
Canada,United States Patent and Trademark Office,Patent applications,2017,8427.7002
Canada,United States Patent and Trademark Office,Patent grants,2017,6550.6558
Canada,European Patent Office,Patent applications,2018,2369.0237
Canada,European Patent Office,Patent grants,2018,889.15167
Canada,United States Patent and Trademark Office,Patent applications,2018,8584.585
Canada,United States Patent and Trademark Office,Patent grants,2018,6313.1089
Canada,European Patent Office,Patent applications,2019,2357.0811
Canada,European Patent Office,Patent grants,2019,697.67499
Canada,United States Patent and Trademark Office,Patent applications,2019,8233.5898
Canada,United States Patent and Trademark Office,Patent grants,2019,5878.0103
Canada,European Patent Office,Patent applications,2020,2403.9861
Canada,European Patent Office,Patent grants,2020,407.18039
Canada,United States Patent and Trademark Office,Patent applications,2020,7547.5693
Canada,United States Patent and Trademark Office,Patent grants,2020,4693.3057
Canada,European Patent Office,Patent applications,2021,2444.084
Canada,European Patent Office,Patent grants,2021,267.73251
Canada,United States Patent and Trademark Office,Patent applications,2021,7468.52
Canada,United States Patent and Trademark Office,Patent grants,2021,3749.5115
Canada,European Patent Office,Patent applications,2022,2064.3301
Canada,United States Patent and Trademark Office,Patent applications,2022,5495.8433
Chile,European Patent Office,Patent applications,2009,47.303001
Chile,European Patent Office,Patent grants,2009,25.302999
Chile,World Intellectual Property Organization,Patent applications,2009,88.752998
Chile,United States Patent and Trademark Office,Patent applications,2009,98.192596
Chile,United States Patent and Trademark Office,Patent grants,2009,61.488602
Chile,European Patent Office,Patent applications,2010,49.633301
Chile,European Patent Office,Patent grants,2010,26.15
Chile,World Intellectual Property Organization,Patent applications,2010,118.11429
Chile,United States Patent and Trademark Office,Patent applications,2010,88.790497
Chile,United States Patent and Trademark Office,Patent grants,2010,54.009499
Chile,European Patent Office,Patent applications,2011,57.772999
Chile,European Patent Office,Patent grants,2011,29.463499
Chile,World Intellectual Property Organization,Patent applications,2011,130.27803
Chile,United States Patent and Trademark Office,Patent applications,2011,87.5849
Chile,United States Patent and Trademark Office,Patent grants,2011,54.3587
Chile,European Patent Office,Patent applications,2012,31.1679
Chile,European Patent Office,Patent grants,2012,17.299999
Chile,World Intellectual Property Organization,Patent applications,2012,120.26218
Chile,United States Patent and Trademark Office,Patent applications,2012,82.508301
Chile,United States Patent and Trademark Office,Patent grants,2012,40.681
Chile,European Patent Office,Patent applications,2013,51.959499
Chile,European Patent Office,Patent grants,2013,31.4167
Chile,World Intellectual Property Organization,Patent applications,2013,145.82619
Chile,United States Patent and Trademark Office,Patent applications,2013,102.8429
Chile,United States Patent and Trademark Office,Patent grants,2013,57.197601
Chile,European Patent Office,Patent applications,2014,43.458302
Chile,European Patent Office,Patent grants,2014,16.5833
Chile,World Intellectual Property Organization,Patent applications,2014,169.97263
Chile,United States Patent and Trademark Office,Patent applications,2014,99.098503
Chile,United States Patent and Trademark Office,Patent grants,2014,56.405602
Chile,European Patent Office,Patent applications,2015,59.174999
Chile,European Patent Office,Patent grants,2015,33.083302
Chile,World Intellectual Property Organization,Patent applications,2015,185.60834
Chile,United States Patent and Trademark Office,Patent applications,2015,113.7498
Chile,United States Patent and Trademark Office,Patent grants,2015,81.816498
Chile,European Patent Office,Patent applications,2016,58.5
Chile,European Patent Office,Patent grants,2016,26.4167
Chile,World Intellectual Property Organization,Patent applications,2016,156.70833
Chile,United States Patent and Trademark Office,Patent applications,2016,101.7024
Chile,United States Patent and Trademark Office,Patent grants,2016,61.309502
Chile,European Patent Office,Patent applications,2017,37.575001
Chile,European Patent Office,Patent grants,2017,14.9
Chile,World Intellectual Property Organization,Patent applications,2017,174.15356
Chile,United States Patent and Trademark Office,Patent applications,2017,96.851402
Chile,United States Patent and Trademark Office,Patent grants,2017,48.095501
Chile,European Patent Office,Patent applications,2018,53.411098
Chile,European Patent Office,Patent grants,2018,16.733299
Chile,World Intellectual Property Organization,Patent applications,2018,210.82063
Chile,United States Patent and Trademark Office,Patent applications,2018,115.2706
Chile,United States Patent and Trademark Office,Patent grants,2018,80.442902
Chile,European Patent Office,Patent applications,2019,54.799999
Chile,European Patent Office,Patent grants,2019,6.9166999
Chile,World Intellectual Property Organization,Patent applications,2019,216.825
Chile,United States Patent and Trademark Office,Patent applications,2019,111.4575
Chile,United States Patent and Trademark Office,Patent grants,2019,53.5
Chile,European Patent Office,Patent applications,2020,44.584499
Chile,European Patent Office,Patent grants,2020,4.6999998
Chile,World Intellectual Property Organization,Patent applications,2020,201.35281
Chile,United States Patent and Trademark Office,Patent applications,2020,91.881798
Chile,United States Patent and Trademark Office,Patent grants,2020,30.258301
Chile,European Patent Office,Patent applications,2021,48.337299
Chile,European Patent Office,Patent grants,2021,6.0
Chile,World Intellectual Property Organization,Patent applications,2021,171.06709
Chile,United States Patent and Trademark Office,Patent applications,2021,96.460701
Chile,United States Patent and Trademark Office,Patent grants,2021,25.5758
Chile,European Patent Office,Patent applications,2022,38.0667
Chile,World Intellectual Property Organization,Patent applications,2022,162.09723
Chile,United States Patent and Trademark Office,Patent applications,2022,62.342899
Chile,World Intellectual Property Organization,Patent applications,2023,158.81522
Chile,World Intellectual Property Organization,Patent applications,2024,164.5524
Colombia,European Patent Office,Patent applications,2009,15.7083
Colombia,World Intellectual Property Organization,Patent applications,2009,58.267857
Colombia,United States Patent and Trademark Office,Patent applications,2009,39.916698
Colombia,United States Patent and Trademark Office,Patent grants,2009,17.75
Colombia,European Patent Office,Patent applications,2010,13.7909
Colombia,World Intellectual Property Organization,Patent applications,2010,53.949242
Colombia,United States Patent and Trademark Office,Patent applications,2010,48.190899
Colombia,United States Patent and Trademark Office,Patent grants,2010,29.016701
Colombia,European Patent Office,Patent applications,2011,22.9762
Colombia,World Intellectual Property Organization,Patent applications,2011,74.801193
Colombia,United States Patent and Trademark Office,Patent applications,2011,45.491699
Colombia,United States Patent and Trademark Office,Patent grants,2011,18.983299
Colombia,European Patent Office,Patent applications,2012,27.575001
Colombia,World Intellectual Property Organization,Patent applications,2012,80.914284
Colombia,United States Patent and Trademark Office,Patent applications,2012,58.335701
Colombia,United States Patent and Trademark Office,Patent grants,2012,37.657101
Colombia,European Patent Office,Patent applications,2013,21.467899
Colombia,World Intellectual Property Organization,Patent applications,2013,110.0746
Colombia,United States Patent and Trademark Office,Patent applications,2013,73.730202
Colombia,United States Patent and Trademark Office,Patent grants,2013,35.3857
Colombia,European Patent Office,Patent applications,2014,20.319
Colombia,World Intellectual Property Organization,Patent applications,2014,90.219048
Colombia,United States Patent and Trademark Office,Patent applications,2014,60.319
Colombia,United States Patent and Trademark Office,Patent grants,2014,38.519001
Colombia,European Patent Office,Patent applications,2015,26.133301
Colombia,World Intellectual Property Organization,Patent applications,2015,87.76667
Colombia,United States Patent and Trademark Office,Patent applications,2015,62.549999
Colombia,United States Patent and Trademark Office,Patent grants,2015,40.200001
Colombia,European Patent Office,Patent applications,2016,17.3944
Colombia,World Intellectual Property Organization,Patent applications,2016,119.29127
Colombia,United States Patent and Trademark Office,Patent applications,2016,70.004601
Colombia,United States Patent and Trademark Office,Patent grants,2016,43.887901
Colombia,European Patent Office,Patent applications,2017,19.016701
Colombia,World Intellectual Property Organization,Patent applications,2017,141.38809
Colombia,United States Patent and Trademark Office,Patent applications,2017,74.439301
Colombia,United States Patent and Trademark Office,Patent grants,2017,37.240501
Colombia,European Patent Office,Patent applications,2018,25.0786
Colombia,World Intellectual Property Organization,Patent applications,2018,130.63928
Colombia,United States Patent and Trademark Office,Patent applications,2018,79.761902
Colombia,United States Patent and Trademark Office,Patent grants,2018,47.809502
Colombia,European Patent Office,Patent applications,2019,19.5944
Colombia,World Intellectual Property Organization,Patent applications,2019,127.06111
Colombia,United States Patent and Trademark Office,Patent applications,2019,93.352699
Colombia,United States Patent and Trademark Office,Patent grants,2019,52.874298
Colombia,European Patent Office,Patent applications,2020,13.8236
Colombia,World Intellectual Property Organization,Patent applications,2020,91.559326
Colombia,United States Patent and Trademark Office,Patent applications,2020,56.859299
Colombia,United States Patent and Trademark Office,Patent grants,2020,29.366699
Colombia,European Patent Office,Patent applications,2021,17.124201
Colombia,World Intellectual Property Organization,Patent applications,2021,116.33257
Colombia,United States Patent and Trademark Office,Patent applications,2021,57.6021
Colombia,United States Patent and Trademark Office,Patent grants,2021,18.2516
Colombia,European Patent Office,Patent applications,2022,15.825
Colombia,World Intellectual Property Organization,Patent applications,2022,117.70834
Colombia,United States Patent and Trademark Office,Patent applications,2022,33.098301
Colombia,World Intellectual Property Organization,Patent applications,2023,100.4297
Colombia,World Intellectual Property Organization,Patent applications,2024,111.8846
Costa Rica,European Patent Office,Patent applications,2009,1.7714
Costa Rica,European Patent Office,Patent grants,2009,0.2
Costa Rica,World Intellectual Property Organization,Patent applications,2009,7.9380951
Costa Rica,United States Patent and Trademark Office,Patent applications,2009,12.8
Costa Rica,European Patent Office,Patent applications,2010,2.5833001
Costa Rica,European Patent Office,Patent grants,2010,0.33329999
Costa Rica,World Intellectual Property Organization,Patent applications,2010,8.6236267
Costa Rica,United States Patent and Trademark Office,Patent applications,2010,16.1667
Costa Rica,European Patent Office,Patent applications,2011,1.8214
Costa Rica,European Patent Office,Patent grants,2011,1.25
Costa Rica,World Intellectual Property Organization,Patent applications,2011,3.6964285
Costa Rica,United States Patent and Trademark Office,Patent applications,2011,12.9798
Costa Rica,European Patent Office,Patent applications,2012,9.9254999
Costa Rica,European Patent Office,Patent grants,2012,3.4254999
Costa Rica,World Intellectual Property Organization,Patent applications,2012,9.0921564
Costa Rica,United States Patent and Trademark Office,Patent applications,2012,21.0422
Costa Rica,European Patent Office,Patent applications,2013,3.1500001
Costa Rica,European Patent Office,Patent grants,2013,2.5
Costa Rica,World Intellectual Property Organization,Patent applications,2013,13.472222
Costa Rica,United States Patent and Trademark Office,Patent applications,2013,25.1
Costa Rica,European Patent Office,Patent applications,2014,2.5444
Costa Rica,European Patent Office,Patent grants,2014,2.4444001
Costa Rica,World Intellectual Property Organization,Patent applications,2014,13.461111
Costa Rica,United States Patent and Trademark Office,Patent applications,2014,18.694401
Costa Rica,European Patent Office,Patent applications,2015,3.7
Costa Rica,European Patent Office,Patent grants,2015,0.33329999
Costa Rica,World Intellectual Property Organization,Patent applications,2015,22.700001
Costa Rica,United States Patent and Trademark Office,Patent applications,2015,24.983299
Costa Rica,European Patent Office,Patent applications,2016,6.0714002
Costa Rica,European Patent Office,Patent grants,2016,2.6071
Costa Rica,World Intellectual Property Organization,Patent applications,2016,12.420635
Costa Rica,United States Patent and Trademark Office,Patent applications,2016,35.922199
Costa Rica,European Patent Office,Patent applications,2017,3.1528001
Costa Rica,European Patent Office,Patent grants,2017,1.2917
Costa Rica,World Intellectual Property Organization,Patent applications,2017,19.852777
Costa Rica,United States Patent and Trademark Office,Patent applications,2017,34.7663
Costa Rica,European Patent Office,Patent applications,2018,15.4282
Costa Rica,European Patent Office,Patent grants,2018,6.1027999
Costa Rica,World Intellectual Property Organization,Patent applications,2018,12.764286
Costa Rica,United States Patent and Trademark Office,Patent applications,2018,60.033001
Costa Rica,European Patent Office,Patent applications,2019,12.5159
Costa Rica,European Patent Office,Patent grants,2019,5.4721999
Costa Rica,World Intellectual Property Organization,Patent applications,2019,17.832541
Costa Rica,United States Patent and Trademark Office,Patent applications,2019,54.188099
Costa Rica,European Patent Office,Patent applications,2020,15.3262
Costa Rica,European Patent Office,Patent grants,2020,2.3333001
Costa Rica,World Intellectual Property Organization,Patent applications,2020,17.909523
Costa Rica,United States Patent and Trademark Office,Patent applications,2020,50.770599
Costa Rica,European Patent Office,Patent applications,2021,6.7679
Costa Rica,European Patent Office,Patent grants,2021,1.5
Costa Rica,World Intellectual Property Organization,Patent applications,2021,8.8587666
Costa Rica,United States Patent and Trademark Office,Patent applications,2021,39.826599
Costa Rica,European Patent Office,Patent applications,2022,13.069
Costa Rica,World Intellectual Property Organization,Patent applications,2022,16.75238
Costa Rica,United States Patent and Trademark Office,Patent applications,2022,28.8302
Costa Rica,World Intellectual Property Organization,Patent applications,2023,13.728716
Costa Rica,World Intellectual Property Organization,Patent applications,2024,13.186681
Czechia,European Patent Office,Patent applications,2009,179.129
Czechia,European Patent Office,Patent grants,2009,92.096802
Czechia,World Intellectual Property Organization,Patent applications,2009,179.02658
Czechia,United States Patent and Trademark Office,Patent applications,2009,205.0125
Czechia,United States Patent and Trademark Office,Patent grants,2009,127.7415
Czechia,European Patent Office,Patent applications,2010,197.0179
Czechia,European Patent Office,Patent grants,2010,110.7762
Czechia,World Intellectual Property Organization,Patent applications,2010,153.39034
Czechia,United States Patent and Trademark Office,Patent applications,2010,180.39211
Czechia,United States Patent and Trademark Office,Patent grants,2010,138.1897
Czechia,European Patent Office,Patent applications,2011,233.1095
Czechia,European Patent Office,Patent grants,2011,150.7345
Czechia,World Intellectual Property Organization,Patent applications,2011,194.99762
Czechia,United States Patent and Trademark Office,Patent applications,2011,249.5567
Czechia,United States Patent and Trademark Office,Patent grants,2011,177.2964
Czechia,European Patent Office,Patent applications,2012,238.6205
Czechia,European Patent Office,Patent grants,2012,156.95821
Czechia,World Intellectual Property Organization,Patent applications,2012,217.74748
Czechia,United States Patent and Trademark Office,Patent applications,2012,246.1817
Czechia,United States Patent and Trademark Office,Patent grants,2012,177.0844
Czechia,European Patent Office,Patent applications,2013,270.42929
Czechia,European Patent Office,Patent grants,2013,180.4521
Czechia,World Intellectual Property Organization,Patent applications,2013,255.68419
Czechia,United States Patent and Trademark Office,Patent applications,2013,323.68079
Czechia,United States Patent and Trademark Office,Patent grants,2013,262.25461
Czechia,European Patent Office,Patent applications,2014,288.27631
Czechia,European Patent Office,Patent grants,2014,198.4337
Czechia,World Intellectual Property Organization,Patent applications,2014,269.15198
Czechia,United States Patent and Trademark Office,Patent applications,2014,400.4566
Czechia,United States Patent and Trademark Office,Patent grants,2014,317.93399
Czechia,European Patent Office,Patent applications,2015,300.72229
Czechia,European Patent Office,Patent grants,2015,185.11279
Czechia,World Intellectual Property Organization,Patent applications,2015,259.87439
Czechia,United States Patent and Trademark Office,Patent applications,2015,362.2811
Czechia,United States Patent and Trademark Office,Patent grants,2015,300.92151
Czechia,European Patent Office,Patent applications,2016,270.98291
Czechia,European Patent Office,Patent grants,2016,176.1214
Czechia,World Intellectual Property Organization,Patent applications,2016,228.48407
Czechia,United States Patent and Trademark Office,Patent applications,2016,405.7829
Czechia,United States Patent and Trademark Office,Patent grants,2016,326.05951
Czechia,European Patent Office,Patent applications,2017,280.78851
Czechia,European Patent Office,Patent grants,2017,166.97031
Czechia,World Intellectual Property Organization,Patent applications,2017,223.77731
Czechia,United States Patent and Trademark Office,Patent applications,2017,385.8566
Czechia,United States Patent and Trademark Office,Patent grants,2017,314.86661
Czechia,European Patent Office,Patent applications,2018,272.11169
Czechia,European Patent Office,Patent grants,2018,152.2962
Czechia,World Intellectual Property Organization,Patent applications,2018,215.66527
Czechia,United States Patent and Trademark Office,Patent applications,2018,338.91061
Czechia,United States Patent and Trademark Office,Patent grants,2018,261.73199
Czechia,European Patent Office,Patent applications,2019,305.63489
Czechia,European Patent Office,Patent grants,2019,141.55
Czechia,World Intellectual Property Organization,Patent applications,2019,254.86827
Czechia,United States Patent and Trademark Office,Patent applications,2019,377.69321
Czechia,United States Patent and Trademark Office,Patent grants,2019,276.11981
Czechia,European Patent Office,Patent applications,2020,292.50421
Czechia,European Patent Office,Patent grants,2020,113.3396
Czechia,World Intellectual Property Organization,Patent applications,2020,263.35434
Czechia,United States Patent and Trademark Office,Patent applications,2020,356.20969
Czechia,United States Patent and Trademark Office,Patent grants,2020,246.367
Czechia,European Patent Office,Patent applications,2021,307.9653
Czechia,European Patent Office,Patent grants,2021,69.817902
Czechia,World Intellectual Property Organization,Patent applications,2021,338.31845
Czechia,United States Patent and Trademark Office,Patent applications,2021,309.98911
Czechia,United States Patent and Trademark Office,Patent grants,2021,159.7151
Czechia,European Patent Office,Patent applications,2022,263.39761
Czechia,World Intellectual Property Organization,Patent applications,2022,267.74246
Czechia,United States Patent and Trademark Office,Patent applications,2022,256.70291
Czechia,World Intellectual Property Organization,Patent applications,2023,287.46021
Czechia,World Intellectual Property Organization,Patent applications,2024,298.68219
Denmark,European Patent Office,Patent applications,2009,1254.5529
Denmark,European Patent Office,Patent grants,2009,738.0885
Denmark,World Intellectual Property Organization,Patent applications,2009,1126.4418
Denmark,United States Patent and Trademark Office,Patent applications,2009,1198.3223
Denmark,United States Patent and Trademark Office,Patent grants,2009,781.10602
Denmark,European Patent Office,Patent applications,2010,1363.8214
Denmark,European Patent Office,Patent grants,2010,863.21179
Denmark,World Intellectual Property Organization,Patent applications,2010,1143.007
Denmark,United States Patent and Trademark Office,Patent applications,2010,1327.3596
Denmark,United States Patent and Trademark Office,Patent grants,2010,880.14941
Denmark,European Patent Office,Patent applications,2011,1556.4939
Denmark,European Patent Office,Patent grants,2011,956.39838
Denmark,World Intellectual Property Organization,Patent applications,2011,1251.6246
Denmark,United States Patent and Trademark Office,Patent applications,2011,1522.4218
Denmark,United States Patent and Trademark Office,Patent grants,2011,1025.6547
Denmark,European Patent Office,Patent applications,2012,1422.8804
Denmark,European Patent Office,Patent grants,2012,848.72137
Denmark,World Intellectual Property Organization,Patent applications,2012,1152.2155
Denmark,United States Patent and Trademark Office,Patent applications,2012,1402.6831
Denmark,United States Patent and Trademark Office,Patent grants,2012,963.49432
Denmark,European Patent Office,Patent applications,2013,1460.8051
Denmark,European Patent Office,Patent grants,2013,925.19733
Denmark,World Intellectual Property Organization,Patent applications,2013,1218.8259
Denmark,United States Patent and Trademark Office,Patent applications,2013,1482.3475
Denmark,United States Patent and Trademark Office,Patent grants,2013,1035.755
Denmark,European Patent Office,Patent applications,2014,1534.2708
Denmark,European Patent Office,Patent grants,2014,974.0899
Denmark,World Intellectual Property Organization,Patent applications,2014,1192.8386
Denmark,United States Patent and Trademark Office,Patent applications,2014,1500.3372
Denmark,United States Patent and Trademark Office,Patent grants,2014,1054.6711
Denmark,European Patent Office,Patent applications,2015,1521.2531
Denmark,European Patent Office,Patent grants,2015,971.09259
Denmark,World Intellectual Property Organization,Patent applications,2015,1270.3555
Denmark,United States Patent and Trademark Office,Patent applications,2015,1558.4109
Denmark,United States Patent and Trademark Office,Patent grants,2015,1151.1971
Denmark,European Patent Office,Patent applications,2016,1527.1163
Denmark,European Patent Office,Patent grants,2016,962.97443
Denmark,World Intellectual Property Organization,Patent applications,2016,1303.39
Denmark,United States Patent and Trademark Office,Patent applications,2016,1452.7797
Denmark,United States Patent and Trademark Office,Patent grants,2016,1074.9719
Denmark,European Patent Office,Patent applications,2017,1632.2592
Denmark,European Patent Office,Patent grants,2017,929.42023
Denmark,World Intellectual Property Organization,Patent applications,2017,1365.8208
Denmark,United States Patent and Trademark Office,Patent applications,2017,1560.7266
Denmark,United States Patent and Trademark Office,Patent grants,2017,1144.0098
Denmark,European Patent Office,Patent applications,2018,1722.899
Denmark,European Patent Office,Patent grants,2018,822.13452
Denmark,World Intellectual Property Organization,Patent applications,2018,1344.0548
Denmark,United States Patent and Trademark Office,Patent applications,2018,1523.1223
Denmark,United States Patent and Trademark Office,Patent grants,2018,1021.95
Denmark,European Patent Office,Patent applications,2019,1712.5272
Denmark,European Patent Office,Patent grants,2019,666.078
Denmark,World Intellectual Property Organization,Patent applications,2019,1437.297
Denmark,United States Patent and Trademark Office,Patent applications,2019,1586.9836
Denmark,United States Patent and Trademark Office,Patent grants,2019,901.86462
Denmark,European Patent Office,Patent applications,2020,1898.2332
Denmark,European Patent Office,Patent grants,2020,551.95081
Denmark,World Intellectual Property Organization,Patent applications,2020,1559.3512
Denmark,United States Patent and Trademark Office,Patent applications,2020,1632.7273
Denmark,United States Patent and Trademark Office,Patent grants,2020,690.50177
Denmark,European Patent Office,Patent applications,2021,1837.6523
Denmark,European Patent Office,Patent grants,2021,322.30829
Denmark,World Intellectual Property Organization,Patent applications,2021,1493.7463
Denmark,United States Patent and Trademark Office,Patent applications,2021,1524.7653
Denmark,United States Patent and Trademark Office,Patent grants,2021,402.71799
Denmark,European Patent Office,Patent applications,2022,1687.2639
Denmark,World Intellectual Property Organization,Patent applications,2022,1534.7369
Denmark,United States Patent and Trademark Office,Patent applications,2022,769.93091
Denmark,World Intellectual Property Organization,Patent applications,2023,1534.5208
Denmark,World Intellectual Property Organization,Patent applications,2024,1526.6606
Estonia,World Intellectual Property Organization,Patent applications,2009,49.445835
Estonia,United States Patent and Trademark Office,Patent grants,2009,31.25
Estonia,World Intellectual Property Organization,Patent applications,2010,50.700001
Estonia,United States Patent and Trademark Office,Patent grants,2010,25.342899
Estonia,World Intellectual Property Organization,Patent applications,2011,39.938095
Estonia,United States Patent and Trademark Office,Patent grants,2011,31.419001
Estonia,World Intellectual Property Organization,Patent applications,2012,17.666666
Estonia,United States Patent and Trademark Office,Patent grants,2012,22.049999
Estonia,World Intellectual Property Organization,Patent applications,2013,34.065079
Estonia,United States Patent and Trademark Office,Patent grants,2013,31.9909
Estonia,World Intellectual Property Organization,Patent applications,2014,37.5
Estonia,United States Patent and Trademark Office,Patent grants,2014,29.9095
Estonia,World Intellectual Property Organization,Patent applications,2015,27.374603
Estonia,United States Patent and Trademark Office,Patent grants,2015,50.559502
Estonia,World Intellectual Property Organization,Patent applications,2016,39.366665
Estonia,United States Patent and Trademark Office,Patent grants,2016,44.783298
Estonia,World Intellectual Property Organization,Patent applications,2017,47.556061
Estonia,United States Patent and Trademark Office,Patent grants,2017,40.729698
Estonia,World Intellectual Property Organization,Patent applications,2018,45.190475
Estonia,United States Patent and Trademark Office,Patent grants,2018,24.616699
Estonia,World Intellectual Property Organization,Patent applications,2019,45.299999
Estonia,United States Patent and Trademark Office,Patent grants,2019,37.581799
Estonia,World Intellectual Property Organization,Patent applications,2020,41.648811
Estonia,United States Patent and Trademark Office,Patent grants,2020,21.242901
Estonia,World Intellectual Property Organization,Patent applications,2021,40.097618
Estonia,United States Patent and Trademark Office,Patent grants,2021,17.124201
Estonia,World Intellectual Property Organization,Patent applications,2022,27.049999
Estonia,World Intellectual Property Organization,Patent applications,2023,37.636177
Estonia,World Intellectual Property Organization,Patent applications,2024,35.01646
Finland,European Patent Office,Patent applications,2009,1346.3868
Finland,European Patent Office,Patent grants,2009,720.02649
Finland,World Intellectual Property Organization,Patent applications,2009,1500.0527
Finland,European Patent Office,Patent applications,2010,1441.8136
Finland,European Patent Office,Patent grants,2010,785.11078
Finland,World Intellectual Property Organization,Patent applications,2010,1568.5251
Finland,European Patent Office,Patent applications,2011,1386.4865
Finland,European Patent Office,Patent grants,2011,843.61749
Finland,World Intellectual Property Organization,Patent applications,2011,1554.3147
Finland,European Patent Office,Patent applications,2012,1686.2889
Finland,European Patent Office,Patent grants,2012,1030.3914
Finland,World Intellectual Property Organization,Patent applications,2012,1650.7421
Finland,European Patent Office,Patent applications,2013,1583.5507
Finland,European Patent Office,Patent grants,2013,1004.7597
Finland,World Intellectual Property Organization,Patent applications,2013,1511.6277
Finland,European Patent Office,Patent applications,2014,1577.9301
Finland,European Patent Office,Patent grants,2014,1010.2838
Finland,World Intellectual Property Organization,Patent applications,2014,1378.8838
Finland,European Patent Office,Patent applications,2015,1384.3127
Finland,European Patent Office,Patent grants,2015,914.94629
Finland,World Intellectual Property Organization,Patent applications,2015,1297.5782
Finland,European Patent Office,Patent applications,2016,1464.2097
Finland,European Patent Office,Patent grants,2016,901.99982
Finland,World Intellectual Property Organization,Patent applications,2016,1356.3795
Finland,European Patent Office,Patent applications,2017,1490.1486
Finland,European Patent Office,Patent grants,2017,863.9859
Finland,World Intellectual Property Organization,Patent applications,2017,1421.7689
Finland,European Patent Office,Patent applications,2018,1559.4801
Finland,European Patent Office,Patent grants,2018,789.69482
Finland,World Intellectual Property Organization,Patent applications,2018,1400.6776
Finland,European Patent Office,Patent applications,2019,1546.9611
Finland,European Patent Office,Patent grants,2019,631.09698
Finland,World Intellectual Property Organization,Patent applications,2019,1313.084
Finland,European Patent Office,Patent applications,2020,1577.9854
Finland,European Patent Office,Patent grants,2020,496.31229
Finland,World Intellectual Property Organization,Patent applications,2020,1419.5555
Finland,European Patent Office,Patent applications,2021,1670.9589
Finland,European Patent Office,Patent grants,2021,303.85709
Finland,World Intellectual Property Organization,Patent applications,2021,1525.3409
Finland,European Patent Office,Patent applications,2022,1336.8632
Finland,World Intellectual Property Organization,Patent applications,2022,1313.6711
Finland,World Intellectual Property Organization,Patent applications,2023,1451.8352
Finland,World Intellectual Property Organization,Patent applications,2024,1434.8199
France,European Patent Office,Patent applications,2009,8815.998
France,European Patent Office,Patent grants,2009,5780.8477
France,World Intellectual Property Organization,Patent applications,2009,7008.7227
France,United States Patent and Trademark Office,Patent applications,2009,7494.1353
France,United States Patent and Trademark Office,Patent grants,2009,5356.5942
France,European Patent Office,Patent applications,2010,8642.2373
France,European Patent Office,Patent grants,2010,5809.7964
France,World Intellectual Property Organization,Patent applications,2010,7215.3486
France,United States Patent and Trademark Office,Patent applications,2010,7653.8999
France,United States Patent and Trademark Office,Patent grants,2010,5512.3433
France,European Patent Office,Patent applications,2011,9149.1299
France,European Patent Office,Patent grants,2011,6332.2993
France,World Intellectual Property Organization,Patent applications,2011,7753.0542
France,United States Patent and Trademark Office,Patent applications,2011,7916.4917
France,United States Patent and Trademark Office,Patent grants,2011,5827.5981
France,European Patent Office,Patent applications,2012,9121.2646
France,European Patent Office,Patent grants,2012,6333.9683
France,World Intellectual Property Organization,Patent applications,2012,7741.1621
France,United States Patent and Trademark Office,Patent applications,2012,8073.6831
France,United States Patent and Trademark Office,Patent grants,2012,6028.0229
France,European Patent Office,Patent applications,2013,9462.5361
France,European Patent Office,Patent grants,2013,6624.291
France,World Intellectual Property Organization,Patent applications,2013,8031.2842
France,United States Patent and Trademark Office,Patent applications,2013,8319.7959
France,United States Patent and Trademark Office,Patent grants,2013,6249.9399
France,European Patent Office,Patent applications,2014,9881.0967
France,European Patent Office,Patent grants,2014,6870.022
France,World Intellectual Property Organization,Patent applications,2014,8182.1489
France,United States Patent and Trademark Office,Patent applications,2014,8549.2539
France,United States Patent and Trademark Office,Patent grants,2014,6429.1011
France,European Patent Office,Patent applications,2015,9787.582
France,European Patent Office,Patent grants,2015,6819.8481
France,World Intellectual Property Organization,Patent applications,2015,8117.5313
France,United States Patent and Trademark Office,Patent applications,2015,8355.3555
France,United States Patent and Trademark Office,Patent grants,2015,6367.0244
France,European Patent Office,Patent applications,2016,9243.5781
France,European Patent Office,Patent grants,2016,6366.9058
France,World Intellectual Property Organization,Patent applications,2016,7665.4116
France,United States Patent and Trademark Office,Patent applications,2016,8060.0444
France,United States Patent and Trademark Office,Patent grants,2016,6197.4741
France,European Patent Office,Patent applications,2017,9732.3828
France,European Patent Office,Patent grants,2017,6272.4868
France,World Intellectual Property Organization,Patent applications,2017,7836.4336
France,United States Patent and Trademark Office,Patent applications,2017,8166.9141
France,United States Patent and Trademark Office,Patent grants,2017,6320.9849
France,European Patent Office,Patent applications,2018,9516.1016
France,European Patent Office,Patent grants,2018,5685.2588
France,World Intellectual Property Organization,Patent applications,2018,7927.4946
France,United States Patent and Trademark Office,Patent applications,2018,8271.8301
France,United States Patent and Trademark Office,Patent grants,2018,6207.8291
France,European Patent Office,Patent applications,2019,9569.4619
France,European Patent Office,Patent grants,2019,4952.8442
France,World Intellectual Property Organization,Patent applications,2019,7676.2271
France,United States Patent and Trademark Office,Patent applications,2019,8305.4932
France,United States Patent and Trademark Office,Patent grants,2019,5360.3125
France,European Patent Office,Patent applications,2020,8987.7285
France,European Patent Office,Patent grants,2020,3620.6833
France,World Intellectual Property Organization,Patent applications,2020,7426.9214
France,United States Patent and Trademark Office,Patent applications,2020,7492.7114
France,United States Patent and Trademark Office,Patent grants,2020,3380.3699
France,European Patent Office,Patent applications,2021,9559.665
France,European Patent Office,Patent grants,2021,2624.741
France,World Intellectual Property Organization,Patent applications,2021,7619.415
France,United States Patent and Trademark Office,Patent applications,2021,7519.7832
France,United States Patent and Trademark Office,Patent grants,2021,2156.8662
France,European Patent Office,Patent applications,2022,8132.751
France,World Intellectual Property Organization,Patent applications,2022,7895.7002
France,United States Patent and Trademark Office,Patent applications,2022,3966.7168
France,World Intellectual Property Organization,Patent applications,2023,7815.9419
France,World Intellectual Property Organization,Patent applications,2024,7806.1294
Germany,European Patent Office,Patent applications,2009,23940.127
Germany,European Patent Office,Patent grants,2009,15593.628
Germany,World Intellectual Property Organization,Patent applications,2009,17286.322
Germany,United States Patent and Trademark Office,Patent applications,2009,18795.811
Germany,United States Patent and Trademark Office,Patent grants,2009,12900.305
Germany,European Patent Office,Patent applications,2010,24129.031
Germany,European Patent Office,Patent grants,2010,16074.109
Germany,World Intellectual Property Organization,Patent applications,2010,18501.717
Germany,United States Patent and Trademark Office,Patent applications,2010,19818.885
Germany,United States Patent and Trademark Office,Patent grants,2010,13972.213
Germany,European Patent Office,Patent applications,2011,23756.154
Germany,European Patent Office,Patent grants,2011,16109.704
Germany,World Intellectual Property Organization,Patent applications,2011,18607.133
Germany,United States Patent and Trademark Office,Patent applications,2011,19587.682
Germany,United States Patent and Trademark Office,Patent grants,2011,14185.995
Germany,European Patent Office,Patent applications,2012,22791.617
Germany,European Patent Office,Patent grants,2012,15721.136
Germany,World Intellectual Property Organization,Patent applications,2012,17945.43
Germany,United States Patent and Trademark Office,Patent applications,2012,20111.432
Germany,United States Patent and Trademark Office,Patent grants,2012,14762.587
Germany,European Patent Office,Patent applications,2013,22563.48
Germany,European Patent Office,Patent grants,2013,15887.806
Germany,World Intellectual Property Organization,Patent applications,2013,17631.566
Germany,United States Patent and Trademark Office,Patent applications,2013,20354.375
Germany,United States Patent and Trademark Office,Patent grants,2013,15400.236
Germany,European Patent Office,Patent applications,2014,22667.061
Germany,European Patent Office,Patent grants,2014,16144.378
Germany,World Intellectual Property Organization,Patent applications,2014,17853.266
Germany,United States Patent and Trademark Office,Patent applications,2014,20057.361
Germany,United States Patent and Trademark Office,Patent grants,2014,15346.827
Germany,European Patent Office,Patent applications,2015,22543.717
Germany,European Patent Office,Patent grants,2015,16009.96
Germany,World Intellectual Property Organization,Patent applications,2015,18075.779
Germany,United States Patent and Trademark Office,Patent applications,2015,20841.732
Germany,United States Patent and Trademark Office,Patent grants,2015,15999.404
Germany,European Patent Office,Patent applications,2016,23184.252
Germany,European Patent Office,Patent grants,2016,16128.811
Germany,World Intellectual Property Organization,Patent applications,2016,18751.02
Germany,United States Patent and Trademark Office,Patent applications,2016,20839.504
Germany,United States Patent and Trademark Office,Patent grants,2016,16185.779
Germany,European Patent Office,Patent applications,2017,24114.91
Germany,European Patent Office,Patent grants,2017,15799.137
Germany,World Intellectual Property Organization,Patent applications,2017,19418.156
Germany,United States Patent and Trademark Office,Patent applications,2017,21357.578
Germany,United States Patent and Trademark Office,Patent grants,2017,16672.262
Germany,European Patent Office,Patent applications,2018,23232.457
Germany,European Patent Office,Patent grants,2018,13549.862
Germany,World Intellectual Property Organization,Patent applications,2018,19106.129
Germany,United States Patent and Trademark Office,Patent applications,2018,20529.443
Germany,United States Patent and Trademark Office,Patent grants,2018,15441.208
Germany,European Patent Office,Patent applications,2019,23933.965
Germany,European Patent Office,Patent grants,2019,12255.078
Germany,World Intellectual Property Organization,Patent applications,2019,18589.002
Germany,United States Patent and Trademark Office,Patent applications,2019,20412.424
Germany,United States Patent and Trademark Office,Patent grants,2019,13450.616
Germany,European Patent Office,Patent applications,2020,23043.898
Germany,European Patent Office,Patent grants,2020,9038.6436
Germany,World Intellectual Property Organization,Patent applications,2020,17748.486
Germany,United States Patent and Trademark Office,Patent applications,2020,19154.764
Germany,United States Patent and Trademark Office,Patent grants,2020,9131.8477
Germany,European Patent Office,Patent applications,2021,22947.053
Germany,European Patent Office,Patent grants,2021,6164.5054
Germany,World Intellectual Property Organization,Patent applications,2021,18017.043
Germany,United States Patent and Trademark Office,Patent applications,2021,18829.979
Germany,United States Patent and Trademark Office,Patent grants,2021,5612.2012
Germany,European Patent Office,Patent applications,2022,20083.086
Germany,World Intellectual Property Organization,Patent applications,2022,17172.867
Germany,United States Patent and Trademark Office,Patent applications,2022,11926.662
Germany,World Intellectual Property Organization,Patent applications,2023,17370.539
Germany,World Intellectual Property Organization,Patent applications,2024,17580.768
Greece,European Patent Office,Patent grants,2009,50.326199
Greece,World Intellectual Property Organization,Patent applications,2009,108.05992
Greece,United States Patent and Trademark Office,Patent applications,2009,104.5345
Greece,United States Patent and Trademark Office,Patent grants,2009,66.701202
Greece,European Patent Office,Patent grants,2010,29.146299
Greece,World Intellectual Property Organization,Patent applications,2010,90.902237
Greece,United States Patent and Trademark Office,Patent applications,2010,80.3022
Greece,United States Patent and Trademark Office,Patent grants,2010,50.962898
Greece,European Patent Office,Patent grants,2011,48.9394
Greece,World Intellectual Property Organization,Patent applications,2011,91.842857
Greece,United States Patent and Trademark Office,Patent applications,2011,105.3583
Greece,United States Patent and Trademark Office,Patent grants,2011,68.625
Greece,European Patent Office,Patent grants,2012,63.866699
Greece,World Intellectual Property Organization,Patent applications,2012,116.30769
Greece,United States Patent and Trademark Office,Patent applications,2012,172.62981
Greece,United States Patent and Trademark Office,Patent grants,2012,95.6464
Greece,European Patent Office,Patent grants,2013,72.248802
Greece,World Intellectual Property Organization,Patent applications,2013,118.54401
Greece,United States Patent and Trademark Office,Patent applications,2013,160.1929
Greece,United States Patent and Trademark Office,Patent grants,2013,103.6155
Greece,European Patent Office,Patent grants,2014,74.217903
Greece,World Intellectual Property Organization,Patent applications,2014,126.34405
Greece,United States Patent and Trademark Office,Patent applications,2014,154.5726
Greece,United States Patent and Trademark Office,Patent grants,2014,104.9643
Greece,European Patent Office,Patent grants,2015,58.990299
Greece,World Intellectual Property Organization,Patent applications,2015,108.58853
Greece,United States Patent and Trademark Office,Patent applications,2015,135.4895
Greece,United States Patent and Trademark Office,Patent grants,2015,84.978401
Greece,European Patent Office,Patent grants,2016,63.799999
Greece,World Intellectual Property Organization,Patent applications,2016,120.57182
Greece,United States Patent and Trademark Office,Patent applications,2016,154.506
Greece,United States Patent and Trademark Office,Patent grants,2016,107.2242
Greece,European Patent Office,Patent grants,2017,72.769402
Greece,World Intellectual Property Organization,Patent applications,2017,124.92302
Greece,United States Patent and Trademark Office,Patent applications,2017,172.39639
Greece,United States Patent and Trademark Office,Patent grants,2017,136.1853
Greece,European Patent Office,Patent grants,2018,81.342102
Greece,World Intellectual Property Organization,Patent applications,2018,149.4615
Greece,United States Patent and Trademark Office,Patent applications,2018,142.35629
Greece,United States Patent and Trademark Office,Patent grants,2018,101.7468
Greece,European Patent Office,Patent grants,2019,58.069
Greece,World Intellectual Property Organization,Patent applications,2019,134.96211
Greece,United States Patent and Trademark Office,Patent applications,2019,172.5961
Greece,United States Patent and Trademark Office,Patent grants,2019,111.7996
Greece,European Patent Office,Patent grants,2020,41.508301
Greece,World Intellectual Property Organization,Patent applications,2020,124.72619
Greece,United States Patent and Trademark Office,Patent applications,2020,173.9921
Greece,United States Patent and Trademark Office,Patent grants,2020,95.238503
Greece,European Patent Office,Patent grants,2021,41.416698
Greece,World Intellectual Property Organization,Patent applications,2021,151.14642
Greece,United States Patent and Trademark Office,Patent applications,2021,211.6237
Greece,United States Patent and Trademark Office,Patent grants,2021,68.258003
Greece,World Intellectual Property Organization,Patent applications,2022,131.44234
Greece,United States Patent and Trademark Office,Patent applications,2022,174.11749
Greece,World Intellectual Property Organization,Patent applications,2023,143.91003
Greece,World Intellectual Property Organization,Patent applications,2024,142.62103
Hungary,European Patent Office,Patent applications,2009,186.2197
Hungary,European Patent Office,Patent grants,2009,119.8071
Hungary,World Intellectual Property Organization,Patent applications,2009,234.43294
Hungary,United States Patent and Trademark Office,Patent applications,2009,172.3103
Hungary,European Patent Office,Patent applications,2010,200.972
Hungary,European Patent Office,Patent grants,2010,118.1061
Hungary,World Intellectual Property Organization,Patent applications,2010,243.616
Hungary,United States Patent and Trademark Office,Patent applications,2010,210.0672
Hungary,European Patent Office,Patent applications,2011,226.2317
Hungary,European Patent Office,Patent grants,2011,123.5127
Hungary,World Intellectual Property Organization,Patent applications,2011,265.82779
Hungary,United States Patent and Trademark Office,Patent applications,2011,248.0567
Hungary,European Patent Office,Patent applications,2012,217.0687
Hungary,European Patent Office,Patent grants,2012,137.7187
Hungary,World Intellectual Property Organization,Patent applications,2012,238.70999
Hungary,United States Patent and Trademark Office,Patent applications,2012,196.6077
Hungary,European Patent Office,Patent applications,2013,176.66029
Hungary,European Patent Office,Patent grants,2013,109.5013
Hungary,World Intellectual Property Organization,Patent applications,2013,242.72343
Hungary,United States Patent and Trademark Office,Patent applications,2013,211.12331
Hungary,European Patent Office,Patent applications,2014,217.03889
Hungary,European Patent Office,Patent grants,2014,140.63969
Hungary,World Intellectual Property Organization,Patent applications,2014,251.98099
Hungary,United States Patent and Trademark Office,Patent applications,2014,223.183
Hungary,European Patent Office,Patent applications,2015,206.5639
Hungary,European Patent Office,Patent grants,2015,140.7541
Hungary,World Intellectual Property Organization,Patent applications,2015,276.92239
Hungary,United States Patent and Trademark Office,Patent applications,2015,247.3168
Hungary,European Patent Office,Patent applications,2016,215.9986
Hungary,European Patent Office,Patent grants,2016,132.0601
Hungary,World Intellectual Property Organization,Patent applications,2016,262.83948
Hungary,United States Patent and Trademark Office,Patent applications,2016,235.92239
Hungary,European Patent Office,Patent applications,2017,192.3083
Hungary,European Patent Office,Patent grants,2017,113.8557
Hungary,World Intellectual Property Organization,Patent applications,2017,242.34712
Hungary,United States Patent and Trademark Office,Patent applications,2017,195.1255
Hungary,European Patent Office,Patent applications,2018,272.78281
Hungary,European Patent Office,Patent grants,2018,159.99361
Hungary,World Intellectual Property Organization,Patent applications,2018,312.12289
Hungary,United States Patent and Trademark Office,Patent applications,2018,256.0239
Hungary,European Patent Office,Patent applications,2019,227.21449
Hungary,European Patent Office,Patent grants,2019,112.8442
Hungary,World Intellectual Property Organization,Patent applications,2019,243.05125
Hungary,United States Patent and Trademark Office,Patent applications,2019,224.52921
Hungary,European Patent Office,Patent applications,2020,212.7919
Hungary,European Patent Office,Patent grants,2020,67.552399
Hungary,World Intellectual Property Organization,Patent applications,2020,259.5921
Hungary,United States Patent and Trademark Office,Patent applications,2020,199.4751
Hungary,European Patent Office,Patent applications,2021,211.0743
Hungary,European Patent Office,Patent grants,2021,53.354801
Hungary,World Intellectual Property Organization,Patent applications,2021,268.2717
Hungary,United States Patent and Trademark Office,Patent applications,2021,204.40311
Hungary,European Patent Office,Patent applications,2022,228.5056
Hungary,World Intellectual Property Organization,Patent applications,2022,277.50781
Hungary,United States Patent and Trademark Office,Patent applications,2022,115.8079
Hungary,World Intellectual Property Organization,Patent applications,2023,267.45096
Hungary,World Intellectual Property Organization,Patent applications,2024,272.08395
Iceland,European Patent Office,Patent applications,2009,26.6556
Iceland,European Patent Office,Patent grants,2009,16.700001
Iceland,World Intellectual Property Organization,Patent applications,2009,35.612698
Iceland,United States Patent and Trademark Office,Patent applications,2009,41.912701
Iceland,United States Patent and Trademark Office,Patent grants,2009,32.522202
Iceland,European Patent Office,Patent applications,2010,21.0333
Iceland,European Patent Office,Patent grants,2010,12.0333
Iceland,World Intellectual Property Organization,Patent applications,2010,26.833334
Iceland,United States Patent and Trademark Office,Patent applications,2010,46.266701
Iceland,United States Patent and Trademark Office,Patent grants,2010,31.6667
Iceland,European Patent Office,Patent applications,2011,25.7083
Iceland,European Patent Office,Patent grants,2011,17.4583
Iceland,World Intellectual Property Organization,Patent applications,2011,32.158333
Iceland,United States Patent and Trademark Office,Patent applications,2011,58.098499
Iceland,United States Patent and Trademark Office,Patent grants,2011,45.2985
Iceland,European Patent Office,Patent applications,2012,29.75
Iceland,European Patent Office,Patent grants,2012,16.75
Iceland,World Intellectual Property Organization,Patent applications,2012,33.950001
Iceland,United States Patent and Trademark Office,Patent applications,2012,68.461899
Iceland,United States Patent and Trademark Office,Patent grants,2012,51.466702
Iceland,European Patent Office,Patent applications,2013,33.016701
Iceland,European Patent Office,Patent grants,2013,21.516701
Iceland,World Intellectual Property Organization,Patent applications,2013,34.516666
Iceland,United States Patent and Trademark Office,Patent applications,2013,70.314301
Iceland,United States Patent and Trademark Office,Patent grants,2013,54.1087
Iceland,European Patent Office,Patent applications,2014,38.166698
Iceland,European Patent Office,Patent grants,2014,26.3333
Iceland,World Intellectual Property Organization,Patent applications,2014,36.333332
Iceland,United States Patent and Trademark Office,Patent applications,2014,61.400002
Iceland,United States Patent and Trademark Office,Patent grants,2014,48.608299
Iceland,European Patent Office,Patent applications,2015,44.911098
Iceland,European Patent Office,Patent grants,2015,30.1611
Iceland,World Intellectual Property Organization,Patent applications,2015,39.66111
Iceland,United States Patent and Trademark Office,Patent applications,2015,77.216698
Iceland,United States Patent and Trademark Office,Patent grants,2015,59.216702
Iceland,European Patent Office,Patent applications,2016,29.6206
Iceland,European Patent Office,Patent grants,2016,23.1444
Iceland,World Intellectual Property Organization,Patent applications,2016,30.587301
Iceland,United States Patent and Trademark Office,Patent applications,2016,57.8792
Iceland,United States Patent and Trademark Office,Patent grants,2016,40.045799
Iceland,European Patent Office,Patent applications,2017,40.833302
Iceland,European Patent Office,Patent grants,2017,24.0833
Iceland,World Intellectual Property Organization,Patent applications,2017,45.333332
Iceland,United States Patent and Trademark Office,Patent applications,2017,69.283302
Iceland,United States Patent and Trademark Office,Patent grants,2017,51.616699
Iceland,European Patent Office,Patent applications,2018,32.107101
Iceland,European Patent Office,Patent grants,2018,19.890499
Iceland,World Intellectual Property Organization,Patent applications,2018,36.315475
Iceland,United States Patent and Trademark Office,Patent applications,2018,36.1464
Iceland,United States Patent and Trademark Office,Patent grants,2018,20.947599
Iceland,European Patent Office,Patent applications,2019,40.333302
Iceland,European Patent Office,Patent grants,2019,13.8
Iceland,World Intellectual Property Organization,Patent applications,2019,43.400002
Iceland,United States Patent and Trademark Office,Patent applications,2019,56.634499
Iceland,United States Patent and Trademark Office,Patent grants,2019,32.526199
Iceland,European Patent Office,Patent applications,2020,23.366699
Iceland,European Patent Office,Patent grants,2020,2.6666999
Iceland,World Intellectual Property Organization,Patent applications,2020,28.766666
Iceland,United States Patent and Trademark Office,Patent applications,2020,41.937302
Iceland,United States Patent and Trademark Office,Patent grants,2020,18.504
Iceland,European Patent Office,Patent applications,2021,31.875
Iceland,European Patent Office,Patent grants,2021,5.0
Iceland,World Intellectual Property Organization,Patent applications,2021,38.674999
Iceland,United States Patent and Trademark Office,Patent applications,2021,40.016701
Iceland,United States Patent and Trademark Office,Patent grants,2021,9.3332996
Iceland,European Patent Office,Patent applications,2022,30.1905
Iceland,World Intellectual Property Organization,Patent applications,2022,42.857143
Iceland,United States Patent and Trademark Office,Patent applications,2022,26.444901
Iceland,World Intellectual Property Organization,Patent applications,2023,42.06723
Iceland,World Intellectual Property Organization,Patent applications,2024,41.363487
Ireland,European Patent Office,Patent applications,2009,364.98129
Ireland,European Patent Office,Patent grants,2009,191.28571
Ireland,World Intellectual Property Organization,Patent applications,2009,380.30157
Ireland,United States Patent and Trademark Office,Patent applications,2009,532.37732
Ireland,United States Patent and Trademark Office,Patent grants,2009,362.41351
Ireland,European Patent Office,Patent applications,2010,347.03891
Ireland,European Patent Office,Patent grants,2010,185.075
Ireland,World Intellectual Property Organization,Patent applications,2010,342.47168
Ireland,United States Patent and Trademark Office,Patent applications,2010,617.60248
Ireland,United States Patent and Trademark Office,Patent grants,2010,456.54739
Ireland,European Patent Office,Patent applications,2011,393.6554
Ireland,European Patent Office,Patent grants,2011,224.58569
Ireland,World Intellectual Property Organization,Patent applications,2011,420.58551
Ireland,United States Patent and Trademark Office,Patent applications,2011,580.03729
Ireland,United States Patent and Trademark Office,Patent grants,2011,397.90701
Ireland,European Patent Office,Patent applications,2012,347.2562
Ireland,European Patent Office,Patent grants,2012,197.4756
Ireland,World Intellectual Property Organization,Patent applications,2012,372.38553
Ireland,United States Patent and Trademark Office,Patent applications,2012,676.90118
Ireland,United States Patent and Trademark Office,Patent grants,2012,519.79578
Ireland,European Patent Office,Patent applications,2013,455.87161
Ireland,European Patent Office,Patent grants,2013,280.8356
Ireland,World Intellectual Property Organization,Patent applications,2013,407.11026
Ireland,United States Patent and Trademark Office,Patent applications,2013,859.84808
Ireland,United States Patent and Trademark Office,Patent grants,2013,640.97583
Ireland,European Patent Office,Patent applications,2014,478.10321
Ireland,European Patent Office,Patent grants,2014,256.30789
Ireland,World Intellectual Property Organization,Patent applications,2014,425.48035
Ireland,United States Patent and Trademark Office,Patent applications,2014,913.99451
Ireland,United States Patent and Trademark Office,Patent grants,2014,683.89807
Ireland,European Patent Office,Patent applications,2015,484.10849
Ireland,European Patent Office,Patent grants,2015,255.2751
Ireland,World Intellectual Property Organization,Patent applications,2015,442.13998
Ireland,United States Patent and Trademark Office,Patent applications,2015,910.56958
Ireland,United States Patent and Trademark Office,Patent grants,2015,718.49847
Ireland,European Patent Office,Patent applications,2016,457.88989
Ireland,European Patent Office,Patent grants,2016,249.8105
Ireland,World Intellectual Property Organization,Patent applications,2016,482.31165
Ireland,United States Patent and Trademark Office,Patent applications,2016,1019.5216
Ireland,United States Patent and Trademark Office,Patent grants,2016,838.82391
Ireland,European Patent Office,Patent applications,2017,460.25562
Ireland,European Patent Office,Patent grants,2017,232.14999
Ireland,World Intellectual Property Organization,Patent applications,2017,453.80237
Ireland,United States Patent and Trademark Office,Patent applications,2017,1016.3412
Ireland,United States Patent and Trademark Office,Patent grants,2017,825.94818
Ireland,European Patent Office,Patent applications,2018,476.6709
Ireland,European Patent Office,Patent grants,2018,213.0611
Ireland,World Intellectual Property Organization,Patent applications,2018,392.56143
Ireland,United States Patent and Trademark Office,Patent applications,2018,1029.8477
Ireland,United States Patent and Trademark Office,Patent grants,2018,820.60193
Ireland,European Patent Office,Patent applications,2019,528.6153
Ireland,European Patent Office,Patent grants,2019,193.7719
Ireland,World Intellectual Property Organization,Patent applications,2019,440.03424
Ireland,United States Patent and Trademark Office,Patent applications,2019,996.4281
Ireland,United States Patent and Trademark Office,Patent grants,2019,742.49939
Ireland,European Patent Office,Patent applications,2020,602.98492
Ireland,European Patent Office,Patent grants,2020,172.2119
Ireland,World Intellectual Property Organization,Patent applications,2020,541.30383
Ireland,United States Patent and Trademark Office,Patent applications,2020,1080.9375
Ireland,United States Patent and Trademark Office,Patent grants,2020,654.37659
Ireland,European Patent Office,Patent applications,2021,504.90701
Ireland,European Patent Office,Patent grants,2021,80.077003
Ireland,World Intellectual Property Organization,Patent applications,2021,470.34894
Ireland,United States Patent and Trademark Office,Patent applications,2021,913.29071
Ireland,United States Patent and Trademark Office,Patent grants,2021,418.17441
Ireland,European Patent Office,Patent applications,2022,473.62189
Ireland,World Intellectual Property Organization,Patent applications,2022,502.03946
Ireland,United States Patent and Trademark Office,Patent applications,2022,776.41412
Ireland,World Intellectual Property Organization,Patent applications,2023,495.76889
Ireland,World Intellectual Property Organization,Patent applications,2024,491.26807
Israel,World Intellectual Property Organization,Patent applications,2009,1690.1451
Israel,United States Patent and Trademark Office,Patent applications,2009,3691.2979
Israel,United States Patent and Trademark Office,Patent grants,2009,2563.7534
Israel,World Intellectual Property Organization,Patent applications,2010,1698.7753
Israel,United States Patent and Trademark Office,Patent applications,2010,3767.7139
Israel,United States Patent and Trademark Office,Patent grants,2010,2711.8079
Israel,World Intellectual Property Organization,Patent applications,2011,1789.606
Israel,United States Patent and Trademark Office,Patent applications,2011,3962.0952
Israel,United States Patent and Trademark Office,Patent grants,2011,2892.8015
Israel,World Intellectual Property Organization,Patent applications,2012,2014.7563
Israel,United States Patent and Trademark Office,Patent applications,2012,4889.7534
Israel,United States Patent and Trademark Office,Patent grants,2012,3661.8081
Israel,World Intellectual Property Organization,Patent applications,2013,1996.0796
Israel,United States Patent and Trademark Office,Patent applications,2013,4854.5835
Israel,United States Patent and Trademark Office,Patent grants,2013,3688.2095
Israel,World Intellectual Property Organization,Patent applications,2014,2066.1812
Israel,United States Patent and Trademark Office,Patent applications,2014,4827.7866
Israel,United States Patent and Trademark Office,Patent grants,2014,3617.9304
Israel,World Intellectual Property Organization,Patent applications,2015,2249.5771
Israel,United States Patent and Trademark Office,Patent applications,2015,5428.187
Israel,United States Patent and Trademark Office,Patent grants,2015,4311.6128
Israel,World Intellectual Property Organization,Patent applications,2016,2208.9304
Israel,United States Patent and Trademark Office,Patent applications,2016,5108.9473
Israel,United States Patent and Trademark Office,Patent grants,2016,4073.3943
Israel,World Intellectual Property Organization,Patent applications,2017,2211.2969
Israel,United States Patent and Trademark Office,Patent applications,2017,5355.0967
Israel,United States Patent and Trademark Office,Patent grants,2017,4258.0122
Israel,World Intellectual Property Organization,Patent applications,2018,2194.175
Israel,United States Patent and Trademark Office,Patent applications,2018,4898.1973
Israel,United States Patent and Trademark Office,Patent grants,2018,3694.9868
Israel,World Intellectual Property Organization,Patent applications,2019,2201.9705
Israel,United States Patent and Trademark Office,Patent applications,2019,4982.5703
Israel,United States Patent and Trademark Office,Patent grants,2019,3551.2844
Israel,World Intellectual Property Organization,Patent applications,2020,2397.2854
Israel,United States Patent and Trademark Office,Patent applications,2020,5092.7983
Israel,United States Patent and Trademark Office,Patent grants,2020,3116.5613
Israel,World Intellectual Property Organization,Patent applications,2021,2206.5332
Israel,United States Patent and Trademark Office,Patent applications,2021,4776.8408
Israel,United States Patent and Trademark Office,Patent grants,2021,2553.7183
Israel,World Intellectual Property Organization,Patent applications,2022,2094.3743
Israel,United States Patent and Trademark Office,Patent applications,2022,3722.9917
Israel,World Intellectual Property Organization,Patent applications,2023,2072.5049
Israel,World Intellectual Property Organization,Patent applications,2024,2131.7473
Italy,European Patent Office,Patent applications,2009,4488.4365
Italy,European Patent Office,Patent grants,2009,2886.1292
Italy,World Intellectual Property Organization,Patent applications,2009,3135.063
Italy,United States Patent and Trademark Office,Patent grants,2009,2223.7129
Italy,European Patent Office,Patent applications,2010,4564.9175
Italy,European Patent Office,Patent grants,2010,3118.3999
Italy,World Intellectual Property Organization,Patent applications,2010,3146.4648
Italy,United States Patent and Trademark Office,Patent grants,2010,2358.7029
Italy,European Patent Office,Patent applications,2011,4498.0679
Italy,European Patent Office,Patent grants,2011,3134.7129
Italy,World Intellectual Property Organization,Patent applications,2011,3271.0952
Italy,United States Patent and Trademark Office,Patent grants,2011,2262.9512
Italy,European Patent Office,Patent applications,2012,4481.7808
Italy,European Patent Office,Patent grants,2012,3184.9487
Italy,World Intellectual Property Organization,Patent applications,2012,3326.2637
Italy,United States Patent and Trademark Office,Patent grants,2012,2429.6963
Italy,European Patent Office,Patent applications,2013,4437.1538
Italy,European Patent Office,Patent grants,2013,3340.145
Italy,World Intellectual Property Organization,Patent applications,2013,3479.7087
Italy,United States Patent and Trademark Office,Patent grants,2013,2599.0916
Italy,European Patent Office,Patent applications,2014,4595.7827
Italy,European Patent Office,Patent grants,2014,3471.8872
Italy,World Intellectual Property Organization,Patent applications,2014,3513.9961
Italy,United States Patent and Trademark Office,Patent grants,2014,2794.2515
Italy,European Patent Office,Patent applications,2015,4790.7969
Italy,European Patent Office,Patent grants,2015,3626.8171
Italy,World Intellectual Property Organization,Patent applications,2015,3645.4985
Italy,United States Patent and Trademark Office,Patent grants,2015,2876.4023
Italy,European Patent Office,Patent applications,2016,4947.0874
Italy,European Patent Office,Patent grants,2016,3684.0337
Italy,World Intellectual Property Organization,Patent applications,2016,3655.7722
Italy,United States Patent and Trademark Office,Patent grants,2016,2970.6453
Italy,European Patent Office,Patent applications,2017,4862.9014
Italy,European Patent Office,Patent grants,2017,3504.3137
Italy,World Intellectual Property Organization,Patent applications,2017,3658.2251
Italy,United States Patent and Trademark Office,Patent grants,2017,2980.2693
Italy,European Patent Office,Patent applications,2018,4941.439
Italy,European Patent Office,Patent grants,2018,3264.9138
Italy,World Intellectual Property Organization,Patent applications,2018,3777.4731
Italy,United States Patent and Trademark Office,Patent grants,2018,2793.1516
Italy,European Patent Office,Patent applications,2019,5273.4907
Italy,European Patent Office,Patent grants,2019,3169.0608
Italy,World Intellectual Property Organization,Patent applications,2019,3752.0742
Italy,United States Patent and Trademark Office,Patent grants,2019,2572.2725
Italy,European Patent Office,Patent applications,2020,5211.7822
Italy,European Patent Office,Patent grants,2020,2497.6748
Italy,World Intellectual Property Organization,Patent applications,2020,3902.6531
Italy,United States Patent and Trademark Office,Patent grants,2020,1900.1224
Italy,European Patent Office,Patent applications,2021,5531.3252
Italy,European Patent Office,Patent grants,2021,1909.9103
Italy,World Intellectual Property Organization,Patent applications,2021,3910.7
Italy,United States Patent and Trademark Office,Patent grants,2021,1366.5989
Italy,European Patent Office,Patent applications,2022,4554.4214
Italy,World Intellectual Property Organization,Patent applications,2022,3507.4036
Italy,World Intellectual Property Organization,Patent applications,2023,3652.2112
Italy,World Intellectual Property Organization,Patent applications,2024,3702.1475
Japan,European Patent Office,Patent applications,2009,20317.955
Japan,European Patent Office,Patent grants,2009,11969.924
Japan,United States Patent and Trademark Office,Patent applications,2009,56696.707
Japan,United States Patent and Trademark Office,Patent grants,2009,41075.426
Japan,European Patent Office,Patent applications,2010,22471.83
Japan,European Patent Office,Patent grants,2010,13606.171
Japan,United States Patent and Trademark Office,Patent applications,2010,61727.453
Japan,United States Patent and Trademark Office,Patent grants,2010,44984.125
Japan,European Patent Office,Patent applications,2011,22635.691
Japan,European Patent Office,Patent grants,2011,14721.725
Japan,United States Patent and Trademark Office,Patent applications,2011,61974.961
Japan,United States Patent and Trademark Office,Patent grants,2011,46353.602
Japan,European Patent Office,Patent applications,2012,21950.404
Japan,European Patent Office,Patent grants,2012,14631.441
Japan,United States Patent and Trademark Office,Patent applications,2012,60878.047
Japan,United States Patent and Trademark Office,Patent grants,2012,46152.727
Japan,European Patent Office,Patent applications,2013,20583.088
Japan,European Patent Office,Patent grants,2013,13952.769
Japan,United States Patent and Trademark Office,Patent applications,2013,59361.141
Japan,United States Patent and Trademark Office,Patent grants,2013,45657.094
Japan,European Patent Office,Patent applications,2014,20771.648
Japan,European Patent Office,Patent grants,2014,14394.122
Japan,United States Patent and Trademark Office,Patent applications,2014,60132.699
Japan,United States Patent and Trademark Office,Patent grants,2014,47141.148
Japan,European Patent Office,Patent applications,2015,21062.652
Japan,European Patent Office,Patent grants,2015,14228.519
Japan,United States Patent and Trademark Office,Patent applications,2015,59388.559
Japan,United States Patent and Trademark Office,Patent grants,2015,47068.59
Japan,European Patent Office,Patent applications,2016,21291.779
Japan,European Patent Office,Patent grants,2016,13795.386
Japan,United States Patent and Trademark Office,Patent applications,2016,60922.398
Japan,United States Patent and Trademark Office,Patent grants,2016,48430.66
Japan,European Patent Office,Patent applications,2017,21580.311
Japan,European Patent Office,Patent grants,2017,12601.679
Japan,United States Patent and Trademark Office,Patent applications,2017,63067.449
Japan,United States Patent and Trademark Office,Patent grants,2017,49996.551
Japan,European Patent Office,Patent applications,2018,21041.43
Japan,European Patent Office,Patent grants,2018,10683.367
Japan,United States Patent and Trademark Office,Patent applications,2018,62202.777
Japan,United States Patent and Trademark Office,Patent grants,2018,47655.535
Japan,European Patent Office,Patent applications,2019,20352.107
Japan,European Patent Office,Patent grants,2019,7891.9004
Japan,United States Patent and Trademark Office,Patent applications,2019,59210.293
Japan,United States Patent and Trademark Office,Patent grants,2019,41393.887
Japan,European Patent Office,Patent applications,2020,19151.939
Japan,European Patent Office,Patent grants,2020,4651.1313
Japan,United States Patent and Trademark Office,Patent applications,2020,54772.473
Japan,United States Patent and Trademark Office,Patent grants,2020,29166.891
Japan,European Patent Office,Patent applications,2021,19907.025
Japan,European Patent Office,Patent grants,2021,2549.9937
Japan,United States Patent and Trademark Office,Patent applications,2021,55200.418
Japan,United States Patent and Trademark Office,Patent grants,2021,19142.256
Japan,European Patent Office,Patent applications,2022,17223.471
Japan,United States Patent and Trademark Office,Patent applications,2022,39359.461
Korea,European Patent Office,Patent applications,2009,5143.231
Korea,European Patent Office,Patent grants,2009,2952.6777
Korea,World Intellectual Property Organization,Patent applications,2009,8730.6777
Korea,United States Patent and Trademark Office,Patent applications,2009,18161.875
Korea,United States Patent and Trademark Office,Patent grants,2009,12792.369
Korea,European Patent Office,Patent applications,2010,5769.0439
Korea,European Patent Office,Patent grants,2010,3494.6494
Korea,World Intellectual Property Organization,Patent applications,2010,9544.2256
Korea,United States Patent and Trademark Office,Patent applications,2010,20680.975
Korea,United States Patent and Trademark Office,Patent grants,2010,14461.433
Korea,European Patent Office,Patent applications,2011,5829.2993
Korea,European Patent Office,Patent grants,2011,3531.9187
Korea,World Intellectual Property Organization,Patent applications,2011,10820.722
Korea,United States Patent and Trademark Office,Patent applications,2011,21111.943
Korea,United States Patent and Trademark Office,Patent grants,2011,14783.419
Korea,European Patent Office,Patent applications,2012,6411.4004
Korea,European Patent Office,Patent grants,2012,4049.5942
Korea,World Intellectual Property Organization,Patent applications,2012,11354.284
Korea,United States Patent and Trademark Office,Patent applications,2012,23174.289
Korea,United States Patent and Trademark Office,Patent grants,2012,16589.137
Korea,European Patent Office,Patent applications,2013,6983.502
Korea,European Patent Office,Patent grants,2013,4687.8955
Korea,World Intellectual Property Organization,Patent applications,2013,12145.322
Korea,United States Patent and Trademark Office,Patent applications,2013,25997.766
Korea,United States Patent and Trademark Office,Patent grants,2013,19090.682
Korea,European Patent Office,Patent applications,2014,7052.231
Korea,European Patent Office,Patent grants,2014,5004.7935
Korea,World Intellectual Property Organization,Patent applications,2014,13213.498
Korea,United States Patent and Trademark Office,Patent applications,2014,26792.436
Korea,United States Patent and Trademark Office,Patent grants,2014,20803.854
Korea,European Patent Office,Patent applications,2015,7114.2705
Korea,European Patent Office,Patent grants,2015,5000.5527
Korea,World Intellectual Property Organization,Patent applications,2015,14494.312
Korea,United States Patent and Trademark Office,Patent applications,2015,26834.889
Korea,United States Patent and Trademark Office,Patent grants,2015,21706.082
Korea,European Patent Office,Patent applications,2016,7586.9775
Korea,European Patent Office,Patent grants,2016,5301.3042
Korea,World Intellectual Property Organization,Patent applications,2016,14985.583
Korea,United States Patent and Trademark Office,Patent applications,2016,25576.725
Korea,United States Patent and Trademark Office,Patent grants,2016,21411.658
Korea,European Patent Office,Patent applications,2017,7645.3218
Korea,European Patent Office,Patent grants,2017,5045.1177
Korea,World Intellectual Property Organization,Patent applications,2017,15760.588
Korea,United States Patent and Trademark Office,Patent applications,2017,24040.451
Korea,United States Patent and Trademark Office,Patent grants,2017,20194.633
Korea,European Patent Office,Patent applications,2018,8491.4326
Korea,European Patent Office,Patent grants,2018,4711.4214
Korea,World Intellectual Property Organization,Patent applications,2018,17385.867
Korea,United States Patent and Trademark Office,Patent applications,2018,26707.357
Korea,United States Patent and Trademark Office,Patent grants,2018,21788.805
Korea,European Patent Office,Patent applications,2019,9158.1084
Korea,European Patent Office,Patent grants,2019,3895.9365
Korea,World Intellectual Property Organization,Patent applications,2019,18745.896
Korea,United States Patent and Trademark Office,Patent applications,2019,29804.076
Korea,United States Patent and Trademark Office,Patent grants,2019,22729.176
Korea,European Patent Office,Patent applications,2020,9774.543
Korea,European Patent Office,Patent grants,2020,2386.9795
Korea,World Intellectual Property Organization,Patent applications,2020,20270.107
Korea,United States Patent and Trademark Office,Patent applications,2020,30263.57
Korea,United States Patent and Trademark Office,Patent grants,2020,18843.879
Korea,European Patent Office,Patent applications,2021,11139.384
Korea,European Patent Office,Patent grants,2021,1332.7043
Korea,World Intellectual Property Organization,Patent applications,2021,21084.186
Korea,United States Patent and Trademark Office,Patent applications,2021,29736.322
Korea,United States Patent and Trademark Office,Patent grants,2021,11993.712
Korea,European Patent Office,Patent applications,2022,10750.979
Korea,World Intellectual Property Organization,Patent applications,2022,21108.971
Korea,United States Patent and Trademark Office,Patent applications,2022,23415.477
Korea,World Intellectual Property Organization,Patent applications,2023,21445.465
Korea,World Intellectual Property Organization,Patent applications,2024,21290.121
Latvia,European Patent Office,Patent grants,2009,8.75
Latvia,World Intellectual Property Organization,Patent applications,2009,31.427382
Latvia,United States Patent and Trademark Office,Patent applications,2009,17.5214
Latvia,United States Patent and Trademark Office,Patent grants,2009,9.6833
Latvia,European Patent Office,Patent grants,2010,2.9444001
Latvia,World Intellectual Property Organization,Patent applications,2010,13.4
Latvia,United States Patent and Trademark Office,Patent applications,2010,6.6666999
Latvia,United States Patent and Trademark Office,Patent grants,2010,4.1666999
Latvia,European Patent Office,Patent grants,2011,11.375
Latvia,World Intellectual Property Organization,Patent applications,2011,24.852634
Latvia,United States Patent and Trademark Office,Patent applications,2011,12.9167
Latvia,United States Patent and Trademark Office,Patent grants,2011,7.9166999
Latvia,European Patent Office,Patent grants,2012,15.4881
Latvia,World Intellectual Property Organization,Patent applications,2012,32.788094
Latvia,United States Patent and Trademark Office,Patent applications,2012,15.1167
Latvia,United States Patent and Trademark Office,Patent grants,2012,7.8667002
Latvia,European Patent Office,Patent grants,2013,25.5
Latvia,World Intellectual Property Organization,Patent applications,2013,34.666668
Latvia,United States Patent and Trademark Office,Patent applications,2013,10.9333
Latvia,United States Patent and Trademark Office,Patent grants,2013,9.2333002
Latvia,European Patent Office,Patent grants,2014,3.6666999
Latvia,World Intellectual Property Organization,Patent applications,2014,12.666667
Latvia,United States Patent and Trademark Office,Patent applications,2014,11.75
Latvia,United States Patent and Trademark Office,Patent grants,2014,5.5
Latvia,European Patent Office,Patent grants,2015,17.200001
Latvia,World Intellectual Property Organization,Patent applications,2015,30.200001
Latvia,United States Patent and Trademark Office,Patent applications,2015,11.5333
Latvia,United States Patent and Trademark Office,Patent grants,2015,10.5333
Latvia,European Patent Office,Patent grants,2016,5.9110999
Latvia,World Intellectual Property Organization,Patent applications,2016,22.644444
Latvia,United States Patent and Trademark Office,Patent applications,2016,14.7833
Latvia,United States Patent and Trademark Office,Patent grants,2016,10.7333
Latvia,European Patent Office,Patent grants,2017,12.2667
Latvia,World Intellectual Property Organization,Patent applications,2017,32.950001
Latvia,United States Patent and Trademark Office,Patent applications,2017,16.35
Latvia,United States Patent and Trademark Office,Patent grants,2017,10.5167
Latvia,European Patent Office,Patent grants,2018,8.5
Latvia,World Intellectual Property Organization,Patent applications,2018,33.576923
Latvia,United States Patent and Trademark Office,Patent applications,2018,22.7952
Latvia,United States Patent and Trademark Office,Patent grants,2018,12.2952
Latvia,European Patent Office,Patent grants,2019,15.3833
Latvia,World Intellectual Property Organization,Patent applications,2019,30.521429
Latvia,United States Patent and Trademark Office,Patent applications,2019,29.038099
Latvia,United States Patent and Trademark Office,Patent grants,2019,23.0714
Latvia,European Patent Office,Patent grants,2020,14.0
Latvia,World Intellectual Property Organization,Patent applications,2020,42.911598
Latvia,United States Patent and Trademark Office,Patent applications,2020,31.717899
Latvia,United States Patent and Trademark Office,Patent grants,2020,16.3929
Latvia,European Patent Office,Patent grants,2021,11.4
Latvia,World Intellectual Property Organization,Patent applications,2021,39.421677
Latvia,United States Patent and Trademark Office,Patent applications,2021,28.35
Latvia,United States Patent and Trademark Office,Patent grants,2021,7.25
Latvia,World Intellectual Property Organization,Patent applications,2022,47.950001
Latvia,United States Patent and Trademark Office,Patent applications,2022,20.1429
Latvia,World Intellectual Property Organization,Patent applications,2023,38.665558
Latvia,World Intellectual Property Organization,Patent applications,2024,42.187531
Lithuania,European Patent Office,Patent applications,2009,8.3999996
Lithuania,European Patent Office,Patent grants,2009,7.4000001
Lithuania,World Intellectual Property Organization,Patent applications,2009,14.366667
Lithuania,European Patent Office,Patent applications,2010,15.9
Lithuania,European Patent Office,Patent grants,2010,7.4000001
Lithuania,World Intellectual Property Organization,Patent applications,2010,20.799999
Lithuania,European Patent Office,Patent applications,2011,19.85
Lithuania,European Patent Office,Patent grants,2011,12.6
Lithuania,World Intellectual Property Organization,Patent applications,2011,18.85
Lithuania,European Patent Office,Patent applications,2012,35.8139
Lithuania,European Patent Office,Patent grants,2012,20.257099
Lithuania,World Intellectual Property Organization,Patent applications,2012,45.601589
Lithuania,European Patent Office,Patent applications,2013,23.049999
Lithuania,European Patent Office,Patent grants,2013,15.5
Lithuania,World Intellectual Property Organization,Patent applications,2013,44.174999
Lithuania,European Patent Office,Patent applications,2014,33.211899
Lithuania,European Patent Office,Patent grants,2014,18.35
Lithuania,World Intellectual Property Organization,Patent applications,2014,47.878571
Lithuania,European Patent Office,Patent applications,2015,26.742901
Lithuania,European Patent Office,Patent grants,2015,17.3333
Lithuania,World Intellectual Property Organization,Patent applications,2015,25.138096
Lithuania,European Patent Office,Patent applications,2016,30.0583
Lithuania,European Patent Office,Patent grants,2016,13.875
Lithuania,World Intellectual Property Organization,Patent applications,2016,35.625
Lithuania,European Patent Office,Patent applications,2017,29.700001
Lithuania,European Patent Office,Patent grants,2017,15.4167
Lithuania,World Intellectual Property Organization,Patent applications,2017,35.150002
Lithuania,European Patent Office,Patent applications,2018,36.277802
Lithuania,European Patent Office,Patent grants,2018,21.5833
Lithuania,World Intellectual Property Organization,Patent applications,2018,33.194443
Lithuania,European Patent Office,Patent applications,2019,46.1889
Lithuania,European Patent Office,Patent grants,2019,17.5
Lithuania,World Intellectual Property Organization,Patent applications,2019,40.655556
Lithuania,European Patent Office,Patent applications,2020,59.049999
Lithuania,European Patent Office,Patent grants,2020,25.383301
Lithuania,World Intellectual Property Organization,Patent applications,2020,38.208332
Lithuania,European Patent Office,Patent applications,2021,79.366699
Lithuania,European Patent Office,Patent grants,2021,25.15
Lithuania,World Intellectual Property Organization,Patent applications,2021,49.301189
Lithuania,European Patent Office,Patent applications,2022,72.141701
Lithuania,World Intellectual Property Organization,Patent applications,2022,31.383333
Lithuania,World Intellectual Property Organization,Patent applications,2023,38.955189
Lithuania,World Intellectual Property Organization,Patent applications,2024,39.966293
Luxembourg,European Patent Office,Patent applications,2009,78.125099
Luxembourg,European Patent Office,Patent grants,2009,44.100101
Luxembourg,World Intellectual Property Organization,Patent applications,2009,54.85844
Luxembourg,United States Patent and Trademark Office,Patent applications,2009,65.1437
Luxembourg,United States Patent and Trademark Office,Patent grants,2009,53.799702
Luxembourg,European Patent Office,Patent applications,2010,79.282097
Luxembourg,European Patent Office,Patent grants,2010,47.834499
Luxembourg,World Intellectual Property Organization,Patent applications,2010,56.544048
Luxembourg,United States Patent and Trademark Office,Patent applications,2010,67.998802
Luxembourg,United States Patent and Trademark Office,Patent grants,2010,45.432098
Luxembourg,European Patent Office,Patent applications,2011,75.0214
Luxembourg,European Patent Office,Patent grants,2011,49.1563
Luxembourg,World Intellectual Property Organization,Patent applications,2011,69.307938
Luxembourg,United States Patent and Trademark Office,Patent applications,2011,87.848
Luxembourg,United States Patent and Trademark Office,Patent grants,2011,53.258301
Luxembourg,European Patent Office,Patent applications,2012,68.633301
Luxembourg,European Patent Office,Patent grants,2012,43.740501
Luxembourg,World Intellectual Property Organization,Patent applications,2012,68.477379
Luxembourg,United States Patent and Trademark Office,Patent applications,2012,71.609497
Luxembourg,United States Patent and Trademark Office,Patent grants,2012,48.796398
Luxembourg,European Patent Office,Patent applications,2013,80.076202
Luxembourg,European Patent Office,Patent grants,2013,51.559502
Luxembourg,World Intellectual Property Organization,Patent applications,2013,63.75238
Luxembourg,United States Patent and Trademark Office,Patent applications,2013,69.561897
Luxembourg,United States Patent and Trademark Office,Patent grants,2013,46.325401
Luxembourg,European Patent Office,Patent applications,2014,78.226196
Luxembourg,European Patent Office,Patent grants,2014,51.7155
Luxembourg,World Intellectual Property Organization,Patent applications,2014,81.621033
Luxembourg,United States Patent and Trademark Office,Patent applications,2014,73.494003
Luxembourg,United States Patent and Trademark Office,Patent grants,2014,51.267899
Luxembourg,European Patent Office,Patent applications,2015,103.9994
Luxembourg,European Patent Office,Patent grants,2015,61.312199
Luxembourg,World Intellectual Property Organization,Patent applications,2015,77.283607
Luxembourg,United States Patent and Trademark Office,Patent applications,2015,85.281197
Luxembourg,United States Patent and Trademark Office,Patent grants,2015,55.931198
Luxembourg,European Patent Office,Patent applications,2016,107.2766
Luxembourg,European Patent Office,Patent grants,2016,63.104401
Luxembourg,World Intellectual Property Organization,Patent applications,2016,91.356735
Luxembourg,United States Patent and Trademark Office,Patent applications,2016,85.852798
Luxembourg,United States Patent and Trademark Office,Patent grants,2016,53.945599
Luxembourg,European Patent Office,Patent applications,2017,92.692497
Luxembourg,European Patent Office,Patent grants,2017,60.291302
Luxembourg,World Intellectual Property Organization,Patent applications,2017,81.123413
Luxembourg,United States Patent and Trademark Office,Patent applications,2017,97.382004
Luxembourg,United States Patent and Trademark Office,Patent grants,2017,74.053398
Luxembourg,European Patent Office,Patent applications,2018,94.382103
Luxembourg,European Patent Office,Patent grants,2018,55.258701
Luxembourg,World Intellectual Property Organization,Patent applications,2018,75.086113
Luxembourg,United States Patent and Trademark Office,Patent applications,2018,75.993301
Luxembourg,United States Patent and Trademark Office,Patent grants,2018,55.392899
Luxembourg,European Patent Office,Patent applications,2019,118.8937
Luxembourg,European Patent Office,Patent grants,2019,58.900799
Luxembourg,World Intellectual Property Organization,Patent applications,2019,81.431732
Luxembourg,United States Patent and Trademark Office,Patent applications,2019,99.713699
Luxembourg,United States Patent and Trademark Office,Patent grants,2019,58.009899
Luxembourg,European Patent Office,Patent applications,2020,145.1234
Luxembourg,European Patent Office,Patent grants,2020,54.940899
Luxembourg,World Intellectual Property Organization,Patent applications,2020,108.66984
Luxembourg,United States Patent and Trademark Office,Patent applications,2020,107.5421
Luxembourg,United States Patent and Trademark Office,Patent grants,2020,37.3302
Luxembourg,European Patent Office,Patent applications,2021,123.4786
Luxembourg,European Patent Office,Patent grants,2021,35.266701
Luxembourg,World Intellectual Property Organization,Patent applications,2021,93.495239
Luxembourg,United States Patent and Trademark Office,Patent applications,2021,96.147301
Luxembourg,United States Patent and Trademark Office,Patent grants,2021,26.252001
Luxembourg,European Patent Office,Patent applications,2022,95.106102
Luxembourg,World Intellectual Property Organization,Patent applications,2022,87.839684
Luxembourg,United States Patent and Trademark Office,Patent applications,2022,48.404499
Luxembourg,World Intellectual Property Organization,Patent applications,2023,90.225006
Luxembourg,World Intellectual Property Organization,Patent applications,2024,90.829659
Mexico,European Patent Office,Patent applications,2009,63.825001
Mexico,European Patent Office,Patent grants,2009,25.375
Mexico,World Intellectual Property Organization,Patent applications,2009,208.25119
Mexico,United States Patent and Trademark Office,Patent applications,2009,221.9189
Mexico,United States Patent and Trademark Office,Patent grants,2009,119.0316
Mexico,European Patent Office,Patent applications,2010,65.144096
Mexico,European Patent Office,Patent grants,2010,23.327499
Mexico,World Intellectual Property Organization,Patent applications,2010,236.8306
Mexico,United States Patent and Trademark Office,Patent applications,2010,258.08661
Mexico,United States Patent and Trademark Office,Patent grants,2010,150.2032
Mexico,European Patent Office,Patent applications,2011,79.286003
Mexico,European Patent Office,Patent grants,2011,39.4151
Mexico,World Intellectual Property Organization,Patent applications,2011,219.56691
Mexico,United States Patent and Trademark Office,Patent applications,2011,263.86429
Mexico,United States Patent and Trademark Office,Patent grants,2011,177.3813
Mexico,European Patent Office,Patent applications,2012,70.891197
Mexico,European Patent Office,Patent grants,2012,32.713902
Mexico,World Intellectual Property Organization,Patent applications,2012,239.29243
Mexico,United States Patent and Trademark Office,Patent applications,2012,319.95499
Mexico,United States Patent and Trademark Office,Patent grants,2012,207.67281
Mexico,European Patent Office,Patent applications,2013,81.857903
Mexico,European Patent Office,Patent grants,2013,43.077599
Mexico,World Intellectual Property Organization,Patent applications,2013,273.52902
Mexico,United States Patent and Trademark Office,Patent applications,2013,305.16229
Mexico,United States Patent and Trademark Office,Patent grants,2013,201.7794
Mexico,European Patent Office,Patent applications,2014,94.913101
Mexico,European Patent Office,Patent grants,2014,48.7714
Mexico,World Intellectual Property Organization,Patent applications,2014,311.92142
Mexico,United States Patent and Trademark Office,Patent applications,2014,376.9567
Mexico,United States Patent and Trademark Office,Patent grants,2014,262.38062
Mexico,European Patent Office,Patent applications,2015,88.6007
Mexico,European Patent Office,Patent grants,2015,49.043701
Mexico,World Intellectual Property Organization,Patent applications,2015,334.76883
Mexico,United States Patent and Trademark Office,Patent applications,2015,416.07211
Mexico,United States Patent and Trademark Office,Patent grants,2015,297.85229
Mexico,European Patent Office,Patent applications,2016,89.1063
Mexico,European Patent Office,Patent grants,2016,46.4492
Mexico,World Intellectual Property Organization,Patent applications,2016,316.80951
Mexico,United States Patent and Trademark Office,Patent applications,2016,456.48279
Mexico,United States Patent and Trademark Office,Patent grants,2016,335.7066
Mexico,European Patent Office,Patent applications,2017,82.286499
Mexico,European Patent Office,Patent grants,2017,37.377201
Mexico,World Intellectual Property Organization,Patent applications,2017,300.57892
Mexico,United States Patent and Trademark Office,Patent applications,2017,433.6926
Mexico,United States Patent and Trademark Office,Patent grants,2017,338.37161
Mexico,European Patent Office,Patent applications,2018,80.138901
Mexico,European Patent Office,Patent grants,2018,27.194401
Mexico,World Intellectual Property Organization,Patent applications,2018,251.40759
Mexico,United States Patent and Trademark Office,Patent applications,2018,403.55829
Mexico,United States Patent and Trademark Office,Patent grants,2018,309.2446
Mexico,European Patent Office,Patent applications,2019,79.304901
Mexico,European Patent Office,Patent grants,2019,25.6381
Mexico,World Intellectual Property Organization,Patent applications,2019,209.12073
Mexico,United States Patent and Trademark Office,Patent applications,2019,327.58521
Mexico,United States Patent and Trademark Office,Patent grants,2019,243.8578
Mexico,European Patent Office,Patent applications,2020,76.042397
Mexico,European Patent Office,Patent grants,2020,14.0298
Mexico,World Intellectual Property Organization,Patent applications,2020,197.8472
Mexico,United States Patent and Trademark Office,Patent applications,2020,325.14969
Mexico,United States Patent and Trademark Office,Patent grants,2020,201.593
Mexico,European Patent Office,Patent applications,2021,65.680199
Mexico,European Patent Office,Patent grants,2021,10.9957
Mexico,World Intellectual Property Organization,Patent applications,2021,234.92738
Mexico,United States Patent and Trademark Office,Patent applications,2021,298.08929
Mexico,United States Patent and Trademark Office,Patent grants,2021,168.16319
Mexico,European Patent Office,Patent applications,2022,69.227798
Mexico,World Intellectual Property Organization,Patent applications,2022,201.93056
Mexico,United States Patent and Trademark Office,Patent applications,2022,270.44809
Mexico,World Intellectual Property Organization,Patent applications,2023,205.44592
Mexico,World Intellectual Property Organization,Patent applications,2024,214.76131
Netherlands,European Patent Office,Patent applications,2009,3730.3445
Netherlands,World Intellectual Property Organization,Patent applications,2009,3248.2461
Netherlands,United States Patent and Trademark Office,Patent grants,2009,2100.0955
Netherlands,European Patent Office,Patent applications,2010,3217.5847
Netherlands,World Intellectual Property Organization,Patent applications,2010,2941.9277
Netherlands,United States Patent and Trademark Office,Patent grants,2010,2003.3859
Netherlands,European Patent Office,Patent applications,2011,3647.9565
Netherlands,World Intellectual Property Organization,Patent applications,2011,3524.3074
Netherlands,United States Patent and Trademark Office,Patent grants,2011,2183.884
Netherlands,European Patent Office,Patent applications,2012,3599.6294
Netherlands,World Intellectual Property Organization,Patent applications,2012,3503.9971
Netherlands,United States Patent and Trademark Office,Patent grants,2012,2315.4114
Netherlands,European Patent Office,Patent applications,2013,3604.6362
Netherlands,World Intellectual Property Organization,Patent applications,2013,3529.209
Netherlands,United States Patent and Trademark Office,Patent grants,2013,2394.1743
Netherlands,European Patent Office,Patent applications,2014,3788.2737
Netherlands,World Intellectual Property Organization,Patent applications,2014,3632.3718
Netherlands,United States Patent and Trademark Office,Patent grants,2014,2673.6125
Netherlands,European Patent Office,Patent applications,2015,3877.7422
Netherlands,World Intellectual Property Organization,Patent applications,2015,3711.0574
Netherlands,United States Patent and Trademark Office,Patent grants,2015,2692.5029
Netherlands,European Patent Office,Patent applications,2016,3745.2444
Netherlands,World Intellectual Property Organization,Patent applications,2016,3514.8887
Netherlands,United States Patent and Trademark Office,Patent grants,2016,2550.1006
Netherlands,European Patent Office,Patent applications,2017,4205.2212
Netherlands,World Intellectual Property Organization,Patent applications,2017,3292.2996
Netherlands,United States Patent and Trademark Office,Patent grants,2017,2331.8911
Netherlands,European Patent Office,Patent applications,2018,4223.6958
Netherlands,World Intellectual Property Organization,Patent applications,2018,3374.7285
Netherlands,United States Patent and Trademark Office,Patent grants,2018,2177.6035
Netherlands,European Patent Office,Patent applications,2019,4305.7026
Netherlands,World Intellectual Property Organization,Patent applications,2019,3412.8635
Netherlands,United States Patent and Trademark Office,Patent grants,2019,1874.5061
Netherlands,European Patent Office,Patent applications,2020,4368.1953
Netherlands,World Intellectual Property Organization,Patent applications,2020,3457.1973
Netherlands,United States Patent and Trademark Office,Patent grants,2020,1189.6241
Netherlands,European Patent Office,Patent applications,2021,4529.29
Netherlands,World Intellectual Property Organization,Patent applications,2021,3649.2034
Netherlands,United States Patent and Trademark Office,Patent grants,2021,681.18091
Netherlands,European Patent Office,Patent applications,2022,4289.7407
Netherlands,World Intellectual Property Organization,Patent applications,2022,3726.7419
Netherlands,World Intellectual Property Organization,Patent applications,2023,3747.686
Netherlands,World Intellectual Property Organization,Patent applications,2024,3721.6108
New Zealand,European Patent Office,Patent grants,2009,89.101601
New Zealand,World Intellectual Property Organization,Patent applications,2009,324.31549
New Zealand,United States Patent and Trademark Office,Patent applications,2009,428.32709
New Zealand,United States Patent and Trademark Office,Patent grants,2009,262.7605
New Zealand,European Patent Office,Patent grants,2010,95.557098
New Zealand,World Intellectual Property Organization,Patent applications,2010,338.82574
New Zealand,United States Patent and Trademark Office,Patent applications,2010,414.72079
New Zealand,United States Patent and Trademark Office,Patent grants,2010,249.84979
New Zealand,European Patent Office,Patent grants,2011,130.55949
New Zealand,World Intellectual Property Organization,Patent applications,2011,328.80972
New Zealand,United States Patent and Trademark Office,Patent applications,2011,394.1102
New Zealand,United States Patent and Trademark Office,Patent grants,2011,250.0484
New Zealand,European Patent Office,Patent grants,2012,161.08099
New Zealand,World Intellectual Property Organization,Patent applications,2012,337.38724
New Zealand,United States Patent and Trademark Office,Patent applications,2012,570.08899
New Zealand,United States Patent and Trademark Office,Patent grants,2012,371.9537
New Zealand,European Patent Office,Patent grants,2013,146.35069
New Zealand,World Intellectual Property Organization,Patent applications,2013,363.00494
New Zealand,United States Patent and Trademark Office,Patent applications,2013,525.68042
New Zealand,United States Patent and Trademark Office,Patent grants,2013,345.31369
New Zealand,European Patent Office,Patent grants,2014,163.3853
New Zealand,World Intellectual Property Organization,Patent applications,2014,366.90549
New Zealand,United States Patent and Trademark Office,Patent applications,2014,576.92572
New Zealand,United States Patent and Trademark Office,Patent grants,2014,381.72021
New Zealand,European Patent Office,Patent grants,2015,131.3214
New Zealand,World Intellectual Property Organization,Patent applications,2015,311.31589
New Zealand,United States Patent and Trademark Office,Patent applications,2015,448.3877
New Zealand,United States Patent and Trademark Office,Patent grants,2015,296.21249
New Zealand,European Patent Office,Patent grants,2016,107.2829
New Zealand,World Intellectual Property Organization,Patent applications,2016,279.82581
New Zealand,United States Patent and Trademark Office,Patent applications,2016,390.10391
New Zealand,United States Patent and Trademark Office,Patent grants,2016,257.444
New Zealand,European Patent Office,Patent grants,2017,69.276199
New Zealand,World Intellectual Property Organization,Patent applications,2017,273.70279
New Zealand,United States Patent and Trademark Office,Patent applications,2017,394.60281
New Zealand,United States Patent and Trademark Office,Patent grants,2017,254.1313
New Zealand,European Patent Office,Patent grants,2018,56.652401
New Zealand,World Intellectual Property Organization,Patent applications,2018,272.05667
New Zealand,United States Patent and Trademark Office,Patent applications,2018,350.7399
New Zealand,United States Patent and Trademark Office,Patent grants,2018,213.9485
New Zealand,European Patent Office,Patent grants,2019,47.6679
New Zealand,World Intellectual Property Organization,Patent applications,2019,282.64523
New Zealand,United States Patent and Trademark Office,Patent applications,2019,361.0004
New Zealand,United States Patent and Trademark Office,Patent grants,2019,183.1048
New Zealand,European Patent Office,Patent grants,2020,16.2167
New Zealand,World Intellectual Property Organization,Patent applications,2020,357.20407
New Zealand,United States Patent and Trademark Office,Patent applications,2020,424.72131
New Zealand,United States Patent and Trademark Office,Patent grants,2020,208.5372
New Zealand,European Patent Office,Patent grants,2021,8.125
New Zealand,World Intellectual Property Organization,Patent applications,2021,372.79694
New Zealand,United States Patent and Trademark Office,Patent applications,2021,361.33859
New Zealand,United States Patent and Trademark Office,Patent grants,2021,128.9857
New Zealand,World Intellectual Property Organization,Patent applications,2022,287.59677
New Zealand,United States Patent and Trademark Office,Patent applications,2022,130.5623
New Zealand,World Intellectual Property Organization,Patent applications,2023,319.22073
New Zealand,World Intellectual Property Organization,Patent applications,2024,327.44138
Norway,European Patent Office,Patent applications,2009,609.64893
Norway,European Patent Office,Patent grants,2009,327.78369
Norway,World Intellectual Property Organization,Patent applications,2009,749.38739
Norway,United States Patent and Trademark Office,Patent applications,2009,731.22748
Norway,European Patent Office,Patent applications,2010,548.96722
Norway,European Patent Office,Patent grants,2010,346.26639
Norway,World Intellectual Property Organization,Patent applications,2010,733.84216
Norway,United States Patent and Trademark Office,Patent applications,2010,729.77362
Norway,European Patent Office,Patent applications,2011,516.26898
Norway,European Patent Office,Patent grants,2011,322.2702
Norway,World Intellectual Property Organization,Patent applications,2011,696.87897
Norway,United States Patent and Trademark Office,Patent applications,2011,721.83368
Norway,European Patent Office,Patent applications,2012,566.38599
Norway,European Patent Office,Patent grants,2012,353.27051
Norway,World Intellectual Property Organization,Patent applications,2012,713.38116
Norway,United States Patent and Trademark Office,Patent applications,2012,772.17578
Norway,European Patent Office,Patent applications,2013,561.73523
Norway,European Patent Office,Patent grants,2013,362.86539
Norway,World Intellectual Property Organization,Patent applications,2013,745.74792
Norway,United States Patent and Trademark Office,Patent applications,2013,797.737
Norway,European Patent Office,Patent applications,2014,515.82532
Norway,European Patent Office,Patent grants,2014,320.9852
Norway,World Intellectual Property Organization,Patent applications,2014,696.0863
Norway,United States Patent and Trademark Office,Patent applications,2014,771.1004
Norway,European Patent Office,Patent applications,2015,474.98059
Norway,European Patent Office,Patent grants,2015,303.92899
Norway,World Intellectual Property Organization,Patent applications,2015,659.70807
Norway,United States Patent and Trademark Office,Patent applications,2015,733.96759
Norway,European Patent Office,Patent applications,2016,600.54022
Norway,European Patent Office,Patent grants,2016,381.25931
Norway,World Intellectual Property Organization,Patent applications,2016,804.43414
Norway,United States Patent and Trademark Office,Patent applications,2016,859.3457
Norway,European Patent Office,Patent applications,2017,589.81879
Norway,European Patent Office,Patent grants,2017,380.61511
Norway,World Intellectual Property Organization,Patent applications,2017,752.50781
Norway,United States Patent and Trademark Office,Patent applications,2017,838.24353
Norway,European Patent Office,Patent applications,2018,626.34381
Norway,European Patent Office,Patent grants,2018,324.0726
Norway,World Intellectual Property Organization,Patent applications,2018,773.06049
Norway,United States Patent and Trademark Office,Patent applications,2018,780.60889
Norway,European Patent Office,Patent applications,2019,542.48328
Norway,European Patent Office,Patent grants,2019,232.0619
Norway,World Intellectual Property Organization,Patent applications,2019,683.16693
Norway,United States Patent and Trademark Office,Patent applications,2019,679.62299
Norway,European Patent Office,Patent applications,2020,589.01019
Norway,European Patent Office,Patent grants,2020,158.1667
Norway,World Intellectual Property Organization,Patent applications,2020,715.41016
Norway,United States Patent and Trademark Office,Patent applications,2020,650.12659
Norway,European Patent Office,Patent applications,2021,635.06189
Norway,European Patent Office,Patent grants,2021,106.844
Norway,World Intellectual Property Organization,Patent applications,2021,779.57739
Norway,United States Patent and Trademark Office,Patent applications,2021,731.3866
Norway,European Patent Office,Patent applications,2022,513.62
Norway,World Intellectual Property Organization,Patent applications,2022,696.38287
Norway,United States Patent and Trademark Office,Patent applications,2022,364.09839
Norway,World Intellectual Property Organization,Patent applications,2023,700.09418
Norway,World Intellectual Property Organization,Patent applications,2024,727.68359
Poland,European Patent Office,Patent applications,2009,293.6626
Poland,European Patent Office,Patent grants,2009,146.4769
Poland,World Intellectual Property Organization,Patent applications,2009,256.26563
Poland,United States Patent and Trademark Office,Patent applications,2009,171.8911
Poland,European Patent Office,Patent applications,2010,370.41711
Poland,European Patent Office,Patent grants,2010,200.05791
Poland,World Intellectual Property Organization,Patent applications,2010,278.32782
Poland,United States Patent and Trademark Office,Patent applications,2010,237.89371
Poland,European Patent Office,Patent applications,2011,387.63571
Poland,European Patent Office,Patent grants,2011,215.03329
Poland,World Intellectual Property Organization,Patent applications,2011,294.23453
Poland,United States Patent and Trademark Office,Patent applications,2011,233.76711
Poland,European Patent Office,Patent applications,2012,488.9035
Poland,European Patent Office,Patent grants,2012,271.2244
Poland,World Intellectual Property Organization,Patent applications,2012,370.40372
Poland,United States Patent and Trademark Office,Patent applications,2012,336.39169
Poland,European Patent Office,Patent applications,2013,476.81769
Poland,European Patent Office,Patent grants,2013,256.60291
Poland,World Intellectual Property Organization,Patent applications,2013,378.75714
Poland,United States Patent and Trademark Office,Patent applications,2013,343.6929
Poland,European Patent Office,Patent applications,2014,567.28528
Poland,European Patent Office,Patent grants,2014,283.62741
Poland,World Intellectual Property Organization,Patent applications,2014,425.56631
Poland,United States Patent and Trademark Office,Patent applications,2014,381.1254
Poland,European Patent Office,Patent applications,2015,692.79907
Poland,European Patent Office,Patent grants,2015,364.50751
Poland,World Intellectual Property Organization,Patent applications,2015,543.21515
Poland,United States Patent and Trademark Office,Patent applications,2015,480.1311
Poland,European Patent Office,Patent applications,2016,547.36292
Poland,European Patent Office,Patent grants,2016,332.2771
Poland,World Intellectual Property Organization,Patent applications,2016,398.69675
Poland,United States Patent and Trademark Office,Patent applications,2016,453.10889
Poland,European Patent Office,Patent applications,2017,601.60168
Poland,European Patent Office,Patent grants,2017,360.58051
Poland,World Intellectual Property Organization,Patent applications,2017,373.66354
Poland,United States Patent and Trademark Office,Patent applications,2017,474.37579
Poland,European Patent Office,Patent applications,2018,684.15198
Poland,European Patent Office,Patent grants,2018,376.98511
Poland,World Intellectual Property Organization,Patent applications,2018,424.49649
Poland,United States Patent and Trademark Office,Patent applications,2018,578.66632
Poland,European Patent Office,Patent applications,2019,622.77069
Poland,European Patent Office,Patent grants,2019,288.38889
Poland,World Intellectual Property Organization,Patent applications,2019,418.6839
Poland,United States Patent and Trademark Office,Patent applications,2019,526.67273
Poland,European Patent Office,Patent applications,2020,701.37042
Poland,European Patent Office,Patent grants,2020,271.18771
Poland,World Intellectual Property Organization,Patent applications,2020,497.70413
Poland,United States Patent and Trademark Office,Patent applications,2020,585.30688
Poland,European Patent Office,Patent applications,2021,738.2915
Poland,European Patent Office,Patent grants,2021,207.9912
Poland,World Intellectual Property Organization,Patent applications,2021,444.8436
Poland,United States Patent and Trademark Office,Patent applications,2021,587.34723
Poland,European Patent Office,Patent applications,2022,756.09009
Poland,World Intellectual Property Organization,Patent applications,2022,428.83936
Poland,United States Patent and Trademark Office,Patent applications,2022,448.98181
Poland,World Intellectual Property Organization,Patent applications,2023,449.19339
Poland,World Intellectual Property Organization,Patent applications,2024,442.5163
Portugal,European Patent Office,Patent applications,2009,95.783302
Portugal,World Intellectual Property Organization,Patent applications,2009,139.88095
Portugal,United States Patent and Trademark Office,Patent applications,2009,94.738098
Portugal,United States Patent and Trademark Office,Patent grants,2009,48.254799
Portugal,European Patent Office,Patent applications,2010,100.9127
Portugal,World Intellectual Property Organization,Patent applications,2010,136.66988
Portugal,United States Patent and Trademark Office,Patent applications,2010,89.102798
Portugal,United States Patent and Trademark Office,Patent grants,2010,56.0714
Portugal,European Patent Office,Patent applications,2011,125.3127
Portugal,World Intellectual Property Organization,Patent applications,2011,149.04326
Portugal,United States Patent and Trademark Office,Patent applications,2011,125.806
Portugal,United States Patent and Trademark Office,Patent grants,2011,69.088898
Portugal,European Patent Office,Patent applications,2012,116.3354
Portugal,World Intellectual Property Organization,Patent applications,2012,145.03615
Portugal,United States Patent and Trademark Office,Patent applications,2012,118.5227
Portugal,United States Patent and Trademark Office,Patent grants,2012,71.946098
Portugal,European Patent Office,Patent applications,2013,152.4552
Portugal,World Intellectual Property Organization,Patent applications,2013,163.91469
Portugal,United States Patent and Trademark Office,Patent applications,2013,123.9988
Portugal,United States Patent and Trademark Office,Patent grants,2013,71.701202
Portugal,European Patent Office,Patent applications,2014,144.7675
Portugal,World Intellectual Property Organization,Patent applications,2014,157.54842
Portugal,United States Patent and Trademark Office,Patent applications,2014,139.57339
Portugal,United States Patent and Trademark Office,Patent grants,2014,91.694397
Portugal,European Patent Office,Patent applications,2015,224.0201
Portugal,World Intellectual Property Organization,Patent applications,2015,222.62941
Portugal,United States Patent and Trademark Office,Patent applications,2015,232.28329
Portugal,United States Patent and Trademark Office,Patent grants,2015,167.8905
Portugal,European Patent Office,Patent applications,2016,199.1286
Portugal,World Intellectual Property Organization,Patent applications,2016,214.16797
Portugal,United States Patent and Trademark Office,Patent applications,2016,217.36749
Portugal,United States Patent and Trademark Office,Patent grants,2016,161.1084
Portugal,European Patent Office,Patent applications,2017,219.68221
Portugal,World Intellectual Property Organization,Patent applications,2017,228.59642
Portugal,United States Patent and Trademark Office,Patent applications,2017,196.1805
Portugal,United States Patent and Trademark Office,Patent grants,2017,135.7417
Portugal,European Patent Office,Patent applications,2018,251.4881
Portugal,World Intellectual Property Organization,Patent applications,2018,243.31706
Portugal,United States Patent and Trademark Office,Patent applications,2018,182.8131
Portugal,United States Patent and Trademark Office,Patent grants,2018,110.0937
Portugal,European Patent Office,Patent applications,2019,294.99399
Portugal,World Intellectual Property Organization,Patent applications,2019,255.81087
Portugal,United States Patent and Trademark Office,Patent applications,2019,223.75771
Portugal,United States Patent and Trademark Office,Patent grants,2019,103.1038
Portugal,European Patent Office,Patent applications,2020,262.07269
Portugal,World Intellectual Property Organization,Patent applications,2020,240.67107
Portugal,United States Patent and Trademark Office,Patent applications,2020,190.2774
Portugal,United States Patent and Trademark Office,Patent grants,2020,81.437698
Portugal,European Patent Office,Patent applications,2021,295.0658
Portugal,World Intellectual Property Organization,Patent applications,2021,280.41364
Portugal,United States Patent and Trademark Office,Patent applications,2021,195.72031
Portugal,United States Patent and Trademark Office,Patent grants,2021,39.450802
Portugal,European Patent Office,Patent applications,2022,277.98129
Portugal,World Intellectual Property Organization,Patent applications,2022,255.1572
Portugal,United States Patent and Trademark Office,Patent applications,2022,118.521
Portugal,World Intellectual Property Organization,Patent applications,2023,260.05414
Portugal,World Intellectual Property Organization,Patent applications,2024,266.08258
Slovak Republic,European Patent Office,Patent applications,2009,31.356001
Slovak Republic,European Patent Office,Patent grants,2009,14.1714
Slovak Republic,World Intellectual Property Organization,Patent applications,2009,36.323811
Slovak Republic,United States Patent and Trademark Office,Patent applications,2009,28.2075
Slovak Republic,United States Patent and Trademark Office,Patent grants,2009,19.7036
Slovak Republic,European Patent Office,Patent applications,2010,45.9762
Slovak Republic,European Patent Office,Patent grants,2010,23.6429
Slovak Republic,World Intellectual Property Organization,Patent applications,2010,48.857574
Slovak Republic,United States Patent and Trademark Office,Patent applications,2010,28.618999
Slovak Republic,United States Patent and Trademark Office,Patent grants,2010,21.0595
Slovak Republic,European Patent Office,Patent applications,2011,56.992901
Slovak Republic,European Patent Office,Patent grants,2011,31.5
Slovak Republic,World Intellectual Property Organization,Patent applications,2011,55.202381
Slovak Republic,United States Patent and Trademark Office,Patent applications,2011,40.916698
Slovak Republic,United States Patent and Trademark Office,Patent grants,2011,27.4
Slovak Republic,European Patent Office,Patent applications,2012,44.358898
Slovak Republic,European Patent Office,Patent grants,2012,25.7451
Slovak Republic,World Intellectual Property Organization,Patent applications,2012,45.482712
Slovak Republic,United States Patent and Trademark Office,Patent applications,2012,36.173199
Slovak Republic,United States Patent and Trademark Office,Patent grants,2012,24.5494
Slovak Republic,European Patent Office,Patent applications,2013,51.549999
Slovak Republic,European Patent Office,Patent grants,2013,35.536499
Slovak Republic,World Intellectual Property Organization,Patent applications,2013,70.638458
Slovak Republic,United States Patent and Trademark Office,Patent applications,2013,59.266499
Slovak Republic,United States Patent and Trademark Office,Patent grants,2013,45.345901
Slovak Republic,European Patent Office,Patent applications,2014,53.773399
Slovak Republic,European Patent Office,Patent grants,2014,33.8806
Slovak Republic,World Intellectual Property Organization,Patent applications,2014,51.110752
Slovak Republic,United States Patent and Trademark Office,Patent applications,2014,47.7048
Slovak Republic,United States Patent and Trademark Office,Patent grants,2014,34.9786
Slovak Republic,European Patent Office,Patent applications,2015,60.969398
Slovak Republic,European Patent Office,Patent grants,2015,44.102798
Slovak Republic,World Intellectual Property Organization,Patent applications,2015,65.28611
Slovak Republic,United States Patent and Trademark Office,Patent applications,2015,57.980999
Slovak Republic,United States Patent and Trademark Office,Patent grants,2015,44.1726
Slovak Republic,European Patent Office,Patent applications,2016,66.520798
Slovak Republic,European Patent Office,Patent grants,2016,41.761902
Slovak Republic,World Intellectual Property Organization,Patent applications,2016,75.710121
Slovak Republic,United States Patent and Trademark Office,Patent applications,2016,63.339699
Slovak Republic,United States Patent and Trademark Office,Patent grants,2016,43.8391
Slovak Republic,European Patent Office,Patent applications,2017,81.941902
Slovak Republic,European Patent Office,Patent grants,2017,46.871399
Slovak Republic,World Intellectual Property Organization,Patent applications,2017,65.987175
Slovak Republic,United States Patent and Trademark Office,Patent applications,2017,66.918503
Slovak Republic,United States Patent and Trademark Office,Patent grants,2017,53.684299
Slovak Republic,European Patent Office,Patent applications,2018,64.212601
Slovak Republic,European Patent Office,Patent grants,2018,34.237099
Slovak Republic,World Intellectual Property Organization,Patent applications,2018,60.345886
Slovak Republic,United States Patent and Trademark Office,Patent applications,2018,61.0914
Slovak Republic,United States Patent and Trademark Office,Patent grants,2018,44.7453
Slovak Republic,European Patent Office,Patent applications,2019,73.469002
Slovak Republic,European Patent Office,Patent grants,2019,31.233299
Slovak Republic,World Intellectual Property Organization,Patent applications,2019,60.25238
Slovak Republic,United States Patent and Trademark Office,Patent applications,2019,54.2897
Slovak Republic,United States Patent and Trademark Office,Patent grants,2019,36.368999
Slovak Republic,European Patent Office,Patent applications,2020,82.362198
Slovak Republic,European Patent Office,Patent grants,2020,38.0933
Slovak Republic,World Intellectual Property Organization,Patent applications,2020,67.707451
Slovak Republic,United States Patent and Trademark Office,Patent applications,2020,69.558601
Slovak Republic,United States Patent and Trademark Office,Patent grants,2020,38.7631
Slovak Republic,European Patent Office,Patent applications,2021,81.8032
Slovak Republic,European Patent Office,Patent grants,2021,20.6607
Slovak Republic,World Intellectual Property Organization,Patent applications,2021,76.463997
Slovak Republic,United States Patent and Trademark Office,Patent applications,2021,81.440498
Slovak Republic,United States Patent and Trademark Office,Patent grants,2021,28.4694
Slovak Republic,European Patent Office,Patent applications,2022,65.716698
Slovak Republic,World Intellectual Property Organization,Patent applications,2022,66.150002
Slovak Republic,United States Patent and Trademark Office,Patent applications,2022,44.433498
Slovak Republic,World Intellectual Property Organization,Patent applications,2023,81.82666
Slovak Republic,World Intellectual Property Organization,Patent applications,2024,75.06076
Slovenia,European Patent Office,Patent applications,2009,143.6274
Slovenia,European Patent Office,Patent grants,2009,77.527397
Slovenia,World Intellectual Property Organization,Patent applications,2009,130.63214
Slovenia,United States Patent and Trademark Office,Patent applications,2009,61.368999
Slovenia,United States Patent and Trademark Office,Patent grants,2009,37.107101
Slovenia,European Patent Office,Patent applications,2010,124.2626
Slovenia,European Patent Office,Patent grants,2010,72.662598
Slovenia,World Intellectual Property Organization,Patent applications,2010,134.54237
Slovenia,United States Patent and Trademark Office,Patent applications,2010,56.700001
Slovenia,United States Patent and Trademark Office,Patent grants,2010,35.950001
Slovenia,European Patent Office,Patent applications,2011,127.8778
Slovenia,European Patent Office,Patent grants,2011,73.533302
Slovenia,World Intellectual Property Organization,Patent applications,2011,133.25555
Slovenia,United States Patent and Trademark Office,Patent applications,2011,66.344398
Slovenia,United States Patent and Trademark Office,Patent grants,2011,46.5
Slovenia,European Patent Office,Patent applications,2012,136.46671
Slovenia,European Patent Office,Patent grants,2012,90.650002
Slovenia,World Intellectual Property Organization,Patent applications,2012,125.76208
Slovenia,United States Patent and Trademark Office,Patent applications,2012,61.419201
Slovenia,United States Patent and Trademark Office,Patent grants,2012,48.333302
Slovenia,European Patent Office,Patent applications,2013,138.0508
Slovenia,European Patent Office,Patent grants,2013,95.151199
Slovenia,World Intellectual Property Organization,Patent applications,2013,156.1631
Slovenia,United States Patent and Trademark Office,Patent applications,2013,89.085297
Slovenia,United States Patent and Trademark Office,Patent grants,2013,56.652
Slovenia,European Patent Office,Patent applications,2014,136.2179
Slovenia,European Patent Office,Patent grants,2014,85.742897
Slovenia,World Intellectual Property Organization,Patent applications,2014,142.80357
Slovenia,United States Patent and Trademark Office,Patent applications,2014,78.466698
Slovenia,United States Patent and Trademark Office,Patent grants,2014,52.556
Slovenia,European Patent Office,Patent applications,2015,127.2944
Slovenia,European Patent Office,Patent grants,2015,85.844398
Slovenia,World Intellectual Property Organization,Patent applications,2015,83.220634
Slovenia,United States Patent and Trademark Office,Patent applications,2015,53.883301
Slovenia,United States Patent and Trademark Office,Patent grants,2015,43.133301
Slovenia,European Patent Office,Patent applications,2016,139.41789
Slovenia,European Patent Office,Patent grants,2016,94.898804
Slovenia,World Intellectual Property Organization,Patent applications,2016,93.097618
Slovenia,United States Patent and Trademark Office,Patent applications,2016,64.9571
Slovenia,United States Patent and Trademark Office,Patent grants,2016,54.057098
Slovenia,European Patent Office,Patent applications,2017,167.73531
Slovenia,European Patent Office,Patent grants,2017,117.8853
Slovenia,World Intellectual Property Organization,Patent applications,2017,137.20195
Slovenia,United States Patent and Trademark Office,Patent applications,2017,111.8083
Slovenia,United States Patent and Trademark Office,Patent grants,2017,87.139603
Slovenia,European Patent Office,Patent applications,2018,126.8602
Slovenia,European Patent Office,Patent grants,2018,69.976196
Slovenia,World Intellectual Property Organization,Patent applications,2018,89.837555
Slovenia,United States Patent and Trademark Office,Patent applications,2018,82.1614
Slovenia,United States Patent and Trademark Office,Patent grants,2018,61.619701
Slovenia,European Patent Office,Patent applications,2019,167.1274
Slovenia,European Patent Office,Patent grants,2019,96.7024
Slovenia,World Intellectual Property Organization,Patent applications,2019,97.519051
Slovenia,United States Patent and Trademark Office,Patent applications,2019,81.054001
Slovenia,United States Patent and Trademark Office,Patent grants,2019,46.7341
Slovenia,European Patent Office,Patent applications,2020,169.3409
Slovenia,European Patent Office,Patent grants,2020,69.933296
Slovenia,World Intellectual Property Organization,Patent applications,2020,111.87251
Slovenia,United States Patent and Trademark Office,Patent applications,2020,78.036797
Slovenia,United States Patent and Trademark Office,Patent grants,2020,41.2556
Slovenia,European Patent Office,Patent applications,2021,161.7115
Slovenia,European Patent Office,Patent grants,2021,44.233299
Slovenia,World Intellectual Property Organization,Patent applications,2021,111.10436
Slovenia,United States Patent and Trademark Office,Patent applications,2021,66.345596
Slovenia,United States Patent and Trademark Office,Patent grants,2021,22.070601
Slovenia,European Patent Office,Patent applications,2022,164.31441
Slovenia,World Intellectual Property Organization,Patent applications,2022,121.65199
Slovenia,United States Patent and Trademark Office,Patent applications,2022,86.296799
Slovenia,World Intellectual Property Organization,Patent applications,2023,115.57085
Slovenia,World Intellectual Property Organization,Patent applications,2024,116.56268
Spain,European Patent Office,Patent grants,2009,714.91858
Spain,World Intellectual Property Organization,Patent applications,2009,1777.025
Spain,United States Patent and Trademark Office,Patent applications,2009,1207.4004
Spain,United States Patent and Trademark Office,Patent grants,2009,666.74933
Spain,European Patent Office,Patent grants,2010,732.8479
Spain,World Intellectual Property Organization,Patent applications,2010,1905.4502
Spain,United States Patent and Trademark Office,Patent applications,2010,1233.8676
Spain,United States Patent and Trademark Office,Patent grants,2010,726.3407
Spain,European Patent Office,Patent grants,2011,799.6106
Spain,World Intellectual Property Organization,Patent applications,2011,1854.3905
Spain,United States Patent and Trademark Office,Patent applications,2011,1205.6035
Spain,United States Patent and Trademark Office,Patent grants,2011,735.33069
Spain,European Patent Office,Patent grants,2012,901.698
Spain,World Intellectual Property Organization,Patent applications,2012,1751.162
Spain,United States Patent and Trademark Office,Patent applications,2012,1253.2253
Spain,United States Patent and Trademark Office,Patent grants,2012,856.75232
Spain,European Patent Office,Patent grants,2013,957.89429
Spain,World Intellectual Property Organization,Patent applications,2013,1783.1128
Spain,United States Patent and Trademark Office,Patent applications,2013,1254.98
Spain,United States Patent and Trademark Office,Patent grants,2013,808.95819
Spain,European Patent Office,Patent grants,2014,1028.7809
Spain,World Intellectual Property Organization,Patent applications,2014,1846.1101
Spain,United States Patent and Trademark Office,Patent applications,2014,1347.7939
Spain,United States Patent and Trademark Office,Patent grants,2014,908.3252
Spain,European Patent Office,Patent grants,2015,1050.5161
Spain,World Intellectual Property Organization,Patent applications,2015,1796.2883
Spain,United States Patent and Trademark Office,Patent applications,2015,1387.3781
Spain,United States Patent and Trademark Office,Patent grants,2015,965.39209
Spain,European Patent Office,Patent grants,2016,1012.1884
Spain,World Intellectual Property Organization,Patent applications,2016,1761.028
Spain,United States Patent and Trademark Office,Patent applications,2016,1418.5104
Spain,United States Patent and Trademark Office,Patent grants,2016,988.18372
Spain,European Patent Office,Patent grants,2017,917.1004
Spain,World Intellectual Property Organization,Patent applications,2017,1702.1162
Spain,United States Patent and Trademark Office,Patent applications,2017,1391.3477
Spain,United States Patent and Trademark Office,Patent grants,2017,978.4032
Spain,European Patent Office,Patent grants,2018,974.24811
Spain,World Intellectual Property Organization,Patent applications,2018,1868.4913
Spain,United States Patent and Trademark Office,Patent applications,2018,1555.0568
Spain,United States Patent and Trademark Office,Patent grants,2018,976.63672
Spain,European Patent Office,Patent grants,2019,816.40009
Spain,World Intellectual Property Organization,Patent applications,2019,1849.6858
Spain,United States Patent and Trademark Office,Patent applications,2019,1554.8993
Spain,United States Patent and Trademark Office,Patent grants,2019,843.90869
Spain,European Patent Office,Patent grants,2020,604.61987
Spain,World Intellectual Property Organization,Patent applications,2020,1901.6683
Spain,United States Patent and Trademark Office,Patent applications,2020,1483.6149
Spain,United States Patent and Trademark Office,Patent grants,2020,598.78192
Spain,European Patent Office,Patent grants,2021,398.79309
Spain,World Intellectual Property Organization,Patent applications,2021,1838.8964
Spain,United States Patent and Trademark Office,Patent applications,2021,1370.8315
Spain,United States Patent and Trademark Office,Patent grants,2021,356.75061
Spain,World Intellectual Property Organization,Patent applications,2022,1715.8945
Spain,United States Patent and Trademark Office,Patent applications,2022,815.4469
Spain,World Intellectual Property Organization,Patent applications,2023,1757.1852
Spain,World Intellectual Property Organization,Patent applications,2024,1776.6672
Sweden,European Patent Office,Patent applications,2009,2769.0354
Sweden,World Intellectual Property Organization,Patent applications,2009,2851.582
Sweden,United States Patent and Trademark Office,Patent applications,2009,3033.1616
Sweden,United States Patent and Trademark Office,Patent grants,2009,2167.2793
Sweden,European Patent Office,Patent applications,2010,2977.0974
Sweden,World Intellectual Property Organization,Patent applications,2010,2847.8906
Sweden,United States Patent and Trademark Office,Patent applications,2010,3270.6909
Sweden,United States Patent and Trademark Office,Patent grants,2010,2426.644
Sweden,European Patent Office,Patent applications,2011,2988.0315
Sweden,World Intellectual Property Organization,Patent applications,2011,2843.5142
Sweden,United States Patent and Trademark Office,Patent applications,2011,3211.6597
Sweden,United States Patent and Trademark Office,Patent grants,2011,2396.8887
Sweden,European Patent Office,Patent applications,2012,3302.645
Sweden,World Intellectual Property Organization,Patent applications,2012,3139.0295
Sweden,United States Patent and Trademark Office,Patent applications,2012,3611.2158
Sweden,United States Patent and Trademark Office,Patent grants,2012,2755.0244
Sweden,European Patent Office,Patent applications,2013,2919.9856
Sweden,World Intellectual Property Organization,Patent applications,2013,3049.7544
Sweden,United States Patent and Trademark Office,Patent applications,2013,3443.5239
Sweden,United States Patent and Trademark Office,Patent grants,2013,2751.2542
Sweden,European Patent Office,Patent applications,2014,3202.4841
Sweden,World Intellectual Property Organization,Patent applications,2014,3158.0103
Sweden,United States Patent and Trademark Office,Patent applications,2014,3431.0049
Sweden,United States Patent and Trademark Office,Patent grants,2014,2736.3831
Sweden,European Patent Office,Patent applications,2015,3255.4895
Sweden,World Intellectual Property Organization,Patent applications,2015,3221.7522
Sweden,United States Patent and Trademark Office,Patent applications,2015,3453.0947
Sweden,United States Patent and Trademark Office,Patent grants,2015,2829.5481
Sweden,European Patent Office,Patent applications,2016,3589.0725
Sweden,World Intellectual Property Organization,Patent applications,2016,3392.8225
Sweden,United States Patent and Trademark Office,Patent applications,2016,3673.5933
Sweden,United States Patent and Trademark Office,Patent grants,2016,2989.4861
Sweden,European Patent Office,Patent applications,2017,3487.656
Sweden,World Intellectual Property Organization,Patent applications,2017,3390.5615
Sweden,United States Patent and Trademark Office,Patent applications,2017,3696.4028
Sweden,United States Patent and Trademark Office,Patent grants,2017,3026.9324
Sweden,European Patent Office,Patent applications,2018,3587.0889
Sweden,World Intellectual Property Organization,Patent applications,2018,3431.3555
Sweden,United States Patent and Trademark Office,Patent applications,2018,3791.6399
Sweden,United States Patent and Trademark Office,Patent grants,2018,2891.3333
Sweden,European Patent Office,Patent applications,2019,3666.7351
Sweden,World Intellectual Property Organization,Patent applications,2019,3431.0728
Sweden,United States Patent and Trademark Office,Patent applications,2019,3784.7556
Sweden,United States Patent and Trademark Office,Patent grants,2019,2468.3357
Sweden,European Patent Office,Patent applications,2020,3473.7898
Sweden,World Intellectual Property Organization,Patent applications,2020,3271.9814
Sweden,United States Patent and Trademark Office,Patent applications,2020,3520.926
Sweden,United States Patent and Trademark Office,Patent grants,2020,1563.5361
Sweden,European Patent Office,Patent applications,2021,3514.4568
Sweden,World Intellectual Property Organization,Patent applications,2021,3303.9766
Sweden,United States Patent and Trademark Office,Patent applications,2021,3467.5232
Sweden,United States Patent and Trademark Office,Patent grants,2021,884.91443
Sweden,European Patent Office,Patent applications,2022,3059.8923
Sweden,World Intellectual Property Organization,Patent applications,2022,3308.063
Sweden,United States Patent and Trademark Office,Patent applications,2022,1818.1729
Sweden,World Intellectual Property Organization,Patent applications,2023,3243.751
Sweden,World Intellectual Property Organization,Patent applications,2024,3297.1294
Switzerland,European Patent Office,Patent applications,2009,3327.9004
Switzerland,European Patent Office,Patent grants,2009,1963.7288
Switzerland,World Intellectual Property Organization,Patent applications,2009,2232.606
Switzerland,United States Patent and Trademark Office,Patent applications,2009,2995.0239
Switzerland,United States Patent and Trademark Office,Patent grants,2009,2127.5847
Switzerland,European Patent Office,Patent applications,2010,3522.4607
Switzerland,European Patent Office,Patent grants,2010,2117.4104
Switzerland,World Intellectual Property Organization,Patent applications,2010,2355.7083
Switzerland,United States Patent and Trademark Office,Patent applications,2010,3149.7734
Switzerland,United States Patent and Trademark Office,Patent grants,2010,2227.0442
Switzerland,European Patent Office,Patent applications,2011,3466.8557
Switzerland,European Patent Office,Patent grants,2011,2166.8079
Switzerland,World Intellectual Property Organization,Patent applications,2011,2509.9246
Switzerland,United States Patent and Trademark Office,Patent applications,2011,3090.2363
Switzerland,United States Patent and Trademark Office,Patent grants,2011,2239.6387
Switzerland,European Patent Office,Patent applications,2012,3460.0901
Switzerland,European Patent Office,Patent grants,2012,2246.4302
Switzerland,World Intellectual Property Organization,Patent applications,2012,2626.8086
Switzerland,United States Patent and Trademark Office,Patent applications,2012,3252.512
Switzerland,United States Patent and Trademark Office,Patent grants,2012,2461.2295
Switzerland,European Patent Office,Patent applications,2013,3496.1323
Switzerland,European Patent Office,Patent grants,2013,2242.4846
Switzerland,World Intellectual Property Organization,Patent applications,2013,2446.7339
Switzerland,United States Patent and Trademark Office,Patent applications,2013,3300.6638
Switzerland,United States Patent and Trademark Office,Patent grants,2013,2494.9744
Switzerland,European Patent Office,Patent applications,2014,3486.6008
Switzerland,European Patent Office,Patent grants,2014,2300.8489
Switzerland,World Intellectual Property Organization,Patent applications,2014,2435.3628
Switzerland,United States Patent and Trademark Office,Patent applications,2014,3378.2014
Switzerland,United States Patent and Trademark Office,Patent grants,2014,2650.6973
Switzerland,European Patent Office,Patent applications,2015,3692.5059
Switzerland,European Patent Office,Patent grants,2015,2388.6892
Switzerland,World Intellectual Property Organization,Patent applications,2015,2574.4668
Switzerland,United States Patent and Trademark Office,Patent applications,2015,3454.9004
Switzerland,United States Patent and Trademark Office,Patent grants,2015,2640.9004
Switzerland,European Patent Office,Patent applications,2016,3767.8542
Switzerland,European Patent Office,Patent grants,2016,2397.9429
Switzerland,World Intellectual Property Organization,Patent applications,2016,2633.4888
Switzerland,United States Patent and Trademark Office,Patent applications,2016,3637.0127
Switzerland,United States Patent and Trademark Office,Patent grants,2016,2831.1628
Switzerland,European Patent Office,Patent applications,2017,3821.9558
Switzerland,European Patent Office,Patent grants,2017,2187.4368
Switzerland,World Intellectual Property Organization,Patent applications,2017,2765.9712
Switzerland,United States Patent and Trademark Office,Patent applications,2017,3744.0376
Switzerland,United States Patent and Trademark Office,Patent grants,2017,2852.3613
Switzerland,European Patent Office,Patent applications,2018,4034.3469
Switzerland,European Patent Office,Patent grants,2018,2066.8933
Switzerland,World Intellectual Property Organization,Patent applications,2018,2901.7715
Switzerland,United States Patent and Trademark Office,Patent applications,2018,3714.7427
Switzerland,United States Patent and Trademark Office,Patent grants,2018,2600.5298
Switzerland,European Patent Office,Patent applications,2019,4031.1426
Switzerland,European Patent Office,Patent grants,2019,1786.3658
Switzerland,World Intellectual Property Organization,Patent applications,2019,2806.1965
Switzerland,United States Patent and Trademark Office,Patent applications,2019,3490.9221
Switzerland,United States Patent and Trademark Office,Patent grants,2019,2068.3799
Switzerland,European Patent Office,Patent applications,2020,4139.9443
Switzerland,European Patent Office,Patent grants,2020,1333.894
Switzerland,World Intellectual Property Organization,Patent applications,2020,3059.7874
Switzerland,United States Patent and Trademark Office,Patent applications,2020,3667.8347
Switzerland,United States Patent and Trademark Office,Patent grants,2020,1544.4199
Switzerland,European Patent Office,Patent applications,2021,4014.9558
Switzerland,European Patent Office,Patent grants,2021,880.95441
Switzerland,World Intellectual Property Organization,Patent applications,2021,3000.0176
Switzerland,United States Patent and Trademark Office,Patent applications,2021,3460.8782
Switzerland,United States Patent and Trademark Office,Patent grants,2021,914.7627
Switzerland,European Patent Office,Patent applications,2022,3580.3821
Switzerland,World Intellectual Property Organization,Patent applications,2022,3088.0198
Switzerland,United States Patent and Trademark Office,Patent applications,2022,1974.0319
Switzerland,World Intellectual Property Organization,Patent applications,2023,3063.1501
Switzerland,World Intellectual Property Organization,Patent applications,2024,3061.7461
Türkiye,European Patent Office,Patent applications,2009,346.42581
Türkiye,European Patent Office,Patent grants,2009,199.7597
Türkiye,World Intellectual Property Organization,Patent applications,2009,463.24768
Türkiye,United States Patent and Trademark Office,Patent applications,2009,145.701
Türkiye,European Patent Office,Patent applications,2010,491.7171
Türkiye,European Patent Office,Patent grants,2010,251.5838
Türkiye,World Intellectual Property Organization,Patent applications,2010,561.85876
Türkiye,United States Patent and Trademark Office,Patent applications,2010,170.69569
Türkiye,European Patent Office,Patent applications,2011,398.63959
Türkiye,European Patent Office,Patent grants,2011,228.2524
Türkiye,World Intellectual Property Organization,Patent applications,2011,497.66336
Türkiye,United States Patent and Trademark Office,Patent applications,2011,176.04401
Türkiye,European Patent Office,Patent applications,2012,455.7951
Türkiye,European Patent Office,Patent grants,2012,253.4705
Türkiye,World Intellectual Property Organization,Patent applications,2012,660.35498
Türkiye,United States Patent and Trademark Office,Patent applications,2012,230.1552
Türkiye,European Patent Office,Patent applications,2013,466.9949
Türkiye,European Patent Office,Patent grants,2013,266.11871
Türkiye,World Intellectual Property Organization,Patent applications,2013,757.4187
Türkiye,United States Patent and Trademark Office,Patent applications,2013,239.806
Türkiye,European Patent Office,Patent applications,2014,521.6131
Türkiye,European Patent Office,Patent grants,2014,267.55042
Türkiye,World Intellectual Property Organization,Patent applications,2014,934.50519
Türkiye,United States Patent and Trademark Office,Patent applications,2014,244.04649
Türkiye,European Patent Office,Patent applications,2015,556.05481
Türkiye,European Patent Office,Patent grants,2015,317.39459
Türkiye,World Intellectual Property Organization,Patent applications,2015,1080.5964
Türkiye,United States Patent and Trademark Office,Patent applications,2015,290.85391
Türkiye,European Patent Office,Patent applications,2016,548.36981
Türkiye,European Patent Office,Patent grants,2016,334.5947
Türkiye,World Intellectual Property Organization,Patent applications,2016,1181.0624
Türkiye,United States Patent and Trademark Office,Patent applications,2016,314.83969
Türkiye,European Patent Office,Patent applications,2017,956.63037
Türkiye,European Patent Office,Patent grants,2017,454.7095
Türkiye,World Intellectual Property Organization,Patent applications,2017,1303.9351
Türkiye,United States Patent and Trademark Office,Patent applications,2017,335.4603
Türkiye,European Patent Office,Patent applications,2018,715.79999
Türkiye,European Patent Office,Patent grants,2018,338.65948
Türkiye,World Intellectual Property Organization,Patent applications,2018,1529.2373
Türkiye,United States Patent and Trademark Office,Patent applications,2018,359.84439
Türkiye,European Patent Office,Patent applications,2019,651.78168
Türkiye,European Patent Office,Patent grants,2019,258.0466
Türkiye,World Intellectual Property Organization,Patent applications,2019,1476.0447
Türkiye,United States Patent and Trademark Office,Patent applications,2019,366.60349
Türkiye,European Patent Office,Patent applications,2020,673.7583
Türkiye,European Patent Office,Patent grants,2020,142.02499
Türkiye,World Intellectual Property Organization,Patent applications,2020,1698.8711
Türkiye,United States Patent and Trademark Office,Patent applications,2020,448.56879
Türkiye,European Patent Office,Patent applications,2021,565.20819
Türkiye,European Patent Office,Patent grants,2021,77.194397
Türkiye,World Intellectual Property Organization,Patent applications,2021,973.79651
Türkiye,United States Patent and Trademark Office,Patent applications,2021,355.67099
Türkiye,European Patent Office,Patent applications,2022,561.5119
Türkiye,World Intellectual Property Organization,Patent applications,2022,1773.2845
Türkiye,United States Patent and Trademark Office,Patent applications,2022,224.6492
Türkiye,World Intellectual Property Organization,Patent applications,2023,1669.0289
Türkiye,World Intellectual Property Organization,Patent applications,2024,1480.1621
United Kingdom,European Patent Office,Patent applications,2009,5819.6885
United Kingdom,European Patent Office,Patent grants,2009,3207.8748
United Kingdom,United States Patent and Trademark Office,Patent applications,2009,7461.9702
United Kingdom,United States Patent and Trademark Office,Patent grants,2009,4998.7842
United Kingdom,European Patent Office,Patent applications,2010,5769.7627
United Kingdom,European Patent Office,Patent grants,2010,3378.1753
United Kingdom,United States Patent and Trademark Office,Patent applications,2010,7800.4502
United Kingdom,United States Patent and Trademark Office,Patent grants,2010,5400.6543
United Kingdom,European Patent Office,Patent applications,2011,5880.2417
United Kingdom,European Patent Office,Patent grants,2011,3539.1221
United Kingdom,United States Patent and Trademark Office,Patent applications,2011,8196.042
United Kingdom,United States Patent and Trademark Office,Patent grants,2011,5733.73
United Kingdom,European Patent Office,Patent applications,2012,5912.5044
United Kingdom,European Patent Office,Patent grants,2012,3605.7705
United Kingdom,United States Patent and Trademark Office,Patent applications,2012,8463.2793
United Kingdom,United States Patent and Trademark Office,Patent grants,2012,5944.4692
United Kingdom,European Patent Office,Patent applications,2013,6495.7412
United Kingdom,European Patent Office,Patent grants,2013,4004.3103
United Kingdom,United States Patent and Trademark Office,Patent applications,2013,9114.834
United Kingdom,United States Patent and Trademark Office,Patent grants,2013,6581.1411
United Kingdom,European Patent Office,Patent applications,2014,6437.3628
United Kingdom,European Patent Office,Patent grants,2014,3984.3594
United Kingdom,United States Patent and Trademark Office,Patent applications,2014,9167.1758
United Kingdom,United States Patent and Trademark Office,Patent grants,2014,6715.395
United Kingdom,European Patent Office,Patent applications,2015,6493.7183
United Kingdom,European Patent Office,Patent grants,2015,4000.4495
United Kingdom,United States Patent and Trademark Office,Patent applications,2015,9032.6309
United Kingdom,United States Patent and Trademark Office,Patent grants,2015,6661.3062
United Kingdom,European Patent Office,Patent applications,2016,6205.7451
United Kingdom,European Patent Office,Patent grants,2016,3696.7451
United Kingdom,United States Patent and Trademark Office,Patent applications,2016,8952.4541
United Kingdom,United States Patent and Trademark Office,Patent grants,2016,6675.2964
United Kingdom,European Patent Office,Patent applications,2017,6541.8237
United Kingdom,European Patent Office,Patent grants,2017,3483.9382
United Kingdom,United States Patent and Trademark Office,Patent applications,2017,9250.5469
United Kingdom,United States Patent and Trademark Office,Patent grants,2017,6864.5879
United Kingdom,European Patent Office,Patent applications,2018,6425.7622
United Kingdom,European Patent Office,Patent grants,2018,2960.4092
United Kingdom,United States Patent and Trademark Office,Patent applications,2018,9067.6875
United Kingdom,United States Patent and Trademark Office,Patent grants,2018,6380.3047
United Kingdom,European Patent Office,Patent applications,2019,6902.6348
United Kingdom,European Patent Office,Patent grants,2019,2459.3577
United Kingdom,United States Patent and Trademark Office,Patent applications,2019,8643.4414
United Kingdom,United States Patent and Trademark Office,Patent grants,2019,5287.7524
United Kingdom,European Patent Office,Patent applications,2020,6203.791
United Kingdom,European Patent Office,Patent grants,2020,1467.1317
United Kingdom,United States Patent and Trademark Office,Patent applications,2020,8204.7402
United Kingdom,United States Patent and Trademark Office,Patent grants,2020,3620.1699
United Kingdom,European Patent Office,Patent applications,2021,6018.3862
United Kingdom,European Patent Office,Patent grants,2021,857.67761
United Kingdom,United States Patent and Trademark Office,Patent applications,2021,7553.1992
United Kingdom,United States Patent and Trademark Office,Patent grants,2021,2356.3806
United Kingdom,European Patent Office,Patent applications,2022,5401.8252
United Kingdom,United States Patent and Trademark Office,Patent applications,2022,4829.5254
United States,European Patent Office,Patent grants,2009,17322.861
United States,World Intellectual Property Organization,Patent applications,2009,42884.84
United States,United States Patent and Trademark Office,Patent applications,2009,139933.2
United States,United States Patent and Trademark Office,Patent grants,2009,106747.44
United States,European Patent Office,Patent grants,2010,18314.578
United States,World Intellectual Property Organization,Patent applications,2010,45224.961
United States,United States Patent and Trademark Office,Patent applications,2010,146722.83
United States,United States Patent and Trademark Office,Patent grants,2010,112462.86
United States,European Patent Office,Patent grants,2011,20745.516
United States,World Intellectual Property Organization,Patent applications,2011,49272.129
United States,United States Patent and Trademark Office,Patent applications,2011,156252.59
United States,United States Patent and Trademark Office,Patent grants,2011,120984.92
United States,European Patent Office,Patent grants,2012,22740.697
United States,World Intellectual Property Organization,Patent applications,2012,52532.797
United States,United States Patent and Trademark Office,Patent applications,2012,173104.33
United States,United States Patent and Trademark Office,Patent grants,2012,136760.36
United States,European Patent Office,Patent grants,2013,25882.447
United States,World Intellectual Property Organization,Patent applications,2013,58951.809
United States,United States Patent and Trademark Office,Patent applications,2013,189107.63
United States,United States Patent and Trademark Office,Patent grants,2013,149410.66
United States,European Patent Office,Patent grants,2014,23787.176
United States,World Intellectual Property Organization,Patent applications,2014,53812.969
United States,United States Patent and Trademark Office,Patent applications,2014,173445.16
United States,United States Patent and Trademark Office,Patent grants,2014,140358.09
United States,European Patent Office,Patent grants,2015,23576.191
United States,World Intellectual Property Organization,Patent applications,2015,53596.121
United States,United States Patent and Trademark Office,Patent applications,2015,169564.94
United States,United States Patent and Trademark Office,Patent grants,2015,141597.55
United States,European Patent Office,Patent grants,2016,22847.814
United States,World Intellectual Property Organization,Patent applications,2016,54114.078
United States,United States Patent and Trademark Office,Patent applications,2016,168834.25
United States,United States Patent and Trademark Office,Patent grants,2016,143102.41
United States,European Patent Office,Patent grants,2017,20175.141
United States,World Intellectual Property Organization,Patent applications,2017,54612.379
United States,United States Patent and Trademark Office,Patent applications,2017,169755.94
United States,United States Patent and Trademark Office,Patent grants,2017,144250.86
United States,European Patent Office,Patent grants,2018,16940.139
United States,World Intellectual Property Organization,Patent applications,2018,55023.73
United States,United States Patent and Trademark Office,Patent applications,2018,163791.08
United States,United States Patent and Trademark Office,Patent grants,2018,136771.39
United States,European Patent Office,Patent grants,2019,12918.748
United States,World Intellectual Property Organization,Patent applications,2019,55713.586
United States,United States Patent and Trademark Office,Patent applications,2019,157144.16
United States,United States Patent and Trademark Office,Patent grants,2019,126926.47
United States,European Patent Office,Patent grants,2020,7813.6846
United States,World Intellectual Property Organization,Patent applications,2020,58061.547
United States,United States Patent and Trademark Office,Patent applications,2020,148901.39
United States,United States Patent and Trademark Office,Patent grants,2020,107511.78
United States,European Patent Office,Patent grants,2021,3777.8694
United States,World Intellectual Property Organization,Patent applications,2021,56516.004
United States,United States Patent and Trademark Office,Patent applications,2021,135190.83
United States,United States Patent and Trademark Office,Patent grants,2021,81689.523
United States,World Intellectual Property Organization,Patent applications,2022,54136.238
United States,United States Patent and Trademark Office,Patent applications,2022,113178.39
United States,World Intellectual Property Organization,Patent applications,2023,54428.543
United States,World Intellectual Property Organization,Patent applications,2024,55218.016
European Union (27 countries from 01/02/2020),European Patent Office,Patent applications,2009,52779.535
European Union (27 countries from 01/02/2020),European Patent Office,Patent grants,2009,33069.219
European Union (27 countries from 01/02/2020),World Intellectual Property Organization,Patent applications,2009,42103.137
European Union (27 countries from 01/02/2020),United States Patent and Trademark Office,Patent applications,2009,43850.438
European Union (27 countries from 01/02/2020),European Patent Office,Patent applications,2010,52972.887
European Union (27 countries from 01/02/2020),European Patent Office,Patent grants,2010,34282.316
European Union (27 countries from 01/02/2020),World Intellectual Property Organization,Patent applications,2010,43640.746
European Union (27 countries from 01/02/2020),United States Patent and Trademark Office,Patent applications,2010,45827.609
European Union (27 countries from 01/02/2020),European Patent Office,Patent applications,2011,53866.91
European Union (27 countries from 01/02/2020),European Patent Office,Patent grants,2011,35728.852
European Union (27 countries from 01/02/2020),World Intellectual Property Organization,Patent applications,2011,45287.449
European Union (27 countries from 01/02/2020),United States Patent and Trademark Office,Patent applications,2011,46300.445
European Union (27 countries from 01/02/2020),European Patent Office,Patent applications,2012,53497.223
European Union (27 countries from 01/02/2020),European Patent Office,Patent grants,2012,36059.645
European Union (27 countries from 01/02/2020),World Intellectual Property Organization,Patent applications,2012,44799.852
European Union (27 countries from 01/02/2020),United States Patent and Trademark Office,Patent applications,2012,48181.0
European Union (27 countries from 01/02/2020),European Patent Office,Patent applications,2013,53466.297
European Union (27 countries from 01/02/2020),European Patent Office,Patent grants,2013,37158.871
European Union (27 countries from 01/02/2020),World Intellectual Property Organization,Patent applications,2013,45113.754
European Union (27 countries from 01/02/2020),United States Patent and Trademark Office,Patent applications,2013,49296.441
European Union (27 countries from 01/02/2020),European Patent Office,Patent applications,2014,55076.215
European Union (27 countries from 01/02/2020),European Patent Office,Patent grants,2014,38444.363
European Union (27 countries from 01/02/2020),World Intellectual Property Organization,Patent applications,2014,45751.223
European Union (27 countries from 01/02/2020),United States Patent and Trademark Office,Patent applications,2014,49796.367
European Union (27 countries from 01/02/2020),European Patent Office,Patent applications,2015,55220.41
European Union (27 countries from 01/02/2020),European Patent Office,Patent grants,2015,38500.254
European Union (27 countries from 01/02/2020),World Intellectual Property Organization,Patent applications,2015,46262.871
European Union (27 countries from 01/02/2020),United States Patent and Trademark Office,Patent applications,2015,50874.137
European Union (27 countries from 01/02/2020),European Patent Office,Patent applications,2016,55728.773
European Union (27 countries from 01/02/2020),European Patent Office,Patent grants,2016,37832.059
European Union (27 countries from 01/02/2020),World Intellectual Property Organization,Patent applications,2016,46578.441
European Union (27 countries from 01/02/2020),United States Patent and Trademark Office,Patent applications,2016,50853.594
European Union (27 countries from 01/02/2020),European Patent Office,Patent applications,2017,57740.281
European Union (27 countries from 01/02/2020),European Patent Office,Patent grants,2017,36467.098
European Union (27 countries from 01/02/2020),World Intellectual Property Organization,Patent applications,2017,47198.797
European Union (27 countries from 01/02/2020),United States Patent and Trademark Office,Patent applications,2017,51263.555
European Union (27 countries from 01/02/2020),European Patent Office,Patent applications,2018,57434.777
European Union (27 countries from 01/02/2020),European Patent Office,Patent grants,2018,32490.551
European Union (27 countries from 01/02/2020),World Intellectual Property Organization,Patent applications,2018,47385.965
European Union (27 countries from 01/02/2020),United States Patent and Trademark Office,Patent applications,2018,50722.895
European Union (27 countries from 01/02/2020),European Patent Office,Patent applications,2019,58836.344
European Union (27 countries from 01/02/2020),European Patent Office,Patent grants,2019,28957.23
European Union (27 countries from 01/02/2020),World Intellectual Property Organization,Patent applications,2019,46653.949
European Union (27 countries from 01/02/2020),United States Patent and Trademark Office,Patent applications,2019,50899.742
European Union (27 countries from 01/02/2020),European Patent Office,Patent applications,2020,57630.996
European Union (27 countries from 01/02/2020),European Patent Office,Patent grants,2020,21813.93
European Union (27 countries from 01/02/2020),World Intellectual Property Organization,Patent applications,2020,46233.895
European Union (27 countries from 01/02/2020),United States Patent and Trademark Office,Patent applications,2020,48309.445
European Union (27 countries from 01/02/2020),European Patent Office,Patent applications,2021,58405.219
European Union (27 countries from 01/02/2020),European Patent Office,Patent grants,2021,15142.196
European Union (27 countries from 01/02/2020),World Intellectual Property Organization,Patent applications,2021,46778.371
European Union (27 countries from 01/02/2020),United States Patent and Trademark Office,Patent applications,2021,47388.715
European Union (27 countries from 01/02/2020),European Patent Office,Patent applications,2022,51380.449
European Union (27 countries from 01/02/2020),World Intellectual Property Organization,Patent applications,2022,45565.551
European Union (27 countries from 01/02/2020),United States Patent and Trademark Office,Patent applications,2022,28529.418
European Union (27 countries from 01/02/2020),World Intellectual Property Organization,Patent applications,2023,45999.906
European Union (27 countries from 01/02/2020),World Intellectual Property Organization,Patent applications,2024,46277.723
OECD,European Patent Office,Patent applications,2009,125822.41
OECD,European Patent Office,Patent grants,2009,73556.609
OECD,United States Patent and Trademark Office,Patent applications,2009,284298.81
OECD,United States Patent and Trademark Office,Patent grants,2009,207917.66
OECD,European Patent Office,Patent applications,2010,129670.27
OECD,European Patent Office,Patent grants,2010,78323.891
OECD,United States Patent and Trademark Office,Patent applications,2010,302009.06
OECD,United States Patent and Trademark Office,Patent grants,2010,222420.34
OECD,European Patent Office,Patent applications,2011,133682.13
OECD,European Patent Office,Patent grants,2011,83645.164
OECD,United States Patent and Trademark Office,Patent applications,2011,313022.22
OECD,United States Patent and Trademark Office,Patent grants,2011,234598.02
OECD,European Patent Office,Patent applications,2012,136101.95
OECD,European Patent Office,Patent grants,2012,86874.539
OECD,United States Patent and Trademark Office,Patent applications,2012,335184.91
OECD,United States Patent and Trademark Office,Patent grants,2012,256220.38
OECD,European Patent Office,Patent applications,2013,140514.27
OECD,European Patent Office,Patent grants,2013,91546.258
OECD,United States Patent and Trademark Office,Patent applications,2013,354425.31
OECD,United States Patent and Trademark Office,Patent grants,2013,273432.63
OECD,European Patent Office,Patent applications,2014,138678.3
OECD,European Patent Office,Patent grants,2014,91323.18
OECD,United States Patent and Trademark Office,Patent applications,2014,340324.81
OECD,United States Patent and Trademark Office,Patent grants,2014,268242.0
OECD,European Patent Office,Patent applications,2015,140107.44
OECD,European Patent Office,Patent grants,2015,91161.828
OECD,United States Patent and Trademark Office,Patent applications,2015,337332.19
OECD,United States Patent and Trademark Office,Patent grants,2015,272460.94
OECD,European Patent Office,Patent applications,2016,141940.41
OECD,European Patent Office,Patent grants,2016,89223.258
OECD,United States Patent and Trademark Office,Patent applications,2016,336724.47
OECD,United States Patent and Trademark Office,Patent grants,2016,275550.5
OECD,European Patent Office,Patent applications,2017,144986.38
OECD,European Patent Office,Patent grants,2017,83076.781
OECD,United States Patent and Trademark Office,Patent applications,2017,339359.53
OECD,United States Patent and Trademark Office,Patent grants,2017,278043.91
OECD,European Patent Office,Patent applications,2018,145831.55
OECD,European Patent Office,Patent grants,2018,72409.016
OECD,United States Patent and Trademark Office,Patent applications,2018,333911.94
OECD,United States Patent and Trademark Office,Patent grants,2018,265707.19
OECD,European Patent Office,Patent applications,2019,149382.7
OECD,European Patent Office,Patent grants,2019,59851.449
OECD,United States Patent and Trademark Office,Patent applications,2019,326406.09
OECD,United States Patent and Trademark Office,Patent grants,2019,243066.09
OECD,European Patent Office,Patent applications,2020,147072.8
OECD,European Patent Office,Patent grants,2020,40593.43
OECD,United States Patent and Trademark Office,Patent applications,2020,310572.5
OECD,United States Patent and Trademark Office,Patent grants,2020,192755.56
OECD,European Patent Office,Patent applications,2021,146938.31
OECD,European Patent Office,Patent grants,2021,25164.631
OECD,United States Patent and Trademark Office,Patent applications,2021,294294.69
OECD,United States Patent and Trademark Office,Patent grants,2021,137785.95
OECD,European Patent Office,Patent applications,2022,127897.13
OECD,United States Patent and Trademark Office,Patent applications,2022,222239.97
Algeria,European Patent Office,Patent applications,2009,0.0
Algeria,European Patent Office,Patent grants,2009,0.0
Algeria,United States Patent and Trademark Office,Patent applications,2009,0.25
Algeria,United States Patent and Trademark Office,Patent grants,2009,0.25
Algeria,European Patent Office,Patent applications,2010,3.3333001
Algeria,European Patent Office,Patent grants,2010,2.6666999
Algeria,United States Patent and Trademark Office,Patent applications,2010,2.8666999
Algeria,United States Patent and Trademark Office,Patent grants,2010,2.2
Algeria,European Patent Office,Patent applications,2011,1.9524
Algeria,European Patent Office,Patent grants,2011,1.619
Algeria,United States Patent and Trademark Office,Patent applications,2011,1.619
Algeria,United States Patent and Trademark Office,Patent grants,2011,0.28569999
Algeria,European Patent Office,Patent applications,2012,5.5
Algeria,European Patent Office,Patent grants,2012,3.5
Algeria,United States Patent and Trademark Office,Patent applications,2012,2.2221999
Algeria,United States Patent and Trademark Office,Patent grants,2012,1.7222
Algeria,European Patent Office,Patent applications,2013,0.80610001
Algeria,European Patent Office,Patent grants,2013,0.80610001
Algeria,United States Patent and Trademark Office,Patent applications,2013,1.1667
Algeria,United States Patent and Trademark Office,Patent grants,2013,0.66670001
Algeria,European Patent Office,Patent applications,2014,0.89999998
Algeria,European Patent Office,Patent grants,2014,0.89999998
Algeria,United States Patent and Trademark Office,Patent applications,2014,1.8167
Algeria,United States Patent and Trademark Office,Patent grants,2014,1.25
Algeria,European Patent Office,Patent applications,2015,2.0
Algeria,European Patent Office,Patent grants,2015,0.0
Algeria,United States Patent and Trademark Office,Patent applications,2015,1.8667001
Algeria,United States Patent and Trademark Office,Patent grants,2015,1.5333
Algeria,European Patent Office,Patent applications,2016,1.1667
Algeria,European Patent Office,Patent grants,2016,1.1667
Algeria,United States Patent and Trademark Office,Patent applications,2016,0.52780002
Algeria,United States Patent and Trademark Office,Patent grants,2016,0.52780002
Algeria,European Patent Office,Patent applications,2017,1.4167
Algeria,European Patent Office,Patent grants,2017,1.1667
Algeria,United States Patent and Trademark Office,Patent applications,2017,1.0
Algeria,United States Patent and Trademark Office,Patent grants,2017,0.75
Algeria,European Patent Office,Patent applications,2018,1.0
Algeria,European Patent Office,Patent grants,2018,1.0
Algeria,United States Patent and Trademark Office,Patent applications,2018,0.40000001
Algeria,United States Patent and Trademark Office,Patent grants,2018,0.40000001
Algeria,European Patent Office,Patent applications,2019,2.7
Algeria,European Patent Office,Patent grants,2019,0.5
Algeria,United States Patent and Trademark Office,Patent applications,2019,5.6999998
Algeria,United States Patent and Trademark Office,Patent grants,2019,2.5
Algeria,European Patent Office,Patent applications,2020,2.0
Algeria,European Patent Office,Patent grants,2020,0.0
Algeria,United States Patent and Trademark Office,Patent applications,2020,2.0667
Algeria,United States Patent and Trademark Office,Patent grants,2020,0.86669999
Algeria,European Patent Office,Patent applications,2021,2.6333001
Algeria,European Patent Office,Patent grants,2021,0.0
Algeria,United States Patent and Trademark Office,Patent applications,2021,5.3667002
Algeria,United States Patent and Trademark Office,Patent grants,2021,2.5332999
Algeria,European Patent Office,Patent applications,2022,2.7857001
Algeria,United States Patent and Trademark Office,Patent applications,2022,2.5332999
Andorra,European Patent Office,Patent applications,2009,4.0
Andorra,World Intellectual Property Organization,Patent applications,2009,5.0
Andorra,United States Patent and Trademark Office,Patent applications,2009,3.75
Andorra,United States Patent and Trademark Office,Patent grants,2009,1.5
Andorra,European Patent Office,Patent applications,2010,3.5
Andorra,World Intellectual Property Organization,Patent applications,2010,2.5
Andorra,United States Patent and Trademark Office,Patent applications,2010,2.1666999
Andorra,United States Patent and Trademark Office,Patent grants,2010,1.1667
Andorra,European Patent Office,Patent applications,2011,1.8333
Andorra,World Intellectual Property Organization,Patent applications,2011,5.0833335
Andorra,United States Patent and Trademark Office,Patent applications,2011,3.1666999
Andorra,United States Patent and Trademark Office,Patent grants,2011,2.1666999
Andorra,European Patent Office,Patent applications,2012,2.6666999
Andorra,World Intellectual Property Organization,Patent applications,2012,2.8333333
Andorra,United States Patent and Trademark Office,Patent applications,2012,1.8333
Andorra,United States Patent and Trademark Office,Patent grants,2012,1.5
Andorra,European Patent Office,Patent applications,2013,2.0
Andorra,World Intellectual Property Organization,Patent applications,2013,1.0
Andorra,United States Patent and Trademark Office,Patent applications,2013,1.5833
Andorra,United States Patent and Trademark Office,Patent grants,2013,0.58329999
Andorra,European Patent Office,Patent applications,2014,2.3333001
Andorra,World Intellectual Property Organization,Patent applications,2014,3.0833333
Andorra,United States Patent and Trademark Office,Patent applications,2014,1.3333
Andorra,United States Patent and Trademark Office,Patent grants,2014,1.3333
Andorra,European Patent Office,Patent applications,2015,4.6666999
Andorra,World Intellectual Property Organization,Patent applications,2015,4.6666665
Andorra,United States Patent and Trademark Office,Patent applications,2015,3.5
Andorra,United States Patent and Trademark Office,Patent grants,2015,1.5
Andorra,European Patent Office,Patent applications,2016,4.25
Andorra,World Intellectual Property Organization,Patent applications,2016,7.25
Andorra,United States Patent and Trademark Office,Patent applications,2016,2.75
Andorra,United States Patent and Trademark Office,Patent grants,2016,1.0
Andorra,European Patent Office,Patent applications,2017,7.4499998
Andorra,World Intellectual Property Organization,Patent applications,2017,7.9499998
Andorra,United States Patent and Trademark Office,Patent applications,2017,2.5
Andorra,United States Patent and Trademark Office,Patent grants,2017,2.0
Andorra,European Patent Office,Patent applications,2018,1.45
Andorra,World Intellectual Property Organization,Patent applications,2018,3.8333333
Andorra,United States Patent and Trademark Office,Patent applications,2018,1.2
Andorra,United States Patent and Trademark Office,Patent grants,2018,1.2
Andorra,European Patent Office,Patent applications,2019,2.2083001
Andorra,World Intellectual Property Organization,Patent applications,2019,3.2083333
Andorra,United States Patent and Trademark Office,Patent applications,2019,1.3667001
Andorra,United States Patent and Trademark Office,Patent grants,2019,1.0333
Andorra,European Patent Office,Patent applications,2020,1.3333
Andorra,World Intellectual Property Organization,Patent applications,2020,1.5833334
Andorra,United States Patent and Trademark Office,Patent applications,2020,4.3622999
Andorra,United States Patent and Trademark Office,Patent grants,2020,0.75
Andorra,European Patent Office,Patent applications,2021,3.3611
Andorra,World Intellectual Property Organization,Patent applications,2021,1.7361112
Andorra,United States Patent and Trademark Office,Patent applications,2021,1.4028
Andorra,United States Patent and Trademark Office,Patent grants,2021,0.5
Andorra,European Patent Office,Patent applications,2022,2.5
Andorra,World Intellectual Property Organization,Patent applications,2022,3.5
Andorra,United States Patent and Trademark Office,Patent applications,2022,1.0
Andorra,World Intellectual Property Organization,Patent applications,2023,2.082485
Andorra,World Intellectual Property Organization,Patent applications,2024,2.4535277
Argentina,European Patent Office,Patent grants,2009,29.4706
Argentina,World Intellectual Property Organization,Patent applications,2009,46.062302
Argentina,United States Patent and Trademark Office,Patent applications,2009,110.0692
Argentina,United States Patent and Trademark Office,Patent grants,2009,66.632698
Argentina,European Patent Office,Patent grants,2010,15.7833
Argentina,World Intellectual Property Organization,Patent applications,2010,60.23016
Argentina,United States Patent and Trademark Office,Patent applications,2010,93.063103
Argentina,United States Patent and Trademark Office,Patent grants,2010,52.828999
Argentina,European Patent Office,Patent grants,2011,21.236099
Argentina,World Intellectual Property Organization,Patent applications,2011,54.039288
Argentina,United States Patent and Trademark Office,Patent applications,2011,110.4734
Argentina,United States Patent and Trademark Office,Patent grants,2011,70.609901
Argentina,European Patent Office,Patent grants,2012,29.342899
Argentina,World Intellectual Property Organization,Patent applications,2012,55.062302
Argentina,United States Patent and Trademark Office,Patent applications,2012,106.3056
Argentina,United States Patent and Trademark Office,Patent grants,2012,70.410599
Argentina,European Patent Office,Patent grants,2013,19.6905
Argentina,World Intellectual Property Organization,Patent applications,2013,45.825001
Argentina,United States Patent and Trademark Office,Patent applications,2013,105.7981
Argentina,United States Patent and Trademark Office,Patent grants,2013,77.723099
Argentina,European Patent Office,Patent grants,2014,27.223801
Argentina,World Intellectual Property Organization,Patent applications,2014,62.12619
Argentina,United States Patent and Trademark Office,Patent applications,2014,102.7381
Argentina,United States Patent and Trademark Office,Patent grants,2014,70.839699
Argentina,European Patent Office,Patent grants,2015,28.866699
Argentina,World Intellectual Property Organization,Patent applications,2015,78.558731
Argentina,United States Patent and Trademark Office,Patent applications,2015,132.1563
Argentina,United States Patent and Trademark Office,Patent grants,2015,98.569
Argentina,European Patent Office,Patent grants,2016,30.4722
Argentina,World Intellectual Property Organization,Patent applications,2016,71.119446
Argentina,United States Patent and Trademark Office,Patent applications,2016,128.6028
Argentina,United States Patent and Trademark Office,Patent grants,2016,97.898003
Argentina,European Patent Office,Patent grants,2017,18.1667
Argentina,World Intellectual Property Organization,Patent applications,2017,51.717857
Argentina,United States Patent and Trademark Office,Patent applications,2017,123.1711
Argentina,United States Patent and Trademark Office,Patent grants,2017,98.963501
Argentina,European Patent Office,Patent grants,2018,23.6262
Argentina,World Intellectual Property Organization,Patent applications,2018,60.992859
Argentina,United States Patent and Trademark Office,Patent applications,2018,144.5528
Argentina,United States Patent and Trademark Office,Patent grants,2018,113.6726
Argentina,European Patent Office,Patent grants,2019,11.75
Argentina,World Intellectual Property Organization,Patent applications,2019,56.208332
Argentina,United States Patent and Trademark Office,Patent applications,2019,164.0195
Argentina,United States Patent and Trademark Office,Patent grants,2019,116.2452
Argentina,European Patent Office,Patent grants,2020,9.5
Argentina,World Intellectual Property Organization,Patent applications,2020,70.144875
Argentina,United States Patent and Trademark Office,Patent applications,2020,140.77499
Argentina,United States Patent and Trademark Office,Patent grants,2020,85.081703
Argentina,European Patent Office,Patent grants,2021,4.8333001
Argentina,World Intellectual Property Organization,Patent applications,2021,50.678967
Argentina,United States Patent and Trademark Office,Patent applications,2021,135.3688
Argentina,United States Patent and Trademark Office,Patent grants,2021,74.0355
Argentina,World Intellectual Property Organization,Patent applications,2022,47.203571
Argentina,United States Patent and Trademark Office,Patent applications,2022,88.059502
Argentina,World Intellectual Property Organization,Patent applications,2023,52.982128
Argentina,World Intellectual Property Organization,Patent applications,2024,50.462826
Armenia,European Patent Office,Patent applications,2009,3.7
Armenia,European Patent Office,Patent grants,2009,1.2
Armenia,World Intellectual Property Organization,Patent applications,2009,6.1999998
Armenia,United States Patent and Trademark Office,Patent applications,2009,11.3667
Armenia,United States Patent and Trademark Office,Patent grants,2009,6.5332999
Armenia,European Patent Office,Patent applications,2010,1.4
Armenia,European Patent Office,Patent grants,2010,0.0
Armenia,World Intellectual Property Organization,Patent applications,2010,4.9000001
Armenia,United States Patent and Trademark Office,Patent applications,2010,11.1262
Armenia,United States Patent and Trademark Office,Patent grants,2010,9.2333002
Armenia,European Patent Office,Patent applications,2011,24.5952
Armenia,European Patent Office,Patent grants,2011,15.9762
Armenia,World Intellectual Property Organization,Patent applications,2011,16.833334
Armenia,United States Patent and Trademark Office,Patent applications,2011,29.052401
Armenia,United States Patent and Trademark Office,Patent grants,2011,20.7167
Armenia,European Patent Office,Patent applications,2012,3.8333001
Armenia,European Patent Office,Patent grants,2012,2.6666999
Armenia,World Intellectual Property Organization,Patent applications,2012,7.6666665
Armenia,United States Patent and Trademark Office,Patent applications,2012,17.6667
Armenia,United States Patent and Trademark Office,Patent grants,2012,13.0833
Armenia,European Patent Office,Patent applications,2013,5.9762001
Armenia,European Patent Office,Patent grants,2013,2.0
Armenia,World Intellectual Property Organization,Patent applications,2013,8.333333
Armenia,United States Patent and Trademark Office,Patent applications,2013,11.3429
Armenia,United States Patent and Trademark Office,Patent grants,2013,10.4929
Armenia,European Patent Office,Patent applications,2014,5.1429
Armenia,European Patent Office,Patent grants,2014,3.6429
Armenia,World Intellectual Property Organization,Patent applications,2014,7.2857141
Armenia,United States Patent and Trademark Office,Patent applications,2014,14.2024
Armenia,United States Patent and Trademark Office,Patent grants,2014,13.0024
Armenia,European Patent Office,Patent applications,2015,3.1500001
Armenia,European Patent Office,Patent grants,2015,0.69999999
Armenia,World Intellectual Property Organization,Patent applications,2015,7.9000001
Armenia,United States Patent and Trademark Office,Patent applications,2015,8.4833002
Armenia,United States Patent and Trademark Office,Patent grants,2015,5.9000001
Armenia,European Patent Office,Patent applications,2016,3.6389
Armenia,European Patent Office,Patent grants,2016,1.6944
Armenia,World Intellectual Property Organization,Patent applications,2016,10.138889
Armenia,United States Patent and Trademark Office,Patent applications,2016,30.6346
Armenia,United States Patent and Trademark Office,Patent grants,2016,28.885401
Armenia,European Patent Office,Patent applications,2017,5.8158998
Armenia,European Patent Office,Patent grants,2017,2.0
Armenia,World Intellectual Property Organization,Patent applications,2017,12.982575
Armenia,United States Patent and Trademark Office,Patent applications,2017,24.2171
Armenia,United States Patent and Trademark Office,Patent grants,2017,16.734501
Armenia,European Patent Office,Patent applications,2018,3.2316999
Armenia,European Patent Office,Patent grants,2018,0.0
Armenia,World Intellectual Property Organization,Patent applications,2018,5.2317462
Armenia,United States Patent and Trademark Office,Patent applications,2018,12.3508
Armenia,United States Patent and Trademark Office,Patent grants,2018,9.2483997
Armenia,European Patent Office,Patent applications,2019,6.1845002
Armenia,European Patent Office,Patent grants,2019,2.8333001
Armenia,World Intellectual Property Organization,Patent applications,2019,6.1845236
Armenia,United States Patent and Trademark Office,Patent applications,2019,18.109501
Armenia,United States Patent and Trademark Office,Patent grants,2019,18.509501
Armenia,European Patent Office,Patent applications,2020,4.9611001
Armenia,European Patent Office,Patent grants,2020,2.9056001
Armenia,World Intellectual Property Organization,Patent applications,2020,7.4126983
Armenia,United States Patent and Trademark Office,Patent applications,2020,15.8381
Armenia,United States Patent and Trademark Office,Patent grants,2020,7.4238
Armenia,European Patent Office,Patent applications,2021,9.9659004
Armenia,European Patent Office,Patent grants,2021,2.0
Armenia,World Intellectual Property Organization,Patent applications,2021,11.299242
Armenia,United States Patent and Trademark Office,Patent applications,2021,21.381399
Armenia,United States Patent and Trademark Office,Patent grants,2021,10.8833
Armenia,European Patent Office,Patent applications,2022,5.5667
Armenia,World Intellectual Property Organization,Patent applications,2022,11.292857
Armenia,United States Patent and Trademark Office,Patent applications,2022,29.408199
Armenia,World Intellectual Property Organization,Patent applications,2023,10.705778
Armenia,World Intellectual Property Organization,Patent applications,2024,11.138996
Belarus,European Patent Office,Patent applications,2009,9.5832996
Belarus,European Patent Office,Patent grants,2009,3.5
Belarus,World Intellectual Property Organization,Patent applications,2009,18.62619
Belarus,United States Patent and Trademark Office,Patent applications,2009,9.6880999
Belarus,United States Patent and Trademark Office,Patent grants,2009,7.9881001
Belarus,European Patent Office,Patent applications,2010,5.9166999
Belarus,European Patent Office,Patent grants,2010,4.0833001
Belarus,World Intellectual Property Organization,Patent applications,2010,16.616667
Belarus,United States Patent and Trademark Office,Patent applications,2010,8.3832998
Belarus,United States Patent and Trademark Office,Patent grants,2010,5.8832998
Belarus,European Patent Office,Patent applications,2011,3.9082999
Belarus,European Patent Office,Patent grants,2011,3.5083001
Belarus,World Intellectual Property Organization,Patent applications,2011,15.641666
Belarus,United States Patent and Trademark Office,Patent applications,2011,8.0417004
Belarus,United States Patent and Trademark Office,Patent grants,2011,5.6416998
Belarus,European Patent Office,Patent applications,2012,10.5625
Belarus,European Patent Office,Patent grants,2012,5.5
Belarus,World Intellectual Property Organization,Patent applications,2012,12.0
Belarus,United States Patent and Trademark Office,Patent applications,2012,11.5167
Belarus,United States Patent and Trademark Office,Patent grants,2012,10.0167
Belarus,European Patent Office,Patent applications,2013,9.2189999
Belarus,European Patent Office,Patent grants,2013,3.9762001
Belarus,World Intellectual Property Organization,Patent applications,2013,25.21508
Belarus,United States Patent and Trademark Office,Patent applications,2013,19.5595
Belarus,United States Patent and Trademark Office,Patent grants,2013,13.95
Belarus,European Patent Office,Patent applications,2014,5.0714002
Belarus,European Patent Office,Patent grants,2014,2.5
Belarus,World Intellectual Property Organization,Patent applications,2014,18.583334
Belarus,United States Patent and Trademark Office,Patent applications,2014,15.8548
Belarus,United States Patent and Trademark Office,Patent grants,2014,13.947
Belarus,European Patent Office,Patent applications,2015,6.2094998
Belarus,European Patent Office,Patent grants,2015,4.0667
Belarus,World Intellectual Property Organization,Patent applications,2015,14.25
Belarus,United States Patent and Trademark Office,Patent applications,2015,16.469
Belarus,United States Patent and Trademark Office,Patent grants,2015,12.1357
Belarus,European Patent Office,Patent applications,2016,12.8095
Belarus,European Patent Office,Patent grants,2016,7.9643002
Belarus,World Intellectual Property Organization,Patent applications,2016,29.705952
Belarus,United States Patent and Trademark Office,Patent applications,2016,20.814301
Belarus,United States Patent and Trademark Office,Patent grants,2016,18.663099
Belarus,European Patent Office,Patent applications,2017,12.251
Belarus,European Patent Office,Patent grants,2017,6.0
Belarus,World Intellectual Property Organization,Patent applications,2017,26.834314
Belarus,United States Patent and Trademark Office,Patent applications,2017,34.675499
Belarus,United States Patent and Trademark Office,Patent grants,2017,21.85
Belarus,European Patent Office,Patent applications,2018,7.2832999
Belarus,European Patent Office,Patent grants,2018,4.0833001
Belarus,World Intellectual Property Organization,Patent applications,2018,25.460257
Belarus,United States Patent and Trademark Office,Patent applications,2018,36.619099
Belarus,United States Patent and Trademark Office,Patent grants,2018,34.1553
Belarus,European Patent Office,Patent applications,2019,21.6667
Belarus,European Patent Office,Patent grants,2019,17.1429
Belarus,World Intellectual Property Organization,Patent applications,2019,22.5
Belarus,United States Patent and Trademark Office,Patent applications,2019,29.649099
Belarus,United States Patent and Trademark Office,Patent grants,2019,24.131701
Belarus,European Patent Office,Patent applications,2020,11.1409
Belarus,European Patent Office,Patent grants,2020,1.1
Belarus,World Intellectual Property Organization,Patent applications,2020,19.607576
Belarus,United States Patent and Trademark Office,Patent applications,2020,37.580399
Belarus,United States Patent and Trademark Office,Patent grants,2020,27.991699
Belarus,European Patent Office,Patent applications,2021,8.8999996
Belarus,European Patent Office,Patent grants,2021,2.3333001
Belarus,World Intellectual Property Organization,Patent applications,2021,18.826191
Belarus,United States Patent and Trademark Office,Patent applications,2021,30.704399
Belarus,United States Patent and Trademark Office,Patent grants,2021,18.778999
Belarus,European Patent Office,Patent applications,2022,4.9166999
Belarus,World Intellectual Property Organization,Patent applications,2022,14.599206
Belarus,United States Patent and Trademark Office,Patent applications,2022,26.5373
Belarus,World Intellectual Property Organization,Patent applications,2023,13.670669
Belarus,World Intellectual Property Organization,Patent applications,2024,15.739573
Bermuda,European Patent Office,Patent applications,2009,0.91670001
Bermuda,European Patent Office,Patent grants,2009,0.25
Bermuda,World Intellectual Property Organization,Patent applications,2009,2.25
Bermuda,United States Patent and Trademark Office,Patent grants,2009,1.25
Bermuda,European Patent Office,Patent applications,2010,0.0
Bermuda,European Patent Office,Patent grants,2010,0.0
Bermuda,World Intellectual Property Organization,Patent applications,2010,0.0
Bermuda,United States Patent and Trademark Office,Patent grants,2010,1.2
Bermuda,European Patent Office,Patent applications,2011,1.0
Bermuda,European Patent Office,Patent grants,2011,1.0
Bermuda,World Intellectual Property Organization,Patent applications,2011,1.0
Bermuda,United States Patent and Trademark Office,Patent grants,2011,3.5
Bermuda,European Patent Office,Patent applications,2012,1.5
Bermuda,European Patent Office,Patent grants,2012,0.0
Bermuda,World Intellectual Property Organization,Patent applications,2012,2.0
Bermuda,United States Patent and Trademark Office,Patent grants,2012,0.0
Bermuda,European Patent Office,Patent applications,2013,2.0
Bermuda,European Patent Office,Patent grants,2013,1.0
Bermuda,World Intellectual Property Organization,Patent applications,2013,1.0
Bermuda,United States Patent and Trademark Office,Patent grants,2013,5.2856998
Bermuda,European Patent Office,Patent applications,2014,2.3333001
Bermuda,European Patent Office,Patent grants,2014,1.0
Bermuda,World Intellectual Property Organization,Patent applications,2014,2.0
Bermuda,United States Patent and Trademark Office,Patent grants,2014,0.66670001
Bermuda,European Patent Office,Patent applications,2015,2.5
Bermuda,European Patent Office,Patent grants,2015,2.0
Bermuda,World Intellectual Property Organization,Patent applications,2015,1.5
Bermuda,United States Patent and Trademark Office,Patent grants,2015,1.1667
Bermuda,European Patent Office,Patent applications,2016,0.090899996
Bermuda,European Patent Office,Patent grants,2016,0.0
Bermuda,World Intellectual Property Organization,Patent applications,2016,1.0909091
Bermuda,United States Patent and Trademark Office,Patent grants,2016,0.0
Bermuda,European Patent Office,Patent applications,2017,1.0833
Bermuda,European Patent Office,Patent grants,2017,0.0
Bermuda,World Intellectual Property Organization,Patent applications,2017,1.5833334
Bermuda,United States Patent and Trademark Office,Patent grants,2017,2.8333001
Bermuda,European Patent Office,Patent applications,2018,1.0
Bermuda,European Patent Office,Patent grants,2018,1.0
Bermuda,World Intellectual Property Organization,Patent applications,2018,4.0
Bermuda,United States Patent and Trademark Office,Patent grants,2018,5.8333001
Bermuda,European Patent Office,Patent applications,2019,0.0
Bermuda,European Patent Office,Patent grants,2019,0.0
Bermuda,World Intellectual Property Organization,Patent applications,2019,0.0
Bermuda,United States Patent and Trademark Office,Patent grants,2019,5.8333001
Bermuda,European Patent Office,Patent applications,2020,2.0
Bermuda,European Patent Office,Patent grants,2020,1.0
Bermuda,World Intellectual Property Organization,Patent applications,2020,1.5
Bermuda,United States Patent and Trademark Office,Patent grants,2020,2.0
Bermuda,European Patent Office,Patent applications,2021,6.8000002
Bermuda,European Patent Office,Patent grants,2021,1.0
Bermuda,World Intellectual Property Organization,Patent applications,2021,5.1333332
Bermuda,United States Patent and Trademark Office,Patent grants,2021,5.8333001
Bermuda,European Patent Office,Patent applications,2022,0.80000001
Bermuda,World Intellectual Property Organization,Patent applications,2022,6.0500002
Bermuda,World Intellectual Property Organization,Patent applications,2023,5.0691266
Bermuda,World Intellectual Property Organization,Patent applications,2024,5.4395919
Bosnia and Herzegovina,European Patent Office,Patent applications,2009,0.0
Bosnia and Herzegovina,European Patent Office,Patent grants,2009,0.0
Bosnia and Herzegovina,World Intellectual Property Organization,Patent applications,2009,8.5
Bosnia and Herzegovina,United States Patent and Trademark Office,Patent applications,2009,1.5
Bosnia and Herzegovina,European Patent Office,Patent applications,2010,2.5
Bosnia and Herzegovina,European Patent Office,Patent grants,2010,1.5
Bosnia and Herzegovina,World Intellectual Property Organization,Patent applications,2010,5.25
Bosnia and Herzegovina,United States Patent and Trademark Office,Patent applications,2010,2.5
Bosnia and Herzegovina,European Patent Office,Patent applications,2011,1.75
Bosnia and Herzegovina,European Patent Office,Patent grants,2011,1.0
Bosnia and Herzegovina,World Intellectual Property Organization,Patent applications,2011,11.25
Bosnia and Herzegovina,United States Patent and Trademark Office,Patent applications,2011,3.4166999
Bosnia and Herzegovina,European Patent Office,Patent applications,2012,1.5
Bosnia and Herzegovina,European Patent Office,Patent grants,2012,1.0
Bosnia and Herzegovina,World Intellectual Property Organization,Patent applications,2012,8.0
Bosnia and Herzegovina,United States Patent and Trademark Office,Patent applications,2012,1.5
Bosnia and Herzegovina,European Patent Office,Patent applications,2013,2.6500001
Bosnia and Herzegovina,European Patent Office,Patent grants,2013,2.25
Bosnia and Herzegovina,World Intellectual Property Organization,Patent applications,2013,7.0500002
Bosnia and Herzegovina,United States Patent and Trademark Office,Patent applications,2013,2.7333
Bosnia and Herzegovina,European Patent Office,Patent applications,2014,3.1666999
Bosnia and Herzegovina,European Patent Office,Patent grants,2014,1.0
Bosnia and Herzegovina,World Intellectual Property Organization,Patent applications,2014,5.9166665
Bosnia and Herzegovina,United States Patent and Trademark Office,Patent applications,2014,3.75
Bosnia and Herzegovina,European Patent Office,Patent applications,2015,0.0
Bosnia and Herzegovina,European Patent Office,Patent grants,2015,0.0
Bosnia and Herzegovina,World Intellectual Property Organization,Patent applications,2015,2.0
Bosnia and Herzegovina,United States Patent and Trademark Office,Patent applications,2015,0.0
Bosnia and Herzegovina,European Patent Office,Patent applications,2016,3.5332999
Bosnia and Herzegovina,European Patent Office,Patent grants,2016,2.0
Bosnia and Herzegovina,World Intellectual Property Organization,Patent applications,2016,5.5333333
Bosnia and Herzegovina,United States Patent and Trademark Office,Patent applications,2016,5.119
Bosnia and Herzegovina,European Patent Office,Patent applications,2017,1.125
Bosnia and Herzegovina,European Patent Office,Patent grants,2017,0.125
Bosnia and Herzegovina,World Intellectual Property Organization,Patent applications,2017,3.125
Bosnia and Herzegovina,United States Patent and Trademark Office,Patent applications,2017,1.6917
Bosnia and Herzegovina,European Patent Office,Patent applications,2018,2.2
Bosnia and Herzegovina,European Patent Office,Patent grants,2018,1.2
Bosnia and Herzegovina,World Intellectual Property Organization,Patent applications,2018,2.45
Bosnia and Herzegovina,United States Patent and Trademark Office,Patent applications,2018,1.4
Bosnia and Herzegovina,European Patent Office,Patent applications,2019,2.1111
Bosnia and Herzegovina,European Patent Office,Patent grants,2019,0.0
Bosnia and Herzegovina,World Intellectual Property Organization,Patent applications,2019,5.7777777
Bosnia and Herzegovina,United States Patent and Trademark Office,Patent applications,2019,3.0
Bosnia and Herzegovina,European Patent Office,Patent applications,2020,5.1666999
Bosnia and Herzegovina,European Patent Office,Patent grants,2020,0.83329999
Bosnia and Herzegovina,World Intellectual Property Organization,Patent applications,2020,11.023809
Bosnia and Herzegovina,United States Patent and Trademark Office,Patent applications,2020,5.1666999
Bosnia and Herzegovina,European Patent Office,Patent applications,2021,1.7
Bosnia and Herzegovina,European Patent Office,Patent grants,2021,0.0
Bosnia and Herzegovina,World Intellectual Property Organization,Patent applications,2021,7.0
Bosnia and Herzegovina,United States Patent and Trademark Office,Patent applications,2021,3.75
Bosnia and Herzegovina,European Patent Office,Patent applications,2022,1.8
Bosnia and Herzegovina,World Intellectual Property Organization,Patent applications,2022,3.1833334
Bosnia and Herzegovina,United States Patent and Trademark Office,Patent applications,2022,1.5944
Bosnia and Herzegovina,World Intellectual Property Organization,Patent applications,2023,4.7220974
Bosnia and Herzegovina,World Intellectual Property Organization,Patent applications,2024,4.9740372
Brazil,European Patent Office,Patent grants,2009,114.2014
Brazil,World Intellectual Property Organization,Patent applications,2009,547.64624
Brazil,United States Patent and Trademark Office,Patent grants,2009,229.0766
Brazil,European Patent Office,Patent grants,2010,120.8762
Brazil,World Intellectual Property Organization,Patent applications,2010,599.66699
Brazil,United States Patent and Trademark Office,Patent grants,2010,245.77921
Brazil,European Patent Office,Patent grants,2011,137.8575
Brazil,World Intellectual Property Organization,Patent applications,2011,671.59235
Brazil,United States Patent and Trademark Office,Patent grants,2011,289.16479
Brazil,European Patent Office,Patent grants,2012,137.0294
Brazil,World Intellectual Property Organization,Patent applications,2012,733.37579
Brazil,United States Patent and Trademark Office,Patent grants,2012,312.16269
Brazil,European Patent Office,Patent grants,2013,134.6237
Brazil,World Intellectual Property Organization,Patent applications,2013,700.52686
Brazil,United States Patent and Trademark Office,Patent grants,2013,338.83841
Brazil,European Patent Office,Patent grants,2014,151.47701
Brazil,World Intellectual Property Organization,Patent applications,2014,673.20874
Brazil,United States Patent and Trademark Office,Patent grants,2014,352.2067
Brazil,European Patent Office,Patent grants,2015,146.69839
Brazil,World Intellectual Property Organization,Patent applications,2015,653.24908
Brazil,United States Patent and Trademark Office,Patent grants,2015,406.4202
Brazil,European Patent Office,Patent grants,2016,131.5351
Brazil,World Intellectual Property Organization,Patent applications,2016,738.58801
Brazil,United States Patent and Trademark Office,Patent grants,2016,454.01639
Brazil,European Patent Office,Patent grants,2017,131.26981
Brazil,World Intellectual Property Organization,Patent applications,2017,752.28381
Brazil,United States Patent and Trademark Office,Patent grants,2017,488.436
Brazil,European Patent Office,Patent grants,2018,113.099
Brazil,World Intellectual Property Organization,Patent applications,2018,781.73035
Brazil,United States Patent and Trademark Office,Patent grants,2018,501.97601
Brazil,European Patent Office,Patent grants,2019,102.7826
Brazil,World Intellectual Property Organization,Patent applications,2019,771.73022
Brazil,United States Patent and Trademark Office,Patent grants,2019,454.3941
Brazil,European Patent Office,Patent grants,2020,52.983299
Brazil,World Intellectual Property Organization,Patent applications,2020,778.75519
Brazil,United States Patent and Trademark Office,Patent grants,2020,318.2424
Brazil,European Patent Office,Patent grants,2021,20.2579
Brazil,World Intellectual Property Organization,Patent applications,2021,705.50311
Brazil,United States Patent and Trademark Office,Patent grants,2021,257.50391
Brazil,World Intellectual Property Organization,Patent applications,2022,623.10632
Brazil,World Intellectual Property Organization,Patent applications,2023,689.5423
Brazil,World Intellectual Property Organization,Patent applications,2024,674.91443
Bulgaria,European Patent Office,Patent applications,2009,15.8333
Bulgaria,World Intellectual Property Organization,Patent applications,2009,26.9
Bulgaria,United States Patent and Trademark Office,Patent applications,2009,27.9242
Bulgaria,United States Patent and Trademark Office,Patent grants,2009,23.1667
Bulgaria,European Patent Office,Patent applications,2010,16.969
Bulgaria,World Intellectual Property Organization,Patent applications,2010,29.535715
Bulgaria,United States Patent and Trademark Office,Patent applications,2010,29.7964
Bulgaria,United States Patent and Trademark Office,Patent grants,2010,20.8929
Bulgaria,European Patent Office,Patent applications,2011,25.3333
Bulgaria,World Intellectual Property Organization,Patent applications,2011,45.508335
Bulgaria,United States Patent and Trademark Office,Patent applications,2011,39.116699
Bulgaria,United States Patent and Trademark Office,Patent grants,2011,22.950001
Bulgaria,European Patent Office,Patent applications,2012,33.825001
Bulgaria,World Intellectual Property Organization,Patent applications,2012,57.244049
Bulgaria,United States Patent and Trademark Office,Patent applications,2012,71.033302
Bulgaria,United States Patent and Trademark Office,Patent grants,2012,46.366699
Bulgaria,European Patent Office,Patent applications,2013,34.283298
Bulgaria,World Intellectual Property Organization,Patent applications,2013,46.099998
Bulgaria,United States Patent and Trademark Office,Patent applications,2013,70.816704
Bulgaria,United States Patent and Trademark Office,Patent grants,2013,61.616699
Bulgaria,European Patent Office,Patent applications,2014,37.5345
Bulgaria,World Intellectual Property Organization,Patent applications,2014,63.096428
Bulgaria,United States Patent and Trademark Office,Patent applications,2014,59.6964
Bulgaria,United States Patent and Trademark Office,Patent grants,2014,42.0881
Bulgaria,European Patent Office,Patent applications,2015,35.833302
Bulgaria,World Intellectual Property Organization,Patent applications,2015,56.299999
Bulgaria,United States Patent and Trademark Office,Patent applications,2015,67.116699
Bulgaria,United States Patent and Trademark Office,Patent grants,2015,42.216702
Bulgaria,European Patent Office,Patent applications,2016,34.166698
Bulgaria,World Intellectual Property Organization,Patent applications,2016,48.465153
Bulgaria,United States Patent and Trademark Office,Patent applications,2016,69.256798
Bulgaria,United States Patent and Trademark Office,Patent grants,2016,60.5485
Bulgaria,European Patent Office,Patent applications,2017,33.474201
Bulgaria,World Intellectual Property Organization,Patent applications,2017,53.524242
Bulgaria,United States Patent and Trademark Office,Patent applications,2017,59.357601
Bulgaria,United States Patent and Trademark Office,Patent grants,2017,46.1576
Bulgaria,European Patent Office,Patent applications,2018,45.9944
Bulgaria,World Intellectual Property Organization,Patent applications,2018,53.754761
Bulgaria,United States Patent and Trademark Office,Patent applications,2018,103.4608
Bulgaria,United States Patent and Trademark Office,Patent grants,2018,89.907997
Bulgaria,European Patent Office,Patent applications,2019,55.942902
Bulgaria,World Intellectual Property Organization,Patent applications,2019,59.74762
Bulgaria,United States Patent and Trademark Office,Patent applications,2019,89.380203
Bulgaria,United States Patent and Trademark Office,Patent grants,2019,75.661102
Bulgaria,European Patent Office,Patent applications,2020,53.528599
Bulgaria,World Intellectual Property Organization,Patent applications,2020,56.861904
Bulgaria,United States Patent and Trademark Office,Patent applications,2020,90.061096
Bulgaria,United States Patent and Trademark Office,Patent grants,2020,65.150002
Bulgaria,European Patent Office,Patent applications,2021,44.997601
Bulgaria,World Intellectual Property Organization,Patent applications,2021,40.573811
Bulgaria,United States Patent and Trademark Office,Patent applications,2021,97.836197
Bulgaria,United States Patent and Trademark Office,Patent grants,2021,60.127399
Bulgaria,European Patent Office,Patent applications,2022,36.380501
Bulgaria,World Intellectual Property Organization,Patent applications,2022,52.415112
Bulgaria,United States Patent and Trademark Office,Patent applications,2022,82.039001
Bulgaria,World Intellectual Property Organization,Patent applications,2023,47.311256
Bulgaria,World Intellectual Property Organization,Patent applications,2024,46.974533
Cayman Islands,European Patent Office,Patent applications,2009,2.1666999
Cayman Islands,European Patent Office,Patent grants,2009,0.0
Cayman Islands,United States Patent and Trademark Office,Patent applications,2009,15.4167
Cayman Islands,United States Patent and Trademark Office,Patent grants,2009,10.9167
Cayman Islands,European Patent Office,Patent applications,2010,0.17389999
Cayman Islands,European Patent Office,Patent grants,2010,0.043499999
Cayman Islands,United States Patent and Trademark Office,Patent applications,2010,14.6667
Cayman Islands,United States Patent and Trademark Office,Patent grants,2010,10.875
Cayman Islands,European Patent Office,Patent applications,2011,5.5
Cayman Islands,European Patent Office,Patent grants,2011,3.0
Cayman Islands,United States Patent and Trademark Office,Patent applications,2011,20.133301
Cayman Islands,United States Patent and Trademark Office,Patent grants,2011,16.758301
Cayman Islands,European Patent Office,Patent applications,2012,3.2416999
Cayman Islands,European Patent Office,Patent grants,2012,0.125
Cayman Islands,United States Patent and Trademark Office,Patent applications,2012,6.5833001
Cayman Islands,United States Patent and Trademark Office,Patent grants,2012,5.5
Cayman Islands,European Patent Office,Patent applications,2013,2.3333001
Cayman Islands,European Patent Office,Patent grants,2013,0.0
Cayman Islands,United States Patent and Trademark Office,Patent applications,2013,24.7833
Cayman Islands,United States Patent and Trademark Office,Patent grants,2013,14.7
Cayman Islands,European Patent Office,Patent applications,2014,1.625
Cayman Islands,European Patent Office,Patent grants,2014,1.625
Cayman Islands,United States Patent and Trademark Office,Patent applications,2014,13.0833
Cayman Islands,United States Patent and Trademark Office,Patent grants,2014,10.5
Cayman Islands,European Patent Office,Patent applications,2015,3.8333001
Cayman Islands,European Patent Office,Patent grants,2015,2.0
Cayman Islands,United States Patent and Trademark Office,Patent applications,2015,14.7
Cayman Islands,United States Patent and Trademark Office,Patent grants,2015,9.8332996
Cayman Islands,European Patent Office,Patent applications,2016,6.8333001
Cayman Islands,European Patent Office,Patent grants,2016,6.0
Cayman Islands,United States Patent and Trademark Office,Patent applications,2016,12.7167
Cayman Islands,United States Patent and Trademark Office,Patent grants,2016,10.8167
Cayman Islands,European Patent Office,Patent applications,2017,4.1999998
Cayman Islands,European Patent Office,Patent grants,2017,2.25
Cayman Islands,United States Patent and Trademark Office,Patent applications,2017,11.2083
Cayman Islands,United States Patent and Trademark Office,Patent grants,2017,4.9583001
Cayman Islands,European Patent Office,Patent applications,2018,14.5
Cayman Islands,European Patent Office,Patent grants,2018,10.0
Cayman Islands,United States Patent and Trademark Office,Patent applications,2018,18.5667
Cayman Islands,United States Patent and Trademark Office,Patent grants,2018,11.3333
Cayman Islands,European Patent Office,Patent applications,2019,9.4167004
Cayman Islands,European Patent Office,Patent grants,2019,3.0
Cayman Islands,United States Patent and Trademark Office,Patent applications,2019,15.65
Cayman Islands,United States Patent and Trademark Office,Patent grants,2019,8.3332996
Cayman Islands,European Patent Office,Patent applications,2020,5.4583001
Cayman Islands,European Patent Office,Patent grants,2020,1.0
Cayman Islands,United States Patent and Trademark Office,Patent applications,2020,12.6667
Cayman Islands,United States Patent and Trademark Office,Patent grants,2020,8.8332996
Cayman Islands,European Patent Office,Patent applications,2021,1.5
Cayman Islands,European Patent Office,Patent grants,2021,0.0
Cayman Islands,United States Patent and Trademark Office,Patent applications,2021,8.6667004
Cayman Islands,United States Patent and Trademark Office,Patent grants,2021,5.5
Cayman Islands,European Patent Office,Patent applications,2022,1.3333
Cayman Islands,United States Patent and Trademark Office,Patent applications,2022,7.6943998
China (People’s Republic of),European Patent Office,Patent applications,2009,3862.9663
China (People’s Republic of),European Patent Office,Patent grants,2009,2295.438
China (People’s Republic of),World Intellectual Property Organization,Patent applications,2009,10144.924
China (People’s Republic of),United States Patent and Trademark Office,Patent applications,2009,8848.1934
China (People’s Republic of),United States Patent and Trademark Office,Patent grants,2009,6215.875
China (People’s Republic of),European Patent Office,Patent applications,2010,4210.1382
China (People’s Republic of),European Patent Office,Patent grants,2010,2469.8167
China (People’s Republic of),World Intellectual Property Organization,Patent applications,2010,13443.738
China (People’s Republic of),United States Patent and Trademark Office,Patent applications,2010,10104.647
China (People’s Republic of),United States Patent and Trademark Office,Patent grants,2010,7060.5562
China (People’s Republic of),European Patent Office,Patent applications,2011,4696.6475
China (People’s Republic of),European Patent Office,Patent grants,2011,2875.635
China (People’s Republic of),World Intellectual Property Organization,Patent applications,2011,17292.412
China (People’s Republic of),United States Patent and Trademark Office,Patent applications,2011,12228.142
China (People’s Republic of),United States Patent and Trademark Office,Patent grants,2011,8221.9209
China (People’s Republic of),European Patent Office,Patent applications,2012,6239.8296
China (People’s Republic of),European Patent Office,Patent grants,2012,4029.6758
China (People’s Republic of),World Intellectual Property Organization,Patent applications,2012,19086.891
China (People’s Republic of),United States Patent and Trademark Office,Patent applications,2012,15074.241
China (People’s Republic of),United States Patent and Trademark Office,Patent grants,2012,10344.603
China (People’s Republic of),European Patent Office,Patent applications,2013,6736.2275
China (People’s Republic of),European Patent Office,Patent grants,2013,4548.3911
China (People’s Republic of),World Intellectual Property Organization,Patent applications,2013,22577.951
China (People’s Republic of),United States Patent and Trademark Office,Patent applications,2013,16453.137
China (People’s Republic of),United States Patent and Trademark Office,Patent grants,2013,11825.994
China (People’s Republic of),European Patent Office,Patent applications,2014,8230.9443
China (People’s Republic of),European Patent Office,Patent grants,2014,5623.3525
China (People’s Republic of),World Intellectual Property Organization,Patent applications,2014,25929.709
China (People’s Republic of),United States Patent and Trademark Office,Patent applications,2014,18372.484
China (People’s Republic of),United States Patent and Trademark Office,Patent grants,2014,13991.903
China (People’s Republic of),European Patent Office,Patent applications,2015,8719.9385
China (People’s Republic of),European Patent Office,Patent grants,2015,5780.7178
China (People’s Republic of),World Intellectual Property Organization,Patent applications,2015,33183.789
China (People’s Republic of),United States Patent and Trademark Office,Patent applications,2015,21739.451
China (People’s Republic of),United States Patent and Trademark Office,Patent grants,2015,16362.097
China (People’s Republic of),European Patent Office,Patent applications,2016,10786.825
China (People’s Republic of),European Patent Office,Patent grants,2016,6951.3081
China (People’s Republic of),World Intellectual Property Organization,Patent applications,2016,42886.852
China (People’s Republic of),United States Patent and Trademark Office,Patent applications,2016,24679.588
China (People’s Republic of),United States Patent and Trademark Office,Patent grants,2016,19672.529
China (People’s Republic of),European Patent Office,Patent applications,2017,13464.173
China (People’s Republic of),European Patent Office,Patent grants,2017,8174.2534
China (People’s Republic of),World Intellectual Property Organization,Patent applications,2017,49488.691
China (People’s Republic of),United States Patent and Trademark Office,Patent applications,2017,30430.381
China (People’s Republic of),United States Patent and Trademark Office,Patent grants,2017,24895.055
China (People’s Republic of),European Patent Office,Patent applications,2018,14706.385
China (People’s Republic of),European Patent Office,Patent grants,2018,7550.6821
China (People’s Republic of),World Intellectual Property Organization,Patent applications,2018,52910.793
China (People’s Republic of),United States Patent and Trademark Office,Patent applications,2018,33095.105
China (People’s Republic of),United States Patent and Trademark Office,Patent grants,2018,26276.912
China (People’s Republic of),European Patent Office,Patent applications,2019,16841.729
China (People’s Republic of),European Patent Office,Patent grants,2019,6709.6226
China (People’s Republic of),World Intellectual Property Organization,Patent applications,2019,60752.457
China (People’s Republic of),United States Patent and Trademark Office,Patent applications,2019,36429.645
China (People’s Republic of),United States Patent and Trademark Office,Patent grants,2019,26545.311
China (People’s Republic of),European Patent Office,Patent applications,2020,19988.396
China (People’s Republic of),European Patent Office,Patent grants,2020,4478.6792
China (People’s Republic of),World Intellectual Property Organization,Patent applications,2020,68573.031
China (People’s Republic of),United States Patent and Trademark Office,Patent applications,2020,40252.27
China (People’s Republic of),United States Patent and Trademark Office,Patent grants,2020,23285.09
China (People’s Republic of),European Patent Office,Patent applications,2021,20519.691
China (People’s Republic of),European Patent Office,Patent grants,2021,2514.2478
China (People’s Republic of),World Intellectual Property Organization,Patent applications,2021,67416.727
China (People’s Republic of),United States Patent and Trademark Office,Patent applications,2021,40984.52
China (People’s Republic of),United States Patent and Trademark Office,Patent grants,2021,16747.68
China (People’s Republic of),European Patent Office,Patent applications,2022,19998.402
China (People’s Republic of),World Intellectual Property Organization,Patent applications,2022,67967.594
China (People’s Republic of),United States Patent and Trademark Office,Patent applications,2022,33472.578
China (People’s Republic of),World Intellectual Property Organization,Patent applications,2023,67197.305
China (People’s Republic of),World Intellectual Property Organization,Patent applications,2024,67773.25
Croatia,European Patent Office,Patent applications,2009,24.009501
Croatia,World Intellectual Property Organization,Patent applications,2009,44.021427
Croatia,United States Patent and Trademark Office,Patent applications,2009,28.8881
Croatia,United States Patent and Trademark Office,Patent grants,2009,16.354799
Croatia,European Patent Office,Patent applications,2010,29.3992
Croatia,World Intellectual Property Organization,Patent applications,2010,47.891666
Croatia,United States Patent and Trademark Office,Patent applications,2010,24.0158
Croatia,United States Patent and Trademark Office,Patent grants,2010,12.5389
Croatia,European Patent Office,Patent applications,2011,18.634501
Croatia,World Intellectual Property Organization,Patent applications,2011,43.767857
Croatia,United States Patent and Trademark Office,Patent applications,2011,22.245199
Croatia,United States Patent and Trademark Office,Patent grants,2011,14.0452
Croatia,European Patent Office,Patent applications,2012,20.7167
Croatia,World Intellectual Property Organization,Patent applications,2012,45.816666
Croatia,United States Patent and Trademark Office,Patent applications,2012,24.488501
Croatia,United States Patent and Trademark Office,Patent grants,2012,13.5885
Croatia,European Patent Office,Patent applications,2013,19.1647
Croatia,World Intellectual Property Organization,Patent applications,2013,38.386951
Croatia,United States Patent and Trademark Office,Patent applications,2013,25.746901
Croatia,United States Patent and Trademark Office,Patent grants,2013,17.0033
Croatia,European Patent Office,Patent applications,2014,32.5588
Croatia,World Intellectual Property Organization,Patent applications,2014,41.87067
Croatia,United States Patent and Trademark Office,Patent applications,2014,39.720699
Croatia,United States Patent and Trademark Office,Patent grants,2014,28.3881
Croatia,European Patent Office,Patent applications,2015,19.914301
Croatia,World Intellectual Property Organization,Patent applications,2015,31.140476
Croatia,United States Patent and Trademark Office,Patent applications,2015,21.233299
Croatia,United States Patent and Trademark Office,Patent grants,2015,16.6619
Croatia,European Patent Office,Patent applications,2016,36.267399
Croatia,World Intellectual Property Organization,Patent applications,2016,49.176891
Croatia,United States Patent and Trademark Office,Patent applications,2016,32.273602
Croatia,United States Patent and Trademark Office,Patent grants,2016,20.448999
Croatia,European Patent Office,Patent applications,2017,24.6278
Croatia,World Intellectual Property Organization,Patent applications,2017,38.836113
Croatia,United States Patent and Trademark Office,Patent applications,2017,45.25
Croatia,United States Patent and Trademark Office,Patent grants,2017,30.3417
Croatia,European Patent Office,Patent applications,2018,35.641701
Croatia,World Intellectual Property Organization,Patent applications,2018,44.983334
Croatia,United States Patent and Trademark Office,Patent applications,2018,36.749199
Croatia,United States Patent and Trademark Office,Patent grants,2018,20.9576
Croatia,European Patent Office,Patent applications,2019,43.128601
Croatia,World Intellectual Property Organization,Patent applications,2019,47.595238
Croatia,United States Patent and Trademark Office,Patent applications,2019,44.4286
Croatia,United States Patent and Trademark Office,Patent grants,2019,30.1619
Croatia,European Patent Office,Patent applications,2020,33.383301
Croatia,World Intellectual Property Organization,Patent applications,2020,36.620636
Croatia,United States Patent and Trademark Office,Patent applications,2020,38.8167
Croatia,United States Patent and Trademark Office,Patent grants,2020,15.7167
Croatia,European Patent Office,Patent applications,2021,37.768799
Croatia,World Intellectual Property Organization,Patent applications,2021,40.441666
Croatia,United States Patent and Trademark Office,Patent applications,2021,33.433601
Croatia,United States Patent and Trademark Office,Patent grants,2021,9.3977003
Croatia,European Patent Office,Patent applications,2022,56.787498
Croatia,World Intellectual Property Organization,Patent applications,2022,49.265278
Croatia,United States Patent and Trademark Office,Patent applications,2022,46.230598
Croatia,World Intellectual Property Organization,Patent applications,2023,47.053974
Croatia,World Intellectual Property Organization,Patent applications,2024,45.782082
Cuba,European Patent Office,Patent applications,2009,6.0
Cuba,European Patent Office,Patent grants,2009,4.0
Cuba,World Intellectual Property Organization,Patent applications,2009,5.0
Cuba,United States Patent and Trademark Office,Patent applications,2009,8.0
Cuba,United States Patent and Trademark Office,Patent grants,2009,6.0
Cuba,European Patent Office,Patent applications,2010,10.6
Cuba,European Patent Office,Patent grants,2010,7.8000002
Cuba,World Intellectual Property Organization,Patent applications,2010,9.8000002
Cuba,United States Patent and Trademark Office,Patent applications,2010,12.6167
Cuba,United States Patent and Trademark Office,Patent grants,2010,10.6167
Cuba,European Patent Office,Patent applications,2011,9.0
Cuba,European Patent Office,Patent grants,2011,7.0
Cuba,World Intellectual Property Organization,Patent applications,2011,11.125
Cuba,United States Patent and Trademark Office,Patent applications,2011,10.0
Cuba,United States Patent and Trademark Office,Patent grants,2011,8.0
Cuba,European Patent Office,Patent applications,2012,8.5277996
Cuba,European Patent Office,Patent grants,2012,5.75
Cuba,World Intellectual Property Organization,Patent applications,2012,7.5277777
Cuba,United States Patent and Trademark Office,Patent applications,2012,9.0888996
Cuba,United States Patent and Trademark Office,Patent grants,2012,7.0889001
Cuba,European Patent Office,Patent applications,2013,3.6817999
Cuba,European Patent Office,Patent grants,2013,2.1666999
Cuba,World Intellectual Property Organization,Patent applications,2013,5.7838917
Cuba,United States Patent and Trademark Office,Patent applications,2013,4.5415001
Cuba,United States Patent and Trademark Office,Patent grants,2013,2.3748
Cuba,European Patent Office,Patent applications,2014,2.5
Cuba,European Patent Office,Patent grants,2014,1.25
Cuba,World Intellectual Property Organization,Patent applications,2014,2.25
Cuba,United States Patent and Trademark Office,Patent applications,2014,2.0
Cuba,United States Patent and Trademark Office,Patent grants,2014,1.0
Cuba,European Patent Office,Patent applications,2015,2.4286001
Cuba,European Patent Office,Patent grants,2015,0.0
Cuba,World Intellectual Property Organization,Patent applications,2015,2.4285715
Cuba,United States Patent and Trademark Office,Patent applications,2015,3.4286001
Cuba,United States Patent and Trademark Office,Patent grants,2015,2.4286001
Cuba,European Patent Office,Patent applications,2016,8.0
Cuba,European Patent Office,Patent grants,2016,7.0
Cuba,World Intellectual Property Organization,Patent applications,2016,9.0
Cuba,United States Patent and Trademark Office,Patent applications,2016,10.0
Cuba,United States Patent and Trademark Office,Patent grants,2016,7.0
Cuba,European Patent Office,Patent applications,2017,6.9333
Cuba,European Patent Office,Patent grants,2017,2.0
Cuba,World Intellectual Property Organization,Patent applications,2017,7.3833332
Cuba,United States Patent and Trademark Office,Patent applications,2017,11.0
Cuba,United States Patent and Trademark Office,Patent grants,2017,7.0
Cuba,European Patent Office,Patent applications,2018,7.375
Cuba,European Patent Office,Patent grants,2018,1.0
Cuba,World Intellectual Property Organization,Patent applications,2018,10.253968
Cuba,United States Patent and Trademark Office,Patent applications,2018,6.875
Cuba,United States Patent and Trademark Office,Patent grants,2018,4.375
Cuba,European Patent Office,Patent applications,2019,6.9369001
Cuba,European Patent Office,Patent grants,2019,0.0
Cuba,World Intellectual Property Organization,Patent applications,2019,8.8257933
Cuba,United States Patent and Trademark Office,Patent applications,2019,7.8257999
Cuba,United States Patent and Trademark Office,Patent grants,2019,0.0
Cuba,European Patent Office,Patent applications,2020,13.147
Cuba,European Patent Office,Patent grants,2020,0.0
Cuba,World Intellectual Property Organization,Patent applications,2020,15.480357
Cuba,United States Patent and Trademark Office,Patent applications,2020,12.4
Cuba,United States Patent and Trademark Office,Patent grants,2020,0.0
Cuba,European Patent Office,Patent applications,2021,10.4615
Cuba,European Patent Office,Patent grants,2021,1.0
Cuba,World Intellectual Property Organization,Patent applications,2021,11.461538
Cuba,United States Patent and Trademark Office,Patent applications,2021,7.4615002
Cuba,United States Patent and Trademark Office,Patent grants,2021,0.0
Cuba,European Patent Office,Patent applications,2022,4.0
Cuba,World Intellectual Property Organization,Patent applications,2022,5.0
Cuba,United States Patent and Trademark Office,Patent applications,2022,1.75
Cuba,World Intellectual Property Organization,Patent applications,2023,8.0942574
Cuba,World Intellectual Property Organization,Patent applications,2024,8.194272
Cyprus,European Patent Office,Patent applications,2009,15.2333
Cyprus,European Patent Office,Patent grants,2009,4.3667002
Cyprus,United States Patent and Trademark Office,Patent applications,2009,12.4333
Cyprus,United States Patent and Trademark Office,Patent grants,2009,5.8667002
Cyprus,European Patent Office,Patent applications,2010,7.8667002
Cyprus,European Patent Office,Patent grants,2010,3.2
Cyprus,United States Patent and Trademark Office,Patent applications,2010,9.8000002
Cyprus,United States Patent and Trademark Office,Patent grants,2010,5.6999998
Cyprus,European Patent Office,Patent applications,2011,7.125
Cyprus,European Patent Office,Patent grants,2011,2.625
Cyprus,United States Patent and Trademark Office,Patent applications,2011,12.0
Cyprus,United States Patent and Trademark Office,Patent grants,2011,7.0
Cyprus,European Patent Office,Patent applications,2012,8.0
Cyprus,European Patent Office,Patent grants,2012,4.0
Cyprus,United States Patent and Trademark Office,Patent applications,2012,4.75
Cyprus,United States Patent and Trademark Office,Patent grants,2012,3.75
Cyprus,European Patent Office,Patent applications,2013,13.1929
Cyprus,European Patent Office,Patent grants,2013,6.4429002
Cyprus,United States Patent and Trademark Office,Patent applications,2013,16.134501
Cyprus,United States Patent and Trademark Office,Patent grants,2013,13.2595
Cyprus,European Patent Office,Patent applications,2014,11.8333
Cyprus,European Patent Office,Patent grants,2014,8.5
Cyprus,United States Patent and Trademark Office,Patent applications,2014,16.455601
Cyprus,United States Patent and Trademark Office,Patent grants,2014,10.4556
Cyprus,European Patent Office,Patent applications,2015,14.5278
Cyprus,European Patent Office,Patent grants,2015,11.3611
Cyprus,United States Patent and Trademark Office,Patent applications,2015,16.3444
Cyprus,United States Patent and Trademark Office,Patent grants,2015,13.2778
Cyprus,European Patent Office,Patent applications,2016,16.733299
Cyprus,European Patent Office,Patent grants,2016,5.0833001
Cyprus,United States Patent and Trademark Office,Patent applications,2016,15.9917
Cyprus,United States Patent and Trademark Office,Patent grants,2016,9.5333004
Cyprus,European Patent Office,Patent applications,2017,13.2833
Cyprus,European Patent Office,Patent grants,2017,8.3332996
Cyprus,United States Patent and Trademark Office,Patent applications,2017,20.8167
Cyprus,United States Patent and Trademark Office,Patent grants,2017,12.5667
Cyprus,European Patent Office,Patent applications,2018,11.6571
Cyprus,European Patent Office,Patent grants,2018,2.2857001
Cyprus,United States Patent and Trademark Office,Patent applications,2018,20.1714
Cyprus,United States Patent and Trademark Office,Patent grants,2018,9.1357002
Cyprus,European Patent Office,Patent applications,2019,20.871401
Cyprus,European Patent Office,Patent grants,2019,5.5451999
Cyprus,United States Patent and Trademark Office,Patent applications,2019,15.5381
Cyprus,United States Patent and Trademark Office,Patent grants,2019,7.2951999
Cyprus,European Patent Office,Patent applications,2020,23.8095
Cyprus,European Patent Office,Patent grants,2020,11.9167
Cyprus,United States Patent and Trademark Office,Patent applications,2020,22.0432
Cyprus,United States Patent and Trademark Office,Patent grants,2020,6.0
Cyprus,European Patent Office,Patent applications,2021,20.6826
Cyprus,European Patent Office,Patent grants,2021,8.5
Cyprus,United States Patent and Trademark Office,Patent applications,2021,25.9548
Cyprus,United States Patent and Trademark Office,Patent grants,2021,8.2333002
Cyprus,European Patent Office,Patent applications,2022,18.866699
Cyprus,United States Patent and Trademark Office,Patent applications,2022,19.444
Democratic People’s Republic of Korea,European Patent Office,Patent applications,2009,2.4166999
Democratic People’s Republic of Korea,European Patent Office,Patent grants,2009,1.4167
Democratic People’s Republic of Korea,World Intellectual Property Organization,Patent applications,2009,7.1666665
Democratic People’s Republic of Korea,United States Patent and Trademark Office,Patent applications,2009,4.6437998
Democratic People’s Republic of Korea,United States Patent and Trademark Office,Patent grants,2009,4.4619999
Democratic People’s Republic of Korea,European Patent Office,Patent applications,2010,3.4762001
Democratic People’s Republic of Korea,European Patent Office,Patent grants,2010,1.3333
Democratic People’s Republic of Korea,World Intellectual Property Organization,Patent applications,2010,4.4761906
Democratic People’s Republic of Korea,United States Patent and Trademark Office,Patent applications,2010,4.4512
Democratic People’s Republic of Korea,United States Patent and Trademark Office,Patent grants,2010,4.6511998
Democratic People’s Republic of Korea,European Patent Office,Patent applications,2011,1.25
Democratic People’s Republic of Korea,European Patent Office,Patent grants,2011,1.0
Democratic People’s Republic of Korea,World Intellectual Property Organization,Patent applications,2011,4.75
Democratic People’s Republic of Korea,United States Patent and Trademark Office,Patent applications,2011,8.0467997
Democratic People’s Republic of Korea,United States Patent and Trademark Office,Patent grants,2011,6.0468001
Democratic People’s Republic of Korea,European Patent Office,Patent applications,2012,3.1666999
Democratic People’s Republic of Korea,European Patent Office,Patent grants,2012,1.8333
Democratic People’s Republic of Korea,World Intellectual Property Organization,Patent applications,2012,2.0
Democratic People’s Republic of Korea,United States Patent and Trademark Office,Patent applications,2012,6.0250001
Democratic People’s Republic of Korea,United States Patent and Trademark Office,Patent grants,2012,5.7333002
Democratic People’s Republic of Korea,European Patent Office,Patent applications,2013,3.2476001
Democratic People’s Republic of Korea,European Patent Office,Patent grants,2013,2.2
Democratic People’s Republic of Korea,World Intellectual Property Organization,Patent applications,2013,6.5476189
Democratic People’s Republic of Korea,United States Patent and Trademark Office,Patent applications,2013,3.5833001
Democratic People’s Republic of Korea,United States Patent and Trademark Office,Patent grants,2013,3.1166999
Democratic People’s Republic of Korea,European Patent Office,Patent applications,2014,2.1666999
Democratic People’s Republic of Korea,European Patent Office,Patent grants,2014,2.1666999
Democratic People’s Republic of Korea,World Intellectual Property Organization,Patent applications,2014,9.5
Democratic People’s Republic of Korea,United States Patent and Trademark Office,Patent applications,2014,2.5833001
Democratic People’s Republic of Korea,United States Patent and Trademark Office,Patent grants,2014,1.6667
Democratic People’s Republic of Korea,European Patent Office,Patent applications,2015,3.0
Democratic People’s Republic of Korea,European Patent Office,Patent grants,2015,1.0
Democratic People’s Republic of Korea,World Intellectual Property Organization,Patent applications,2015,9.0
Democratic People’s Republic of Korea,United States Patent and Trademark Office,Patent applications,2015,2.0929
Democratic People’s Republic of Korea,United States Patent and Trademark Office,Patent grants,2015,1.5
Democratic People’s Republic of Korea,European Patent Office,Patent applications,2016,1.5789
Democratic People’s Republic of Korea,European Patent Office,Patent grants,2016,0.57889998
Democratic People’s Republic of Korea,World Intellectual Property Organization,Patent applications,2016,4.0714288
Democratic People’s Republic of Korea,United States Patent and Trademark Office,Patent applications,2016,7.2083001
Democratic People’s Republic of Korea,United States Patent and Trademark Office,Patent grants,2016,4.5833001
Democratic People’s Republic of Korea,European Patent Office,Patent applications,2017,1.7
Democratic People’s Republic of Korea,European Patent Office,Patent grants,2017,1.2
Democratic People’s Republic of Korea,World Intellectual Property Organization,Patent applications,2017,2.625
Democratic People’s Republic of Korea,United States Patent and Trademark Office,Patent applications,2017,5.0833001
Democratic People’s Republic of Korea,United States Patent and Trademark Office,Patent grants,2017,3.0833001
Democratic People’s Republic of Korea,European Patent Office,Patent applications,2018,1.2
Democratic People’s Republic of Korea,European Patent Office,Patent grants,2018,1.0
Democratic People’s Republic of Korea,World Intellectual Property Organization,Patent applications,2018,2.2
Democratic People’s Republic of Korea,United States Patent and Trademark Office,Patent applications,2018,5.7333002
Democratic People’s Republic of Korea,United States Patent and Trademark Office,Patent grants,2018,2.45
Democratic People’s Republic of Korea,European Patent Office,Patent applications,2019,3.9583001
Democratic People’s Republic of Korea,European Patent Office,Patent grants,2019,1.625
Democratic People’s Republic of Korea,World Intellectual Property Organization,Patent applications,2019,5.3333335
Democratic People’s Republic of Korea,United States Patent and Trademark Office,Patent applications,2019,10.7333
Democratic People’s Republic of Korea,United States Patent and Trademark Office,Patent grants,2019,6.9833002
Democratic People’s Republic of Korea,European Patent Office,Patent applications,2020,5.4583001
Democratic People’s Republic of Korea,European Patent Office,Patent grants,2020,2.4583001
Democratic People’s Republic of Korea,World Intellectual Property Organization,Patent applications,2020,5.0
Democratic People’s Republic of Korea,United States Patent and Trademark Office,Patent applications,2020,7.2326002
Democratic People’s Republic of Korea,United States Patent and Trademark Office,Patent grants,2020,5.1159
Democratic People’s Republic of Korea,European Patent Office,Patent applications,2021,2.0
Democratic People’s Republic of Korea,European Patent Office,Patent grants,2021,0.0
Democratic People’s Republic of Korea,World Intellectual Property Organization,Patent applications,2021,3.0
Democratic People’s Republic of Korea,United States Patent and Trademark Office,Patent applications,2021,3.5416999
Democratic People’s Republic of Korea,United States Patent and Trademark Office,Patent grants,2021,0.625
Democratic People’s Republic of Korea,European Patent Office,Patent applications,2022,0.16670001
Democratic People’s Republic of Korea,World Intellectual Property Organization,Patent applications,2022,0.16666667
Democratic People’s Republic of Korea,United States Patent and Trademark Office,Patent applications,2022,0.76789999
Democratic People’s Republic of Korea,World Intellectual Property Organization,Patent applications,2023,2.3951466
Democratic People’s Republic of Korea,World Intellectual Property Organization,Patent applications,2024,1.8523346
Djibouti,European Patent Office,Patent applications,2009,0.0
Djibouti,European Patent Office,Patent grants,2009,0.0
Djibouti,United States Patent and Trademark Office,Patent applications,2009,0.2
Djibouti,United States Patent and Trademark Office,Patent grants,2009,0.2
Djibouti,European Patent Office,Patent applications,2010,0.0
Djibouti,European Patent Office,Patent grants,2010,0.0
Djibouti,United States Patent and Trademark Office,Patent applications,2010,0.0
Djibouti,United States Patent and Trademark Office,Patent grants,2010,0.0
Djibouti,European Patent Office,Patent applications,2011,0.25
Djibouti,European Patent Office,Patent grants,2011,0.25
Djibouti,United States Patent and Trademark Office,Patent applications,2011,0.25
Djibouti,United States Patent and Trademark Office,Patent grants,2011,0.25
Djibouti,European Patent Office,Patent applications,2012,0.0
Djibouti,European Patent Office,Patent grants,2012,0.0
Djibouti,United States Patent and Trademark Office,Patent applications,2012,0.33329999
Djibouti,United States Patent and Trademark Office,Patent grants,2012,0.33329999
Djibouti,European Patent Office,Patent applications,2013,0.0
Djibouti,European Patent Office,Patent grants,2013,0.0
Djibouti,United States Patent and Trademark Office,Patent applications,2013,0.85000002
Djibouti,United States Patent and Trademark Office,Patent grants,2013,0.85000002
Djibouti,European Patent Office,Patent applications,2014,0.0
Djibouti,European Patent Office,Patent grants,2014,0.0
Djibouti,United States Patent and Trademark Office,Patent applications,2014,0.0
Djibouti,United States Patent and Trademark Office,Patent grants,2014,0.0
Djibouti,European Patent Office,Patent applications,2015,0.0
Djibouti,European Patent Office,Patent grants,2015,0.0
Djibouti,United States Patent and Trademark Office,Patent applications,2015,0.16670001
Djibouti,United States Patent and Trademark Office,Patent grants,2015,0.16670001
Djibouti,European Patent Office,Patent applications,2016,0.0
Djibouti,European Patent Office,Patent grants,2016,0.0
Djibouti,United States Patent and Trademark Office,Patent applications,2016,0.0
Djibouti,United States Patent and Trademark Office,Patent grants,2016,0.0
Djibouti,European Patent Office,Patent applications,2017,0.0
Djibouti,European Patent Office,Patent grants,2017,0.0
Djibouti,United States Patent and Trademark Office,Patent applications,2017,0.0
Djibouti,United States Patent and Trademark Office,Patent grants,2017,0.0
Djibouti,European Patent Office,Patent applications,2018,0.0
Djibouti,European Patent Office,Patent grants,2018,0.0
Djibouti,United States Patent and Trademark Office,Patent applications,2018,1.0
Djibouti,United States Patent and Trademark Office,Patent grants,2018,1.0
Djibouti,European Patent Office,Patent applications,2019,0.0
Djibouti,European Patent Office,Patent grants,2019,0.0
Djibouti,United States Patent and Trademark Office,Patent applications,2019,0.0
Djibouti,United States Patent and Trademark Office,Patent grants,2019,0.0
Djibouti,European Patent Office,Patent applications,2020,0.0
Djibouti,European Patent Office,Patent grants,2020,0.0
Djibouti,United States Patent and Trademark Office,Patent applications,2020,0.0
Djibouti,United States Patent and Trademark Office,Patent grants,2020,0.0
Djibouti,European Patent Office,Patent applications,2021,0.0
Djibouti,European Patent Office,Patent grants,2021,0.0
Djibouti,United States Patent and Trademark Office,Patent applications,2021,0.0
Djibouti,United States Patent and Trademark Office,Patent grants,2021,0.0
Djibouti,European Patent Office,Patent applications,2022,0.0
Djibouti,United States Patent and Trademark Office,Patent applications,2022,0.0
Ecuador,European Patent Office,Patent applications,2009,2.5833001
Ecuador,European Patent Office,Patent grants,2009,2.5833001
Ecuador,World Intellectual Property Organization,Patent applications,2009,0.25
Ecuador,European Patent Office,Patent applications,2010,2.2
Ecuador,European Patent Office,Patent grants,2010,0.2
Ecuador,World Intellectual Property Organization,Patent applications,2010,4.8249998
Ecuador,European Patent Office,Patent applications,2011,5.5595002
Ecuador,European Patent Office,Patent grants,2011,2.4166999
Ecuador,World Intellectual Property Organization,Patent applications,2011,12.059524
Ecuador,European Patent Office,Patent applications,2012,1.7833
Ecuador,European Patent Office,Patent grants,2012,0.58329999
Ecuador,World Intellectual Property Organization,Patent applications,2012,4.5666666
Ecuador,European Patent Office,Patent applications,2013,1.6786
Ecuador,European Patent Office,Patent grants,2013,0.25
Ecuador,World Intellectual Property Organization,Patent applications,2013,5.3452382
Ecuador,European Patent Office,Patent applications,2014,1.5
Ecuador,European Patent Office,Patent grants,2014,0.0
Ecuador,World Intellectual Property Organization,Patent applications,2014,4.4666667
Ecuador,European Patent Office,Patent applications,2015,0.33329999
Ecuador,European Patent Office,Patent grants,2015,0.0
Ecuador,World Intellectual Property Organization,Patent applications,2015,6.4583335
Ecuador,European Patent Office,Patent applications,2016,0.4524
Ecuador,European Patent Office,Patent grants,2016,0.4524
Ecuador,World Intellectual Property Organization,Patent applications,2016,4.6190476
Ecuador,European Patent Office,Patent applications,2017,3.0
Ecuador,European Patent Office,Patent grants,2017,1.0
Ecuador,World Intellectual Property Organization,Patent applications,2017,6.1666665
Ecuador,European Patent Office,Patent applications,2018,0.0
Ecuador,European Patent Office,Patent grants,2018,0.0
Ecuador,World Intellectual Property Organization,Patent applications,2018,26.128969
Ecuador,European Patent Office,Patent applications,2019,0.30950001
Ecuador,European Patent Office,Patent grants,2019,0.30950001
Ecuador,World Intellectual Property Organization,Patent applications,2019,18.176191
Ecuador,European Patent Office,Patent applications,2020,1.2
Ecuador,European Patent Office,Patent grants,2020,0.0
Ecuador,World Intellectual Property Organization,Patent applications,2020,3.9833333
Ecuador,European Patent Office,Patent applications,2021,0.33329999
Ecuador,European Patent Office,Patent grants,2021,0.0
Ecuador,World Intellectual Property Organization,Patent applications,2021,11.601191
Ecuador,European Patent Office,Patent applications,2022,0.0
Ecuador,World Intellectual Property Organization,Patent applications,2022,4.0
Ecuador,World Intellectual Property Organization,Patent applications,2023,9.2519007
Ecuador,World Intellectual Property Organization,Patent applications,2024,8.2914467
Egypt,European Patent Office,Patent applications,2009,10.9095
Egypt,European Patent Office,Patent grants,2009,8.5761995
Egypt,World Intellectual Property Organization,Patent applications,2009,48.026192
Egypt,United States Patent and Trademark Office,Patent applications,2009,49.009499
Egypt,United States Patent and Trademark Office,Patent grants,2009,33.5
Egypt,European Patent Office,Patent applications,2010,12.35
Egypt,European Patent Office,Patent grants,2010,7.5833001
Egypt,World Intellectual Property Organization,Patent applications,2010,52.092857
Egypt,United States Patent and Trademark Office,Patent applications,2010,50.086102
Egypt,United States Patent and Trademark Office,Patent grants,2010,36.057598
Egypt,European Patent Office,Patent applications,2011,14.9246
Egypt,European Patent Office,Patent grants,2011,6.2245998
Egypt,World Intellectual Property Organization,Patent applications,2011,46.646824
Egypt,United States Patent and Trademark Office,Patent applications,2011,43.895199
Egypt,United States Patent and Trademark Office,Patent grants,2011,31.311899
Egypt,European Patent Office,Patent applications,2012,19.891701
Egypt,European Patent Office,Patent grants,2012,9.8583002
Egypt,World Intellectual Property Organization,Patent applications,2012,60.883335
Egypt,United States Patent and Trademark Office,Patent applications,2012,47.4468
Egypt,United States Patent and Trademark Office,Patent grants,2012,28.755199
Egypt,European Patent Office,Patent applications,2013,16.266701
Egypt,European Patent Office,Patent grants,2013,9.9333
Egypt,World Intellectual Property Organization,Patent applications,2013,69.964287
Egypt,United States Patent and Trademark Office,Patent applications,2013,50.726601
Egypt,United States Patent and Trademark Office,Patent grants,2013,41.0933
Egypt,European Patent Office,Patent applications,2014,16.954
Egypt,European Patent Office,Patent grants,2014,3.25
Egypt,World Intellectual Property Organization,Patent applications,2014,79.737305
Egypt,United States Patent and Trademark Office,Patent applications,2014,54.152802
Egypt,United States Patent and Trademark Office,Patent grants,2014,29.9694
Egypt,European Patent Office,Patent applications,2015,18.1821
Egypt,European Patent Office,Patent grants,2015,7.8571
Egypt,World Intellectual Property Organization,Patent applications,2015,60.434525
Egypt,United States Patent and Trademark Office,Patent applications,2015,52.447601
Egypt,United States Patent and Trademark Office,Patent grants,2015,40.597599
Egypt,European Patent Office,Patent applications,2016,15.5315
Egypt,European Patent Office,Patent grants,2016,7.9857001
Egypt,World Intellectual Property Organization,Patent applications,2016,47.054276
Egypt,United States Patent and Trademark Office,Patent applications,2016,59.312302
Egypt,United States Patent and Trademark Office,Patent grants,2016,51.465302
Egypt,European Patent Office,Patent applications,2017,9.3500004
Egypt,European Patent Office,Patent grants,2017,2.75
Egypt,World Intellectual Property Organization,Patent applications,2017,45.849998
Egypt,United States Patent and Trademark Office,Patent applications,2017,44.060299
Egypt,United States Patent and Trademark Office,Patent grants,2017,31.4555
Egypt,European Patent Office,Patent applications,2018,7.5159001
Egypt,European Patent Office,Patent grants,2018,2.1111
Egypt,World Intellectual Property Organization,Patent applications,2018,47.904762
Egypt,United States Patent and Trademark Office,Patent applications,2018,31.538099
Egypt,United States Patent and Trademark Office,Patent grants,2018,23.0571
Egypt,European Patent Office,Patent applications,2019,11.9524
Egypt,European Patent Office,Patent grants,2019,6.7094998
Egypt,World Intellectual Property Organization,Patent applications,2019,37.702381
Egypt,United States Patent and Trademark Office,Patent applications,2019,37.543999
Egypt,United States Patent and Trademark Office,Patent grants,2019,36.4048
Egypt,European Patent Office,Patent applications,2020,14.123
Egypt,European Patent Office,Patent grants,2020,5.4285998
Egypt,World Intellectual Property Organization,Patent applications,2020,53.750793
Egypt,United States Patent and Trademark Office,Patent applications,2020,36.423401
Egypt,United States Patent and Trademark Office,Patent grants,2020,34.605999
Egypt,European Patent Office,Patent applications,2021,20.450001
Egypt,European Patent Office,Patent grants,2021,4.0
Egypt,World Intellectual Property Organization,Patent applications,2021,72.525757
Egypt,United States Patent and Trademark Office,Patent applications,2021,60.176899
Egypt,United States Patent and Trademark Office,Patent grants,2021,30.4
Egypt,European Patent Office,Patent applications,2022,18.6667
Egypt,World Intellectual Property Organization,Patent applications,2022,49.794445
Egypt,United States Patent and Trademark Office,Patent applications,2022,31.670601
Egypt,World Intellectual Property Organization,Patent applications,2023,58.801125
Egypt,World Intellectual Property Organization,Patent applications,2024,60.518311
El Salvador,European Patent Office,Patent applications,2009,0.0
El Salvador,European Patent Office,Patent grants,2009,0.0
El Salvador,United States Patent and Trademark Office,Patent applications,2009,0.2
El Salvador,United States Patent and Trademark Office,Patent grants,2009,0.0
El Salvador,European Patent Office,Patent applications,2010,0.0
El Salvador,European Patent Office,Patent grants,2010,0.0
El Salvador,United States Patent and Trademark Office,Patent applications,2010,0.0
El Salvador,United States Patent and Trademark Office,Patent grants,2010,0.0
El Salvador,European Patent Office,Patent applications,2011,1.1111
El Salvador,European Patent Office,Patent grants,2011,1.1111
El Salvador,United States Patent and Trademark Office,Patent applications,2011,4.1111002
El Salvador,United States Patent and Trademark Office,Patent grants,2011,1.1111
El Salvador,European Patent Office,Patent applications,2012,1.0
El Salvador,European Patent Office,Patent grants,2012,0.0
El Salvador,United States Patent and Trademark Office,Patent applications,2012,0.0
El Salvador,United States Patent and Trademark Office,Patent grants,2012,0.0
El Salvador,European Patent Office,Patent applications,2013,0.0
El Salvador,European Patent Office,Patent grants,2013,0.0
El Salvador,United States Patent and Trademark Office,Patent applications,2013,2.0
El Salvador,United States Patent and Trademark Office,Patent grants,2013,1.0
El Salvador,European Patent Office,Patent applications,2014,0.0
El Salvador,European Patent Office,Patent grants,2014,0.0
El Salvador,United States Patent and Trademark Office,Patent applications,2014,1.0
El Salvador,United States Patent and Trademark Office,Patent grants,2014,1.0
El Salvador,European Patent Office,Patent applications,2015,0.0
El Salvador,European Patent Office,Patent grants,2015,0.0
El Salvador,United States Patent and Trademark Office,Patent applications,2015,0.66670001
El Salvador,United States Patent and Trademark Office,Patent grants,2015,0.0
El Salvador,European Patent Office,Patent applications,2016,0.0
El Salvador,European Patent Office,Patent grants,2016,0.0
El Salvador,United States Patent and Trademark Office,Patent applications,2016,1.5
El Salvador,United States Patent and Trademark Office,Patent grants,2016,1.5
El Salvador,European Patent Office,Patent applications,2017,0.0
El Salvador,European Patent Office,Patent grants,2017,0.0
El Salvador,United States Patent and Trademark Office,Patent applications,2017,3.8929
El Salvador,United States Patent and Trademark Office,Patent grants,2017,2.1429
El Salvador,European Patent Office,Patent applications,2018,0.0
El Salvador,European Patent Office,Patent grants,2018,0.0
El Salvador,United States Patent and Trademark Office,Patent applications,2018,0.0
El Salvador,United States Patent and Trademark Office,Patent grants,2018,0.0
El Salvador,European Patent Office,Patent applications,2019,0.0
El Salvador,European Patent Office,Patent grants,2019,0.0
El Salvador,United States Patent and Trademark Office,Patent applications,2019,1.0
El Salvador,United States Patent and Trademark Office,Patent grants,2019,1.0
El Salvador,European Patent Office,Patent applications,2020,0.0
El Salvador,European Patent Office,Patent grants,2020,0.0
El Salvador,United States Patent and Trademark Office,Patent applications,2020,0.25
El Salvador,United States Patent and Trademark Office,Patent grants,2020,0.0
El Salvador,European Patent Office,Patent applications,2021,0.5
El Salvador,European Patent Office,Patent grants,2021,0.0
El Salvador,United States Patent and Trademark Office,Patent applications,2021,0.0
El Salvador,United States Patent and Trademark Office,Patent grants,2021,0.0
El Salvador,European Patent Office,Patent applications,2022,0.0
El Salvador,United States Patent and Trademark Office,Patent applications,2022,0.0
Georgia,European Patent Office,Patent applications,2009,0.0
Georgia,European Patent Office,Patent grants,2009,0.0
Georgia,World Intellectual Property Organization,Patent applications,2009,5.0
Georgia,European Patent Office,Patent applications,2010,1.8333
Georgia,European Patent Office,Patent grants,2010,0.33329999
Georgia,World Intellectual Property Organization,Patent applications,2010,7.8333335
Georgia,European Patent Office,Patent applications,2011,0.0
Georgia,European Patent Office,Patent grants,2011,0.0
Georgia,World Intellectual Property Organization,Patent applications,2011,4.5
Georgia,European Patent Office,Patent applications,2012,1.8619
Georgia,European Patent Office,Patent grants,2012,1.0286
Georgia,World Intellectual Property Organization,Patent applications,2012,10.861905
Georgia,European Patent Office,Patent applications,2013,1.8
Georgia,European Patent Office,Patent grants,2013,0.80000001
Georgia,World Intellectual Property Organization,Patent applications,2013,4.8000002
Georgia,European Patent Office,Patent applications,2014,1.7
Georgia,European Patent Office,Patent grants,2014,0.0
Georgia,World Intellectual Property Organization,Patent applications,2014,2.6583333
Georgia,European Patent Office,Patent applications,2015,2.25
Georgia,European Patent Office,Patent grants,2015,0.5
Georgia,World Intellectual Property Organization,Patent applications,2015,8.916667
Georgia,European Patent Office,Patent applications,2016,2.7
Georgia,European Patent Office,Patent grants,2016,1.5
Georgia,World Intellectual Property Organization,Patent applications,2016,14.65
Georgia,European Patent Office,Patent applications,2017,1.9333
Georgia,European Patent Office,Patent grants,2017,0.33329999
Georgia,World Intellectual Property Organization,Patent applications,2017,7.4333334
Georgia,European Patent Office,Patent applications,2018,3.0
Georgia,European Patent Office,Patent grants,2018,2.0
Georgia,World Intellectual Property Organization,Patent applications,2018,8.5
Georgia,European Patent Office,Patent applications,2019,1.5
Georgia,European Patent Office,Patent grants,2019,1.0
Georgia,World Intellectual Property Organization,Patent applications,2019,2.8333333
Georgia,European Patent Office,Patent applications,2020,4.25
Georgia,European Patent Office,Patent grants,2020,1.0
Georgia,World Intellectual Property Organization,Patent applications,2020,10.166667
Georgia,European Patent Office,Patent applications,2021,3.7667
Georgia,European Patent Office,Patent grants,2021,1.5
Georgia,World Intellectual Property Organization,Patent applications,2021,11.433333
Georgia,European Patent Office,Patent applications,2022,1.0
Georgia,World Intellectual Property Organization,Patent applications,2022,6.5
Georgia,World Intellectual Property Organization,Patent applications,2023,8.8056917
Georgia,World Intellectual Property Organization,Patent applications,2024,8.9294891
Guatemala,European Patent Office,Patent applications,2009,0.0
Guatemala,European Patent Office,Patent grants,2009,0.0
Guatemala,World Intellectual Property Organization,Patent applications,2009,3.0
Guatemala,United States Patent and Trademark Office,Patent applications,2009,1.1429
Guatemala,United States Patent and Trademark Office,Patent grants,2009,0.1429
Guatemala,European Patent Office,Patent applications,2010,0.0
Guatemala,European Patent Office,Patent grants,2010,0.0
Guatemala,World Intellectual Property Organization,Patent applications,2010,1.0
Guatemala,United States Patent and Trademark Office,Patent applications,2010,4.3333001
Guatemala,United States Patent and Trademark Office,Patent grants,2010,2.0
Guatemala,European Patent Office,Patent applications,2011,0.41029999
Guatemala,European Patent Office,Patent grants,2011,0.33329999
Guatemala,World Intellectual Property Organization,Patent applications,2011,1.4102564
Guatemala,United States Patent and Trademark Office,Patent applications,2011,0.44440001
Guatemala,United States Patent and Trademark Office,Patent grants,2011,0.33329999
Guatemala,European Patent Office,Patent applications,2012,0.0
Guatemala,European Patent Office,Patent grants,2012,0.0
Guatemala,World Intellectual Property Organization,Patent applications,2012,2.3333333
Guatemala,United States Patent and Trademark Office,Patent applications,2012,4.8333001
Guatemala,United States Patent and Trademark Office,Patent grants,2012,2.8333001
Guatemala,European Patent Office,Patent applications,2013,0.0
Guatemala,European Patent Office,Patent grants,2013,0.0
Guatemala,World Intellectual Property Organization,Patent applications,2013,0.0
Guatemala,United States Patent and Trademark Office,Patent applications,2013,1.0
Guatemala,United States Patent and Trademark Office,Patent grants,2013,1.0
Guatemala,European Patent Office,Patent applications,2014,1.0
Guatemala,European Patent Office,Patent grants,2014,0.0
Guatemala,World Intellectual Property Organization,Patent applications,2014,1.0
Guatemala,United States Patent and Trademark Office,Patent applications,2014,3.8333001
Guatemala,United States Patent and Trademark Office,Patent grants,2014,1.3333
Guatemala,European Patent Office,Patent applications,2015,0.0
Guatemala,European Patent Office,Patent grants,2015,0.0
Guatemala,World Intellectual Property Organization,Patent applications,2015,2.5095239
Guatemala,United States Patent and Trademark Office,Patent applications,2015,3.0
Guatemala,United States Patent and Trademark Office,Patent grants,2015,0.33329999
Guatemala,European Patent Office,Patent applications,2016,1.0
Guatemala,European Patent Office,Patent grants,2016,1.0
Guatemala,World Intellectual Property Organization,Patent applications,2016,4.6428571
Guatemala,United States Patent and Trademark Office,Patent applications,2016,11.1429
Guatemala,United States Patent and Trademark Office,Patent grants,2016,9.1429005
Guatemala,European Patent Office,Patent applications,2017,0.5
Guatemala,European Patent Office,Patent grants,2017,0.5
Guatemala,World Intellectual Property Organization,Patent applications,2017,2.0
Guatemala,United States Patent and Trademark Office,Patent applications,2017,8.6667004
Guatemala,United States Patent and Trademark Office,Patent grants,2017,6.0
Guatemala,European Patent Office,Patent applications,2018,0.0
Guatemala,European Patent Office,Patent grants,2018,0.0
Guatemala,World Intellectual Property Organization,Patent applications,2018,0.0
Guatemala,United States Patent and Trademark Office,Patent applications,2018,1.5
Guatemala,United States Patent and Trademark Office,Patent grants,2018,2.0
Guatemala,European Patent Office,Patent applications,2019,0.0
Guatemala,European Patent Office,Patent grants,2019,0.0
Guatemala,World Intellectual Property Organization,Patent applications,2019,1.3333334
Guatemala,United States Patent and Trademark Office,Patent applications,2019,4.75
Guatemala,United States Patent and Trademark Office,Patent grants,2019,4.0833001
Guatemala,European Patent Office,Patent applications,2020,1.8571
Guatemala,European Patent Office,Patent grants,2020,0.0
Guatemala,World Intellectual Property Organization,Patent applications,2020,2.8571429
Guatemala,United States Patent and Trademark Office,Patent applications,2020,4.3571
Guatemala,United States Patent and Trademark Office,Patent grants,2020,2.0
Guatemala,European Patent Office,Patent applications,2021,0.33329999
Guatemala,European Patent Office,Patent grants,2021,0.0
Guatemala,World Intellectual Property Organization,Patent applications,2021,2.0
Guatemala,United States Patent and Trademark Office,Patent applications,2021,3.3333001
Guatemala,United States Patent and Trademark Office,Patent grants,2021,1.0
Guatemala,European Patent Office,Patent applications,2022,0.83329999
Guatemala,World Intellectual Property Organization,Patent applications,2022,1.8333334
Guatemala,United States Patent and Trademark Office,Patent applications,2022,4.1666999
Guatemala,World Intellectual Property Organization,Patent applications,2023,2.0050461
Guatemala,World Intellectual Property Organization,Patent applications,2024,1.9527237
Hong Kong (China),European Patent Office,Patent applications,2009,199.875
Hong Kong (China),European Patent Office,Patent grants,2009,109.7667
Hong Kong (China),United States Patent and Trademark Office,Patent applications,2009,452.6449
Hong Kong (China),United States Patent and Trademark Office,Patent grants,2009,317.7366
Hong Kong (China),European Patent Office,Patent applications,2010,206.86391
Hong Kong (China),European Patent Office,Patent grants,2010,103.0722
Hong Kong (China),United States Patent and Trademark Office,Patent applications,2010,485.14401
Hong Kong (China),United States Patent and Trademark Office,Patent grants,2010,319.1973
Hong Kong (China),European Patent Office,Patent applications,2011,183.96941
Hong Kong (China),European Patent Office,Patent grants,2011,97.109901
Hong Kong (China),United States Patent and Trademark Office,Patent applications,2011,443.2771
Hong Kong (China),United States Patent and Trademark Office,Patent grants,2011,258.24661
Hong Kong (China),European Patent Office,Patent applications,2012,210.7554
Hong Kong (China),European Patent Office,Patent grants,2012,127.0139
Hong Kong (China),United States Patent and Trademark Office,Patent applications,2012,517.26501
Hong Kong (China),United States Patent and Trademark Office,Patent grants,2012,333.85281
Hong Kong (China),European Patent Office,Patent applications,2013,260.44211
Hong Kong (China),European Patent Office,Patent grants,2013,138.57899
Hong Kong (China),United States Patent and Trademark Office,Patent applications,2013,565.4397
Hong Kong (China),United States Patent and Trademark Office,Patent grants,2013,381.11121
Hong Kong (China),European Patent Office,Patent applications,2014,224.2821
Hong Kong (China),European Patent Office,Patent grants,2014,131.3988
Hong Kong (China),United States Patent and Trademark Office,Patent applications,2014,550.08612
Hong Kong (China),United States Patent and Trademark Office,Patent grants,2014,402.79721
Hong Kong (China),European Patent Office,Patent applications,2015,274.854
Hong Kong (China),European Patent Office,Patent grants,2015,148.20399
Hong Kong (China),United States Patent and Trademark Office,Patent applications,2015,524.46979
Hong Kong (China),United States Patent and Trademark Office,Patent grants,2015,385.69171
Hong Kong (China),European Patent Office,Patent applications,2016,347.98541
Hong Kong (China),European Patent Office,Patent grants,2016,158.7366
Hong Kong (China),United States Patent and Trademark Office,Patent applications,2016,574.1922
Hong Kong (China),United States Patent and Trademark Office,Patent grants,2016,452.08109
Hong Kong (China),European Patent Office,Patent applications,2017,275.33969
Hong Kong (China),European Patent Office,Patent grants,2017,118.2452
Hong Kong (China),United States Patent and Trademark Office,Patent applications,2017,573.50439
Hong Kong (China),United States Patent and Trademark Office,Patent grants,2017,423.03769
Hong Kong (China),European Patent Office,Patent applications,2018,262.52979
Hong Kong (China),European Patent Office,Patent grants,2018,105.7631
Hong Kong (China),United States Patent and Trademark Office,Patent applications,2018,549.96222
Hong Kong (China),United States Patent and Trademark Office,Patent grants,2018,411.14441
Hong Kong (China),European Patent Office,Patent applications,2019,270.00519
Hong Kong (China),European Patent Office,Patent grants,2019,90.428596
Hong Kong (China),United States Patent and Trademark Office,Patent applications,2019,508.72961
Hong Kong (China),United States Patent and Trademark Office,Patent grants,2019,401.07901
Hong Kong (China),European Patent Office,Patent applications,2020,272.81421
Hong Kong (China),European Patent Office,Patent grants,2020,57.670601
Hong Kong (China),United States Patent and Trademark Office,Patent applications,2020,537.95978
Hong Kong (China),United States Patent and Trademark Office,Patent grants,2020,380.6069
Hong Kong (China),European Patent Office,Patent applications,2021,238.8671
Hong Kong (China),European Patent Office,Patent grants,2021,31.7167
Hong Kong (China),United States Patent and Trademark Office,Patent applications,2021,437.27341
Hong Kong (China),United States Patent and Trademark Office,Patent grants,2021,247.4893
Hong Kong (China),European Patent Office,Patent applications,2022,225.4769
Hong Kong (China),United States Patent and Trademark Office,Patent applications,2022,421.72589
India,European Patent Office,Patent applications,2009,842.17438
India,European Patent Office,Patent grants,2009,379.9346
India,United States Patent and Trademark Office,Patent applications,2009,2521.7004
India,United States Patent and Trademark Office,Patent grants,2009,1844.7028
India,European Patent Office,Patent applications,2010,1016.5748
India,European Patent Office,Patent grants,2010,502.1568
India,United States Patent and Trademark Office,Patent applications,2010,3158.6108
India,United States Patent and Trademark Office,Patent grants,2010,2350.8467
India,European Patent Office,Patent applications,2011,1144.7253
India,European Patent Office,Patent grants,2011,555.99329
India,United States Patent and Trademark Office,Patent applications,2011,3770.6179
India,United States Patent and Trademark Office,Patent grants,2011,2830.7139
India,European Patent Office,Patent applications,2012,1174.6479
India,European Patent Office,Patent grants,2012,605.31592
India,United States Patent and Trademark Office,Patent applications,2012,4248.7612
India,United States Patent and Trademark Office,Patent grants,2012,3274.7766
India,European Patent Office,Patent applications,2013,1142.0328
India,European Patent Office,Patent grants,2013,612.53772
India,United States Patent and Trademark Office,Patent applications,2013,4709.8501
India,United States Patent and Trademark Office,Patent grants,2013,3624.8311
India,European Patent Office,Patent applications,2014,1187.5403
India,European Patent Office,Patent grants,2014,675.64832
India,United States Patent and Trademark Office,Patent applications,2014,5213.9102
India,United States Patent and Trademark Office,Patent grants,2014,4108.3174
India,European Patent Office,Patent applications,2015,1357.0529
India,European Patent Office,Patent grants,2015,765.99127
India,United States Patent and Trademark Office,Patent applications,2015,5561.7612
India,United States Patent and Trademark Office,Patent grants,2015,4612.2539
India,European Patent Office,Patent applications,2016,1338.6046
India,European Patent Office,Patent grants,2016,701.44421
India,United States Patent and Trademark Office,Patent applications,2016,5623.395
India,United States Patent and Trademark Office,Patent grants,2016,4694.7891
India,European Patent Office,Patent applications,2017,1510.3949
India,European Patent Office,Patent grants,2017,770.67828
India,United States Patent and Trademark Office,Patent applications,2017,6139.4424
India,United States Patent and Trademark Office,Patent grants,2017,5281.1211
India,European Patent Office,Patent applications,2018,1652.6155
India,European Patent Office,Patent grants,2018,771.22369
India,United States Patent and Trademark Office,Patent applications,2018,6643.9048
India,United States Patent and Trademark Office,Patent grants,2018,5640.1421
India,European Patent Office,Patent applications,2019,1737.9039
India,European Patent Office,Patent grants,2019,623.52881
India,United States Patent and Trademark Office,Patent applications,2019,7224.769
India,United States Patent and Trademark Office,Patent grants,2019,5981.2085
India,European Patent Office,Patent applications,2020,1981.6985
India,European Patent Office,Patent grants,2020,511.0365
India,United States Patent and Trademark Office,Patent applications,2020,7623.0161
India,United States Patent and Trademark Office,Patent grants,2020,5812.6758
India,European Patent Office,Patent applications,2021,2063.4065
India,European Patent Office,Patent grants,2021,354.4361
India,United States Patent and Trademark Office,Patent applications,2021,8556.0977
India,United States Patent and Trademark Office,Patent grants,2021,5654.2549
India,European Patent Office,Patent applications,2022,2025.3153
India,United States Patent and Trademark Office,Patent applications,2022,7895.311
Indonesia,United States Patent and Trademark Office,Patent applications,2009,25.0742
Indonesia,United States Patent and Trademark Office,Patent grants,2009,13.1167
Indonesia,United States Patent and Trademark Office,Patent applications,2010,18.588301
Indonesia,United States Patent and Trademark Office,Patent grants,2010,11.7231
Indonesia,United States Patent and Trademark Office,Patent applications,2011,16.386101
Indonesia,United States Patent and Trademark Office,Patent grants,2011,9.1952
Indonesia,United States Patent and Trademark Office,Patent applications,2012,21.167101
Indonesia,United States Patent and Trademark Office,Patent grants,2012,13.0373
Indonesia,United States Patent and Trademark Office,Patent applications,2013,33.772202
Indonesia,United States Patent and Trademark Office,Patent grants,2013,21.927799
Indonesia,United States Patent and Trademark Office,Patent applications,2014,19.023399
Indonesia,United States Patent and Trademark Office,Patent grants,2014,12.5734
Indonesia,United States Patent and Trademark Office,Patent applications,2015,19.133301
Indonesia,United States Patent and Trademark Office,Patent grants,2015,16.2167
Indonesia,United States Patent and Trademark Office,Patent applications,2016,25.9083
Indonesia,United States Patent and Trademark Office,Patent grants,2016,18.700001
Indonesia,United States Patent and Trademark Office,Patent applications,2017,11.6524
Indonesia,United States Patent and Trademark Office,Patent grants,2017,7.0833001
Indonesia,United States Patent and Trademark Office,Patent applications,2018,11.5405
Indonesia,United States Patent and Trademark Office,Patent grants,2018,7.2070999
Indonesia,United States Patent and Trademark Office,Patent applications,2019,22.233299
Indonesia,United States Patent and Trademark Office,Patent grants,2019,13.9429
Indonesia,United States Patent and Trademark Office,Patent applications,2020,16.3358
Indonesia,United States Patent and Trademark Office,Patent grants,2020,10.8834
Indonesia,United States Patent and Trademark Office,Patent applications,2021,23.0333
Indonesia,United States Patent and Trademark Office,Patent grants,2021,6.5928998
Indonesia,United States Patent and Trademark Office,Patent applications,2022,8.8129997
Iran,European Patent Office,Patent applications,2009,3.9444001
Iran,European Patent Office,Patent grants,2009,0.36109999
Iran,World Intellectual Property Organization,Patent applications,2009,3.1111112
Iran,European Patent Office,Patent applications,2010,6.1666999
Iran,European Patent Office,Patent grants,2010,1.3333
Iran,World Intellectual Property Organization,Patent applications,2010,7.6444445
Iran,European Patent Office,Patent applications,2011,3.9166999
Iran,European Patent Office,Patent grants,2011,0.58329999
Iran,World Intellectual Property Organization,Patent applications,2011,3.9166667
Iran,European Patent Office,Patent applications,2012,4.0
Iran,European Patent Office,Patent grants,2012,2.6666999
Iran,World Intellectual Property Organization,Patent applications,2012,6.75
Iran,European Patent Office,Patent applications,2013,6.9166999
Iran,European Patent Office,Patent grants,2013,3.5833001
Iran,World Intellectual Property Organization,Patent applications,2013,9.424242
Iran,European Patent Office,Patent applications,2014,6.6582999
Iran,European Patent Office,Patent grants,2014,3.1582999
Iran,World Intellectual Property Organization,Patent applications,2014,45.041668
Iran,European Patent Office,Patent applications,2015,11.6742
Iran,European Patent Office,Patent grants,2015,3.9242001
Iran,World Intellectual Property Organization,Patent applications,2015,63.507576
Iran,European Patent Office,Patent applications,2016,9.2666998
Iran,European Patent Office,Patent grants,2016,4.7666998
Iran,World Intellectual Property Organization,Patent applications,2016,65.181816
Iran,European Patent Office,Patent applications,2017,6.8333001
Iran,European Patent Office,Patent grants,2017,1.25
Iran,World Intellectual Property Organization,Patent applications,2017,115.81667
Iran,European Patent Office,Patent applications,2018,6.5179
Iran,European Patent Office,Patent grants,2018,1.0
Iran,World Intellectual Property Organization,Patent applications,2018,151.0
Iran,European Patent Office,Patent applications,2019,11.5
Iran,European Patent Office,Patent grants,2019,3.6666999
Iran,World Intellectual Property Organization,Patent applications,2019,165.36667
Iran,European Patent Office,Patent applications,2020,10.5742
Iran,European Patent Office,Patent grants,2020,1.0
Iran,World Intellectual Property Organization,Patent applications,2020,243.21111
Iran,European Patent Office,Patent applications,2021,7.1167002
Iran,European Patent Office,Patent grants,2021,1.1667
Iran,World Intellectual Property Organization,Patent applications,2021,284.02222
Iran,European Patent Office,Patent applications,2022,9.7929001
Iran,World Intellectual Property Organization,Patent applications,2022,255.10477
Iran,World Intellectual Property Organization,Patent applications,2023,261.3447
Iran,World Intellectual Property Organization,Patent applications,2024,267.69196
Jamaica,European Patent Office,Patent applications,2009,0.0
Jamaica,European Patent Office,Patent grants,2009,0.0
Jamaica,United States Patent and Trademark Office,Patent applications,2009,0.39089999
Jamaica,United States Patent and Trademark Office,Patent grants,2009,1.3909
Jamaica,European Patent Office,Patent applications,2010,1.0
Jamaica,European Patent Office,Patent grants,2010,1.0
Jamaica,United States Patent and Trademark Office,Patent applications,2010,10.0333
Jamaica,United States Patent and Trademark Office,Patent grants,2010,7.0332999
Jamaica,European Patent Office,Patent applications,2011,0.0
Jamaica,European Patent Office,Patent grants,2011,0.0
Jamaica,United States Patent and Trademark Office,Patent applications,2011,3.0908999
Jamaica,United States Patent and Trademark Office,Patent grants,2011,3.0908999
Jamaica,European Patent Office,Patent applications,2012,0.0
Jamaica,European Patent Office,Patent grants,2012,0.0
Jamaica,United States Patent and Trademark Office,Patent applications,2012,6.4583001
Jamaica,United States Patent and Trademark Office,Patent grants,2012,3.4583001
Jamaica,European Patent Office,Patent applications,2013,3.0
Jamaica,European Patent Office,Patent grants,2013,3.0
Jamaica,United States Patent and Trademark Office,Patent applications,2013,9.0
Jamaica,United States Patent and Trademark Office,Patent grants,2013,7.0
Jamaica,European Patent Office,Patent applications,2014,0.0
Jamaica,European Patent Office,Patent grants,2014,0.0
Jamaica,United States Patent and Trademark Office,Patent applications,2014,3.5
Jamaica,United States Patent and Trademark Office,Patent grants,2014,1.5
Jamaica,European Patent Office,Patent applications,2015,0.0
Jamaica,European Patent Office,Patent grants,2015,0.0
Jamaica,United States Patent and Trademark Office,Patent applications,2015,5.5
Jamaica,United States Patent and Trademark Office,Patent grants,2015,4.5
Jamaica,European Patent Office,Patent applications,2016,0.1111
Jamaica,European Patent Office,Patent grants,2016,0.1111
Jamaica,United States Patent and Trademark Office,Patent applications,2016,3.1666999
Jamaica,United States Patent and Trademark Office,Patent grants,2016,2.3333001
Jamaica,European Patent Office,Patent applications,2017,0.0
Jamaica,European Patent Office,Patent grants,2017,0.0
Jamaica,United States Patent and Trademark Office,Patent applications,2017,2.75
Jamaica,United States Patent and Trademark Office,Patent grants,2017,1.75
Jamaica,European Patent Office,Patent applications,2018,0.0
Jamaica,European Patent Office,Patent grants,2018,0.0
Jamaica,United States Patent and Trademark Office,Patent applications,2018,4.0
Jamaica,United States Patent and Trademark Office,Patent grants,2018,3.0
Jamaica,European Patent Office,Patent applications,2019,0.0
Jamaica,European Patent Office,Patent grants,2019,0.0
Jamaica,United States Patent and Trademark Office,Patent applications,2019,0.0
Jamaica,United States Patent and Trademark Office,Patent grants,2019,0.0
Jamaica,European Patent Office,Patent applications,2020,1.4762
Jamaica,European Patent Office,Patent grants,2020,0.0
Jamaica,United States Patent and Trademark Office,Patent applications,2020,1.7857
Jamaica,United States Patent and Trademark Office,Patent grants,2020,0.64289999
Jamaica,European Patent Office,Patent applications,2021,0.0
Jamaica,European Patent Office,Patent grants,2021,0.0
Jamaica,United States Patent and Trademark Office,Patent applications,2021,3.1429
Jamaica,United States Patent and Trademark Office,Patent grants,2021,0.5
Jamaica,European Patent Office,Patent applications,2022,0.0
Jamaica,United States Patent and Trademark Office,Patent applications,2022,2.5
Jordan,European Patent Office,Patent applications,2009,1.25
Jordan,European Patent Office,Patent grants,2009,0.25
Jordan,World Intellectual Property Organization,Patent applications,2009,0.5
Jordan,United States Patent and Trademark Office,Patent applications,2009,2.6166999
Jordan,United States Patent and Trademark Office,Patent grants,2009,2.2832999
Jordan,European Patent Office,Patent applications,2010,1.8333
Jordan,European Patent Office,Patent grants,2010,0.83329999
Jordan,World Intellectual Property Organization,Patent applications,2010,2.5
Jordan,United States Patent and Trademark Office,Patent applications,2010,5.8167
Jordan,United States Patent and Trademark Office,Patent grants,2010,3.4166999
Jordan,European Patent Office,Patent applications,2011,6.5
Jordan,European Patent Office,Patent grants,2011,2.6666999
Jordan,World Intellectual Property Organization,Patent applications,2011,3.1666667
Jordan,United States Patent and Trademark Office,Patent applications,2011,20.35
Jordan,United States Patent and Trademark Office,Patent grants,2011,12.85
Jordan,European Patent Office,Patent applications,2012,7.25
Jordan,European Patent Office,Patent grants,2012,4.0
Jordan,World Intellectual Property Organization,Patent applications,2012,6.75
Jordan,United States Patent and Trademark Office,Patent applications,2012,15.4083
Jordan,United States Patent and Trademark Office,Patent grants,2012,10.075
Jordan,European Patent Office,Patent applications,2013,6.0
Jordan,European Patent Office,Patent grants,2013,3.25
Jordan,World Intellectual Property Organization,Patent applications,2013,3.25
Jordan,United States Patent and Trademark Office,Patent applications,2013,17.4167
Jordan,United States Patent and Trademark Office,Patent grants,2013,9.75
Jordan,European Patent Office,Patent applications,2014,2.5
Jordan,European Patent Office,Patent grants,2014,2.0
Jordan,World Intellectual Property Organization,Patent applications,2014,3.3333333
Jordan,United States Patent and Trademark Office,Patent applications,2014,11.3333
Jordan,United States Patent and Trademark Office,Patent grants,2014,7.3333001
Jordan,European Patent Office,Patent applications,2015,3.0
Jordan,European Patent Office,Patent grants,2015,2.0
Jordan,World Intellectual Property Organization,Patent applications,2015,1.5
Jordan,United States Patent and Trademark Office,Patent applications,2015,11.6111
Jordan,United States Patent and Trademark Office,Patent grants,2015,7.1111002
Jordan,European Patent Office,Patent applications,2016,1.75
Jordan,European Patent Office,Patent grants,2016,0.25
Jordan,World Intellectual Property Organization,Patent applications,2016,4.8333335
Jordan,United States Patent and Trademark Office,Patent applications,2016,29.116699
Jordan,United States Patent and Trademark Office,Patent grants,2016,13.6167
Jordan,European Patent Office,Patent applications,2017,2.45
Jordan,European Patent Office,Patent grants,2017,0.25
Jordan,World Intellectual Property Organization,Patent applications,2017,8.6999998
Jordan,United States Patent and Trademark Office,Patent applications,2017,15.4667
Jordan,United States Patent and Trademark Office,Patent grants,2017,14.2833
Jordan,European Patent Office,Patent applications,2018,1.0
Jordan,European Patent Office,Patent grants,2018,1.0
Jordan,World Intellectual Property Organization,Patent applications,2018,19.666666
Jordan,United States Patent and Trademark Office,Patent applications,2018,12.2833
Jordan,United States Patent and Trademark Office,Patent grants,2018,6.5
Jordan,European Patent Office,Patent applications,2019,2.5
Jordan,European Patent Office,Patent grants,2019,2.0
Jordan,World Intellectual Property Organization,Patent applications,2019,14.5
Jordan,United States Patent and Trademark Office,Patent applications,2019,13.75
Jordan,United States Patent and Trademark Office,Patent grants,2019,7.75
Jordan,European Patent Office,Patent applications,2020,4.5
Jordan,European Patent Office,Patent grants,2020,2.0
Jordan,World Intellectual Property Organization,Patent applications,2020,20.833334
Jordan,United States Patent and Trademark Office,Patent applications,2020,4.6429
Jordan,United States Patent and Trademark Office,Patent grants,2020,2.0
Jordan,European Patent Office,Patent applications,2021,3.6666999
Jordan,European Patent Office,Patent grants,2021,0.0
Jordan,World Intellectual Property Organization,Patent applications,2021,27.666666
Jordan,United States Patent and Trademark Office,Patent applications,2021,13.9762
Jordan,United States Patent and Trademark Office,Patent grants,2021,5.4166999
Jordan,European Patent Office,Patent applications,2022,5.0
Jordan,World Intellectual Property Organization,Patent applications,2022,19.416666
Jordan,United States Patent and Trademark Office,Patent applications,2022,10.8429
Jordan,World Intellectual Property Organization,Patent applications,2023,23.552418
Jordan,World Intellectual Property Organization,Patent applications,2024,23.604359
Kazakhstan,European Patent Office,Patent applications,2009,2.7272999
Kazakhstan,European Patent Office,Patent grants,2009,1.0
Kazakhstan,World Intellectual Property Organization,Patent applications,2009,23.647907
Kazakhstan,United States Patent and Trademark Office,Patent grants,2009,2.5833001
Kazakhstan,European Patent Office,Patent applications,2010,6.2381001
Kazakhstan,European Patent Office,Patent grants,2010,2.5713999
Kazakhstan,World Intellectual Property Organization,Patent applications,2010,19.821428
Kazakhstan,United States Patent and Trademark Office,Patent grants,2010,4.7714
Kazakhstan,European Patent Office,Patent applications,2011,6.3667002
Kazakhstan,European Patent Office,Patent grants,2011,5.1167002
Kazakhstan,World Intellectual Property Organization,Patent applications,2011,15.116667
Kazakhstan,United States Patent and Trademark Office,Patent grants,2011,2.0
Kazakhstan,European Patent Office,Patent applications,2012,7.1429
Kazakhstan,European Patent Office,Patent grants,2012,4.9762001
Kazakhstan,World Intellectual Property Organization,Patent applications,2012,17.809525
Kazakhstan,United States Patent and Trademark Office,Patent grants,2012,6.2832999
Kazakhstan,European Patent Office,Patent applications,2013,7.0
Kazakhstan,European Patent Office,Patent grants,2013,4.0
Kazakhstan,World Intellectual Property Organization,Patent applications,2013,31.333334
Kazakhstan,United States Patent and Trademark Office,Patent grants,2013,3.0
Kazakhstan,European Patent Office,Patent applications,2014,3.2
Kazakhstan,European Patent Office,Patent grants,2014,1.2
Kazakhstan,World Intellectual Property Organization,Patent applications,2014,15.1
Kazakhstan,United States Patent and Trademark Office,Patent grants,2014,3.0667
Kazakhstan,European Patent Office,Patent applications,2015,7.8611002
Kazakhstan,European Patent Office,Patent grants,2015,2.1111
Kazakhstan,World Intellectual Property Organization,Patent applications,2015,25.777779
Kazakhstan,United States Patent and Trademark Office,Patent grants,2015,3.9361
Kazakhstan,European Patent Office,Patent applications,2016,3.5
Kazakhstan,European Patent Office,Patent grants,2016,3.5
Kazakhstan,World Intellectual Property Organization,Patent applications,2016,21.633333
Kazakhstan,United States Patent and Trademark Office,Patent grants,2016,7.1999998
Kazakhstan,European Patent Office,Patent applications,2017,3.5908999
Kazakhstan,European Patent Office,Patent grants,2017,2.25
Kazakhstan,World Intellectual Property Organization,Patent applications,2017,26.861111
Kazakhstan,United States Patent and Trademark Office,Patent grants,2017,4.5833001
Kazakhstan,European Patent Office,Patent applications,2018,3.0
Kazakhstan,European Patent Office,Patent grants,2018,1.0
Kazakhstan,World Intellectual Property Organization,Patent applications,2018,24.357143
Kazakhstan,United States Patent and Trademark Office,Patent grants,2018,6.0166998
Kazakhstan,European Patent Office,Patent applications,2019,2.4333
Kazakhstan,European Patent Office,Patent grants,2019,1.0
Kazakhstan,World Intellectual Property Organization,Patent applications,2019,24.377777
Kazakhstan,United States Patent and Trademark Office,Patent grants,2019,3.0179
Kazakhstan,European Patent Office,Patent applications,2020,0.076899998
Kazakhstan,European Patent Office,Patent grants,2020,0.0
Kazakhstan,World Intellectual Property Organization,Patent applications,2020,35.356686
Kazakhstan,United States Patent and Trademark Office,Patent grants,2020,4.2856998
Kazakhstan,European Patent Office,Patent applications,2021,3.0833001
Kazakhstan,European Patent Office,Patent grants,2021,0.0
Kazakhstan,World Intellectual Property Organization,Patent applications,2021,31.950001
Kazakhstan,United States Patent and Trademark Office,Patent grants,2021,3.0
Kazakhstan,European Patent Office,Patent applications,2022,3.575
Kazakhstan,World Intellectual Property Organization,Patent applications,2022,18.957144
Kazakhstan,World Intellectual Property Organization,Patent applications,2023,27.792166
Kazakhstan,World Intellectual Property Organization,Patent applications,2024,26.288839
Kenya,European Patent Office,Patent applications,2009,1.0
Kenya,European Patent Office,Patent grants,2009,0.0
Kenya,World Intellectual Property Organization,Patent applications,2009,4.0
Kenya,United States Patent and Trademark Office,Patent applications,2009,3.9909
Kenya,European Patent Office,Patent applications,2010,3.0
Kenya,European Patent Office,Patent grants,2010,2.0
Kenya,World Intellectual Property Organization,Patent applications,2010,5.6333332
Kenya,United States Patent and Trademark Office,Patent applications,2010,13.3167
Kenya,European Patent Office,Patent applications,2011,0.58329999
Kenya,European Patent Office,Patent grants,2011,0.58329999
Kenya,World Intellectual Property Organization,Patent applications,2011,8.7166662
Kenya,United States Patent and Trademark Office,Patent applications,2011,10.754
Kenya,European Patent Office,Patent applications,2012,3.8333001
Kenya,European Patent Office,Patent grants,2012,0.83329999
Kenya,World Intellectual Property Organization,Patent applications,2012,9.833333
Kenya,United States Patent and Trademark Office,Patent applications,2012,8.8140001
Kenya,European Patent Office,Patent applications,2013,3.0929
Kenya,European Patent Office,Patent grants,2013,0.64289999
Kenya,World Intellectual Property Organization,Patent applications,2013,8.3785715
Kenya,United States Patent and Trademark Office,Patent applications,2013,9.4813995
Kenya,European Patent Office,Patent applications,2014,2.0
Kenya,European Patent Office,Patent grants,2014,1.0
Kenya,World Intellectual Property Organization,Patent applications,2014,11.25
Kenya,United States Patent and Trademark Office,Patent applications,2014,7.1111002
Kenya,European Patent Office,Patent applications,2015,2.6666999
Kenya,European Patent Office,Patent grants,2015,0.0
Kenya,World Intellectual Property Organization,Patent applications,2015,10.666667
Kenya,United States Patent and Trademark Office,Patent applications,2015,8.7559996
Kenya,European Patent Office,Patent applications,2016,2.0
Kenya,European Patent Office,Patent grants,2016,1.0
Kenya,World Intellectual Property Organization,Patent applications,2016,8.3000002
Kenya,United States Patent and Trademark Office,Patent applications,2016,27.766701
Kenya,European Patent Office,Patent applications,2017,1.2
Kenya,European Patent Office,Patent grants,2017,0.2
Kenya,World Intellectual Property Organization,Patent applications,2017,7.5833335
Kenya,United States Patent and Trademark Office,Patent applications,2017,38.415901
Kenya,European Patent Office,Patent applications,2018,1.2857
Kenya,European Patent Office,Patent grants,2018,0.0
Kenya,World Intellectual Property Organization,Patent applications,2018,5.7809525
Kenya,United States Patent and Trademark Office,Patent applications,2018,25.5968
Kenya,European Patent Office,Patent applications,2019,0.0
Kenya,European Patent Office,Patent grants,2019,0.0
Kenya,World Intellectual Property Organization,Patent applications,2019,3.6666667
Kenya,United States Patent and Trademark Office,Patent applications,2019,21.177401
Kenya,European Patent Office,Patent applications,2020,0.0
Kenya,European Patent Office,Patent grants,2020,0.0
Kenya,World Intellectual Property Organization,Patent applications,2020,10.166667
Kenya,United States Patent and Trademark Office,Patent applications,2020,16.252399
Kenya,European Patent Office,Patent applications,2021,2.25
Kenya,European Patent Office,Patent grants,2021,0.25
Kenya,World Intellectual Property Organization,Patent applications,2021,5.5952382
Kenya,United States Patent and Trademark Office,Patent applications,2021,14.0087
Kenya,European Patent Office,Patent applications,2022,0.33329999
Kenya,World Intellectual Property Organization,Patent applications,2022,4.5166669
Kenya,United States Patent and Trademark Office,Patent applications,2022,8.7004004
Kenya,World Intellectual Property Organization,Patent applications,2023,5.9307446
Kenya,World Intellectual Property Organization,Patent applications,2024,5.3642387
Kuwait,European Patent Office,Patent applications,2009,1.2
Kuwait,European Patent Office,Patent grants,2009,0.2
Kuwait,United States Patent and Trademark Office,Patent applications,2009,25.866699
Kuwait,United States Patent and Trademark Office,Patent grants,2009,20.6667
Kuwait,European Patent Office,Patent applications,2010,1.5
Kuwait,European Patent Office,Patent grants,2010,0.0
Kuwait,United States Patent and Trademark Office,Patent applications,2010,45.5
Kuwait,United States Patent and Trademark Office,Patent grants,2010,40.5
Kuwait,European Patent Office,Patent applications,2011,2.0
Kuwait,European Patent Office,Patent grants,2011,2.0
Kuwait,United States Patent and Trademark Office,Patent applications,2011,67.650002
Kuwait,United States Patent and Trademark Office,Patent grants,2011,42.900002
Kuwait,European Patent Office,Patent applications,2012,7.8095002
Kuwait,European Patent Office,Patent grants,2012,5.8095002
Kuwait,United States Patent and Trademark Office,Patent applications,2012,57.642899
Kuwait,United States Patent and Trademark Office,Patent grants,2012,65.309502
Kuwait,European Patent Office,Patent applications,2013,4.3333001
Kuwait,European Patent Office,Patent grants,2013,4.3333001
Kuwait,United States Patent and Trademark Office,Patent applications,2013,31.75
Kuwait,United States Patent and Trademark Office,Patent grants,2013,64.416702
Kuwait,European Patent Office,Patent applications,2014,7.3333001
Kuwait,European Patent Office,Patent grants,2014,6.6666999
Kuwait,United States Patent and Trademark Office,Patent applications,2014,27.2917
Kuwait,United States Patent and Trademark Office,Patent grants,2014,58.708302
Kuwait,European Patent Office,Patent applications,2015,6.25
Kuwait,European Patent Office,Patent grants,2015,5.25
Kuwait,United States Patent and Trademark Office,Patent applications,2015,21.5
Kuwait,United States Patent and Trademark Office,Patent grants,2015,48.0
Kuwait,European Patent Office,Patent applications,2016,3.0
Kuwait,European Patent Office,Patent grants,2016,1.0
Kuwait,United States Patent and Trademark Office,Patent applications,2016,26.6667
Kuwait,United States Patent and Trademark Office,Patent grants,2016,53.666698
Kuwait,European Patent Office,Patent applications,2017,1.0
Kuwait,European Patent Office,Patent grants,2017,0.0
Kuwait,United States Patent and Trademark Office,Patent applications,2017,34.375
Kuwait,United States Patent and Trademark Office,Patent grants,2017,35.375
Kuwait,European Patent Office,Patent applications,2018,6.3333001
Kuwait,European Patent Office,Patent grants,2018,3.3333001
Kuwait,United States Patent and Trademark Office,Patent applications,2018,14.2083
Kuwait,United States Patent and Trademark Office,Patent grants,2018,23.5417
Kuwait,European Patent Office,Patent applications,2019,3.0
Kuwait,European Patent Office,Patent grants,2019,1.0
Kuwait,United States Patent and Trademark Office,Patent applications,2019,17.6
Kuwait,United States Patent and Trademark Office,Patent grants,2019,33.599998
Kuwait,European Patent Office,Patent applications,2020,0.2
Kuwait,European Patent Office,Patent grants,2020,0.2
Kuwait,United States Patent and Trademark Office,Patent applications,2020,15.0333
Kuwait,United States Patent and Trademark Office,Patent grants,2020,18.5333
Kuwait,European Patent Office,Patent applications,2021,4.0110998
Kuwait,European Patent Office,Patent grants,2021,0.89999998
Kuwait,United States Patent and Trademark Office,Patent applications,2021,19.8444
Kuwait,United States Patent and Trademark Office,Patent grants,2021,23.0
Kuwait,European Patent Office,Patent applications,2022,0.0
Kuwait,United States Patent and Trademark Office,Patent applications,2022,10.7857
Lebanon,European Patent Office,Patent applications,2009,4.3667002
Lebanon,European Patent Office,Patent grants,2009,3.8333001
Lebanon,World Intellectual Property Organization,Patent applications,2009,5.0333333
Lebanon,European Patent Office,Patent applications,2010,10.5833
Lebanon,European Patent Office,Patent grants,2010,2.8333001
Lebanon,World Intellectual Property Organization,Patent applications,2010,8.1999998
Lebanon,European Patent Office,Patent applications,2011,3.8929
Lebanon,European Patent Office,Patent grants,2011,2.5833001
Lebanon,World Intellectual Property Organization,Patent applications,2011,6.7539682
Lebanon,European Patent Office,Patent applications,2012,6.6429
Lebanon,European Patent Office,Patent grants,2012,3.4762001
Lebanon,World Intellectual Property Organization,Patent applications,2012,8.3928576
Lebanon,European Patent Office,Patent applications,2013,5.5075998
Lebanon,European Patent Office,Patent grants,2013,3.6408999
Lebanon,World Intellectual Property Organization,Patent applications,2013,5.340909
Lebanon,European Patent Office,Patent applications,2014,8.3429003
Lebanon,European Patent Office,Patent grants,2014,3.6166999
Lebanon,World Intellectual Property Organization,Patent applications,2014,16.37619
Lebanon,European Patent Office,Patent applications,2015,9.3332996
Lebanon,European Patent Office,Patent grants,2015,4.5833001
Lebanon,World Intellectual Property Organization,Patent applications,2015,10.0
Lebanon,European Patent Office,Patent applications,2016,5.5166998
Lebanon,European Patent Office,Patent grants,2016,4.9000001
Lebanon,World Intellectual Property Organization,Patent applications,2016,8.9277782
Lebanon,European Patent Office,Patent applications,2017,10.4095
Lebanon,European Patent Office,Patent grants,2017,4.3667002
Lebanon,World Intellectual Property Organization,Patent applications,2017,16.152382
Lebanon,European Patent Office,Patent applications,2018,12.3512
Lebanon,European Patent Office,Patent grants,2018,6.5833001
Lebanon,World Intellectual Property Organization,Patent applications,2018,20.309525
Lebanon,European Patent Office,Patent applications,2019,9.7909002
Lebanon,European Patent Office,Patent grants,2019,1.6667
Lebanon,World Intellectual Property Organization,Patent applications,2019,10.290909
Lebanon,European Patent Office,Patent applications,2020,12.9143
Lebanon,European Patent Office,Patent grants,2020,2.1524
Lebanon,World Intellectual Property Organization,Patent applications,2020,15.414286
Lebanon,European Patent Office,Patent applications,2021,8.25
Lebanon,European Patent Office,Patent grants,2021,0.33329999
Lebanon,World Intellectual Property Organization,Patent applications,2021,14.708333
Lebanon,European Patent Office,Patent applications,2022,1.25
Lebanon,World Intellectual Property Organization,Patent applications,2022,9.2261906
Lebanon,World Intellectual Property Organization,Patent applications,2023,13.182243
Lebanon,World Intellectual Property Organization,Patent applications,2024,12.400689
Liechtenstein,World Intellectual Property Organization,Patent applications,2009,12.383333
Liechtenstein,United States Patent and Trademark Office,Patent applications,2009,23.3167
Liechtenstein,United States Patent and Trademark Office,Patent grants,2009,18.5333
Liechtenstein,World Intellectual Property Organization,Patent applications,2010,25.700001
Liechtenstein,United States Patent and Trademark Office,Patent applications,2010,36.668999
Liechtenstein,United States Patent and Trademark Office,Patent grants,2010,25.402399
Liechtenstein,World Intellectual Property Organization,Patent applications,2011,22.969048
Liechtenstein,United States Patent and Trademark Office,Patent applications,2011,29.719
Liechtenstein,United States Patent and Trademark Office,Patent grants,2011,25.819
Liechtenstein,World Intellectual Property Organization,Patent applications,2012,27.576191
Liechtenstein,United States Patent and Trademark Office,Patent applications,2012,25.370501
Liechtenstein,United States Patent and Trademark Office,Patent grants,2012,19.6679
Liechtenstein,World Intellectual Property Organization,Patent applications,2013,49.438492
Liechtenstein,United States Patent and Trademark Office,Patent applications,2013,38.3246
Liechtenstein,United States Patent and Trademark Office,Patent grants,2013,29.7579
Liechtenstein,World Intellectual Property Organization,Patent applications,2014,27.588888
Liechtenstein,United States Patent and Trademark Office,Patent applications,2014,28.927799
Liechtenstein,United States Patent and Trademark Office,Patent grants,2014,18.8944
Liechtenstein,World Intellectual Property Organization,Patent applications,2015,36.227383
Liechtenstein,United States Patent and Trademark Office,Patent applications,2015,27.427401
Liechtenstein,United States Patent and Trademark Office,Patent grants,2015,18.6607
Liechtenstein,World Intellectual Property Organization,Patent applications,2016,32.709522
Liechtenstein,United States Patent and Trademark Office,Patent applications,2016,28.770599
Liechtenstein,United States Patent and Trademark Office,Patent grants,2016,24.450001
Liechtenstein,World Intellectual Property Organization,Patent applications,2017,31.405556
Liechtenstein,United States Patent and Trademark Office,Patent applications,2017,32.088902
Liechtenstein,United States Patent and Trademark Office,Patent grants,2017,22.2222
Liechtenstein,World Intellectual Property Organization,Patent applications,2018,33.633335
Liechtenstein,United States Patent and Trademark Office,Patent applications,2018,34.799999
Liechtenstein,United States Patent and Trademark Office,Patent grants,2018,24.450001
Liechtenstein,World Intellectual Property Organization,Patent applications,2019,18.216667
Liechtenstein,United States Patent and Trademark Office,Patent applications,2019,20.6833
Liechtenstein,United States Patent and Trademark Office,Patent grants,2019,13.5667
Liechtenstein,World Intellectual Property Organization,Patent applications,2020,22.910715
Liechtenstein,United States Patent and Trademark Office,Patent applications,2020,14.4512
Liechtenstein,United States Patent and Trademark Office,Patent grants,2020,3.8666999
Liechtenstein,World Intellectual Property Organization,Patent applications,2021,26.325794
Liechtenstein,United States Patent and Trademark Office,Patent applications,2021,22.573
Liechtenstein,United States Patent and Trademark Office,Patent grants,2021,3.55
Liechtenstein,World Intellectual Property Organization,Patent applications,2022,15.321465
Liechtenstein,United States Patent and Trademark Office,Patent applications,2022,16.0429
Liechtenstein,World Intellectual Property Organization,Patent applications,2023,20.392029
Liechtenstein,World Intellectual Property Organization,Patent applications,2024,20.719357
Malaysia,European Patent Office,Patent applications,2009,89.947098
Malaysia,European Patent Office,Patent grants,2009,44.319698
Malaysia,World Intellectual Property Organization,Patent applications,2009,309.11511
Malaysia,United States Patent and Trademark Office,Patent applications,2009,290.5401
Malaysia,United States Patent and Trademark Office,Patent grants,2009,198.8242
Malaysia,European Patent Office,Patent applications,2010,66.101196
Malaysia,European Patent Office,Patent grants,2010,33.3381
Malaysia,World Intellectual Property Organization,Patent applications,2010,383.75714
Malaysia,United States Patent and Trademark Office,Patent applications,2010,273.1723
Malaysia,United States Patent and Trademark Office,Patent grants,2010,240.13541
Malaysia,European Patent Office,Patent applications,2011,56.889702
Malaysia,European Patent Office,Patent grants,2011,26.7087
Malaysia,World Intellectual Property Organization,Patent applications,2011,358.24454
Malaysia,United States Patent and Trademark Office,Patent applications,2011,274.3143
Malaysia,United States Patent and Trademark Office,Patent grants,2011,216.7417
Malaysia,European Patent Office,Patent applications,2012,81.695503
Malaysia,European Patent Office,Patent grants,2012,46.287102
Malaysia,World Intellectual Property Organization,Patent applications,2012,343.5546
Malaysia,United States Patent and Trademark Office,Patent applications,2012,277.76611
Malaysia,United States Patent and Trademark Office,Patent grants,2012,229.9606
Malaysia,European Patent Office,Patent applications,2013,66.152199
Malaysia,European Patent Office,Patent grants,2013,29.649401
Malaysia,World Intellectual Property Organization,Patent applications,2013,346.08844
Malaysia,United States Patent and Trademark Office,Patent applications,2013,300.38669
Malaysia,United States Patent and Trademark Office,Patent grants,2013,246.1188
Malaysia,European Patent Office,Patent applications,2014,71.952904
Malaysia,European Patent Office,Patent grants,2014,42.7206
Malaysia,World Intellectual Property Organization,Patent applications,2014,306.50308
Malaysia,United States Patent and Trademark Office,Patent applications,2014,355.50449
Malaysia,United States Patent and Trademark Office,Patent grants,2014,293.73581
Malaysia,European Patent Office,Patent applications,2015,78.696404
Malaysia,European Patent Office,Patent grants,2015,43.208302
Malaysia,World Intellectual Property Organization,Patent applications,2015,270.4512
Malaysia,United States Patent and Trademark Office,Patent applications,2015,286.86301
Malaysia,United States Patent and Trademark Office,Patent grants,2015,234.8705
Malaysia,European Patent Office,Patent applications,2016,62.8512
Malaysia,European Patent Office,Patent grants,2016,29.8151
Malaysia,World Intellectual Property Organization,Patent applications,2016,297.38214
Malaysia,United States Patent and Trademark Office,Patent applications,2016,302.40329
Malaysia,United States Patent and Trademark Office,Patent grants,2016,267.7644
Malaysia,European Patent Office,Patent applications,2017,61.545601
Malaysia,European Patent Office,Patent grants,2017,25.495199
Malaysia,World Intellectual Property Organization,Patent applications,2017,249.66606
Malaysia,United States Patent and Trademark Office,Patent applications,2017,323.84189
Malaysia,United States Patent and Trademark Office,Patent grants,2017,266.3862
Malaysia,European Patent Office,Patent applications,2018,52.052799
Malaysia,European Patent Office,Patent grants,2018,25.935699
Malaysia,World Intellectual Property Organization,Patent applications,2018,235.81468
Malaysia,United States Patent and Trademark Office,Patent applications,2018,308.70239
Malaysia,United States Patent and Trademark Office,Patent grants,2018,247.2905
Malaysia,European Patent Office,Patent applications,2019,79.620201
Malaysia,European Patent Office,Patent grants,2019,23.299999
Malaysia,World Intellectual Property Organization,Patent applications,2019,244.78134
Malaysia,United States Patent and Trademark Office,Patent applications,2019,305.495
Malaysia,United States Patent and Trademark Office,Patent grants,2019,243.3295
Malaysia,European Patent Office,Patent applications,2020,72.050797
Malaysia,European Patent Office,Patent grants,2020,16.3111
Malaysia,World Intellectual Property Organization,Patent applications,2020,203.73154
Malaysia,United States Patent and Trademark Office,Patent applications,2020,293.81281
Malaysia,United States Patent and Trademark Office,Patent grants,2020,217.4669
Malaysia,European Patent Office,Patent applications,2021,86.172302
Malaysia,European Patent Office,Patent grants,2021,9.8285999
Malaysia,World Intellectual Property Organization,Patent applications,2021,197.98697
Malaysia,United States Patent and Trademark Office,Patent applications,2021,270.444
Malaysia,United States Patent and Trademark Office,Patent grants,2021,156.64259
Malaysia,European Patent Office,Patent applications,2022,64.991699
Malaysia,World Intellectual Property Organization,Patent applications,2022,153.3369
Malaysia,United States Patent and Trademark Office,Patent applications,2022,262.84061
Malaysia,World Intellectual Property Organization,Patent applications,2023,172.28137
Malaysia,World Intellectual Property Organization,Patent applications,2024,175.02278
Malta,European Patent Office,Patent applications,2009,7.8048
Malta,European Patent Office,Patent grants,2009,4.4047999
Malta,World Intellectual Property Organization,Patent applications,2009,2.2333333
Malta,United States Patent and Trademark Office,Patent grants,2009,4.0237999
Malta,European Patent Office,Patent applications,2010,3.5
Malta,European Patent Office,Patent grants,2010,0.0
Malta,World Intellectual Property Organization,Patent applications,2010,6.5
Malta,United States Patent and Trademark Office,Patent grants,2010,0.33329999
Malta,European Patent Office,Patent applications,2011,1.4242001
Malta,European Patent Office,Patent grants,2011,0.0
Malta,World Intellectual Property Organization,Patent applications,2011,2.090909
Malta,United States Patent and Trademark Office,Patent grants,2011,6.3333001
Malta,European Patent Office,Patent applications,2012,5.5
Malta,European Patent Office,Patent grants,2012,2.0
Malta,World Intellectual Property Organization,Patent applications,2012,7.6666665
Malta,United States Patent and Trademark Office,Patent grants,2012,6.0833001
Malta,European Patent Office,Patent applications,2013,6.1999998
Malta,European Patent Office,Patent grants,2013,2.3333001
Malta,World Intellectual Property Organization,Patent applications,2013,8.6333332
Malta,United States Patent and Trademark Office,Patent grants,2013,8.8332996
Malta,European Patent Office,Patent applications,2014,15.3333
Malta,European Patent Office,Patent grants,2014,6.5
Malta,World Intellectual Property Organization,Patent applications,2014,14.916667
Malta,United States Patent and Trademark Office,Patent grants,2014,15.4167
Malta,European Patent Office,Patent applications,2015,14.6667
Malta,European Patent Office,Patent grants,2015,5.3333001
Malta,World Intellectual Property Organization,Patent applications,2015,11.5
Malta,United States Patent and Trademark Office,Patent grants,2015,13.7083
Malta,European Patent Office,Patent applications,2016,17.4667
Malta,European Patent Office,Patent grants,2016,9.9666996
Malta,World Intellectual Property Organization,Patent applications,2016,21.466667
Malta,United States Patent and Trademark Office,Patent grants,2016,12.4167
Malta,European Patent Office,Patent applications,2017,15.4121
Malta,European Patent Office,Patent grants,2017,4.1999998
Malta,World Intellectual Property Organization,Patent applications,2017,16.676191
Malta,United States Patent and Trademark Office,Patent grants,2017,14.4167
Malta,European Patent Office,Patent applications,2018,15.1429
Malta,European Patent Office,Patent grants,2018,5.5
Malta,World Intellectual Property Organization,Patent applications,2018,16.976191
Malta,United States Patent and Trademark Office,Patent grants,2018,17.950001
Malta,European Patent Office,Patent applications,2019,18.6429
Malta,European Patent Office,Patent grants,2019,5.5
Malta,World Intellectual Property Organization,Patent applications,2019,21.642857
Malta,United States Patent and Trademark Office,Patent grants,2019,24.592899
Malta,European Patent Office,Patent applications,2020,32.966702
Malta,European Patent Office,Patent grants,2020,1.0
Malta,World Intellectual Property Organization,Patent applications,2020,30.0
Malta,United States Patent and Trademark Office,Patent grants,2020,29.9167
Malta,European Patent Office,Patent applications,2021,24.4
Malta,European Patent Office,Patent grants,2021,3.25
Malta,World Intellectual Property Organization,Patent applications,2021,31.450001
Malta,United States Patent and Trademark Office,Patent grants,2021,13.2333
Malta,European Patent Office,Patent applications,2022,14.8833
Malta,World Intellectual Property Organization,Patent applications,2022,20.1
Malta,World Intellectual Property Organization,Patent applications,2023,24.769461
Malta,World Intellectual Property Organization,Patent applications,2024,25.495081
Moldova,European Patent Office,Patent applications,2009,0.25
Moldova,European Patent Office,Patent grants,2009,0.25
Moldova,World Intellectual Property Organization,Patent applications,2009,1.75
Moldova,United States Patent and Trademark Office,Patent applications,2009,0.25
Moldova,United States Patent and Trademark Office,Patent grants,2009,0.33329999
Moldova,European Patent Office,Patent applications,2010,0.33329999
Moldova,European Patent Office,Patent grants,2010,0.33329999
Moldova,World Intellectual Property Organization,Patent applications,2010,1.6666666
Moldova,United States Patent and Trademark Office,Patent applications,2010,0.2
Moldova,United States Patent and Trademark Office,Patent grants,2010,0.2
Moldova,European Patent Office,Patent applications,2011,2.2
Moldova,European Patent Office,Patent grants,2011,1.0
Moldova,World Intellectual Property Organization,Patent applications,2011,4.8333335
Moldova,United States Patent and Trademark Office,Patent applications,2011,3.0
Moldova,United States Patent and Trademark Office,Patent grants,2011,1.0
Moldova,European Patent Office,Patent applications,2012,1.4167
Moldova,European Patent Office,Patent grants,2012,0.16670001
Moldova,World Intellectual Property Organization,Patent applications,2012,3.4166667
Moldova,United States Patent and Trademark Office,Patent applications,2012,1.9
Moldova,United States Patent and Trademark Office,Patent grants,2012,0.92860001
Moldova,European Patent Office,Patent applications,2013,0.0
Moldova,European Patent Office,Patent grants,2013,0.0
Moldova,World Intellectual Property Organization,Patent applications,2013,1.3333334
Moldova,United States Patent and Trademark Office,Patent applications,2013,5.4166999
Moldova,United States Patent and Trademark Office,Patent grants,2013,4.9166999
Moldova,European Patent Office,Patent applications,2014,1.1429
Moldova,European Patent Office,Patent grants,2014,0.1429
Moldova,World Intellectual Property Organization,Patent applications,2014,5.1428571
Moldova,United States Patent and Trademark Office,Patent applications,2014,0.97619998
Moldova,United States Patent and Trademark Office,Patent grants,2014,0.64289999
Moldova,European Patent Office,Patent applications,2015,3.3333001
Moldova,European Patent Office,Patent grants,2015,2.3333001
Moldova,World Intellectual Property Organization,Patent applications,2015,11.333333
Moldova,United States Patent and Trademark Office,Patent applications,2015,4.0118999
Moldova,United States Patent and Trademark Office,Patent grants,2015,3.7262001
Moldova,European Patent Office,Patent applications,2016,2.5
Moldova,European Patent Office,Patent grants,2016,1.0
Moldova,World Intellectual Property Organization,Patent applications,2016,12.642858
Moldova,United States Patent and Trademark Office,Patent applications,2016,4.1429
Moldova,United States Patent and Trademark Office,Patent grants,2016,2.75
Moldova,European Patent Office,Patent applications,2017,3.25
Moldova,European Patent Office,Patent grants,2017,2.0
Moldova,World Intellectual Property Organization,Patent applications,2017,3.8333333
Moldova,United States Patent and Trademark Office,Patent applications,2017,2.9333
Moldova,United States Patent and Trademark Office,Patent grants,2017,2.0
Moldova,European Patent Office,Patent applications,2018,2.2
Moldova,European Patent Office,Patent grants,2018,1.1
Moldova,World Intellectual Property Organization,Patent applications,2018,8.166667
Moldova,United States Patent and Trademark Office,Patent applications,2018,0.41670001
Moldova,United States Patent and Trademark Office,Patent grants,2018,0.25
Moldova,European Patent Office,Patent applications,2019,0.0
Moldova,European Patent Office,Patent grants,2019,0.0
Moldova,World Intellectual Property Organization,Patent applications,2019,6.0
Moldova,United States Patent and Trademark Office,Patent applications,2019,1.1429
Moldova,United States Patent and Trademark Office,Patent grants,2019,1.0
Moldova,European Patent Office,Patent applications,2020,1.6
Moldova,European Patent Office,Patent grants,2020,1.5
Moldova,World Intellectual Property Organization,Patent applications,2020,3.8333333
Moldova,United States Patent and Trademark Office,Patent applications,2020,4.3916998
Moldova,United States Patent and Trademark Office,Patent grants,2020,0.31670001
Moldova,European Patent Office,Patent applications,2021,2.0
Moldova,European Patent Office,Patent grants,2021,0.0
Moldova,World Intellectual Property Organization,Patent applications,2021,3.0444446
Moldova,United States Patent and Trademark Office,Patent applications,2021,1.6
Moldova,United States Patent and Trademark Office,Patent grants,2021,1.2
Moldova,European Patent Office,Patent applications,2022,1.625
Moldova,World Intellectual Property Organization,Patent applications,2022,5.5
Moldova,United States Patent and Trademark Office,Patent applications,2022,0.91670001
Moldova,World Intellectual Property Organization,Patent applications,2023,4.2942896
Moldova,World Intellectual Property Organization,Patent applications,2024,4.3029113
Monaco,European Patent Office,Patent applications,2009,25.700001
Monaco,European Patent Office,Patent grants,2009,12.2
Monaco,World Intellectual Property Organization,Patent applications,2009,15.116667
Monaco,United States Patent and Trademark Office,Patent applications,2009,14.95
Monaco,United States Patent and Trademark Office,Patent grants,2009,8.9167004
Monaco,European Patent Office,Patent applications,2010,15.6667
Monaco,European Patent Office,Patent grants,2010,12.5
Monaco,World Intellectual Property Organization,Patent applications,2010,17.799999
Monaco,United States Patent and Trademark Office,Patent applications,2010,10.1667
Monaco,United States Patent and Trademark Office,Patent grants,2010,6.0
Monaco,European Patent Office,Patent applications,2011,21.4
Monaco,European Patent Office,Patent grants,2011,13.5167
Monaco,World Intellectual Property Organization,Patent applications,2011,16.766666
Monaco,United States Patent and Trademark Office,Patent applications,2011,20.85
Monaco,United States Patent and Trademark Office,Patent grants,2011,13.85
Monaco,European Patent Office,Patent applications,2012,16.9167
Monaco,European Patent Office,Patent grants,2012,12.1167
Monaco,World Intellectual Property Organization,Patent applications,2012,10.633333
Monaco,United States Patent and Trademark Office,Patent applications,2012,15.2833
Monaco,United States Patent and Trademark Office,Patent grants,2012,10.2833
Monaco,European Patent Office,Patent applications,2013,14.2
Monaco,European Patent Office,Patent grants,2013,8.7666998
Monaco,World Intellectual Property Organization,Patent applications,2013,13.583333
Monaco,United States Patent and Trademark Office,Patent applications,2013,23.7833
Monaco,United States Patent and Trademark Office,Patent grants,2013,9.4499998
Monaco,European Patent Office,Patent applications,2014,21.3333
Monaco,European Patent Office,Patent grants,2014,15.3333
Monaco,World Intellectual Property Organization,Patent applications,2014,19.333334
Monaco,United States Patent and Trademark Office,Patent applications,2014,28.6667
Monaco,United States Patent and Trademark Office,Patent grants,2014,14.5
Monaco,European Patent Office,Patent applications,2015,13.9667
Monaco,European Patent Office,Patent grants,2015,6.4667001
Monaco,World Intellectual Property Organization,Patent applications,2015,13.666667
Monaco,United States Patent and Trademark Office,Patent applications,2015,14.2
Monaco,United States Patent and Trademark Office,Patent grants,2015,9.3667002
Monaco,European Patent Office,Patent applications,2016,17.0333
Monaco,European Patent Office,Patent grants,2016,11.7
Monaco,World Intellectual Property Organization,Patent applications,2016,15.033334
Monaco,United States Patent and Trademark Office,Patent applications,2016,18.200001
Monaco,United States Patent and Trademark Office,Patent grants,2016,14.0
Monaco,European Patent Office,Patent applications,2017,18.009501
Monaco,European Patent Office,Patent grants,2017,9.1429005
Monaco,World Intellectual Property Organization,Patent applications,2017,17.759523
Monaco,United States Patent and Trademark Office,Patent applications,2017,12.6524
Monaco,United States Patent and Trademark Office,Patent grants,2017,7.9524002
Monaco,European Patent Office,Patent applications,2018,14.9881
Monaco,European Patent Office,Patent grants,2018,8.2856998
Monaco,World Intellectual Property Organization,Patent applications,2018,20.345238
Monaco,United States Patent and Trademark Office,Patent applications,2018,17.0774
Monaco,United States Patent and Trademark Office,Patent grants,2018,9.5179005
Monaco,European Patent Office,Patent applications,2019,35.176201
Monaco,European Patent Office,Patent grants,2019,16.676201
Monaco,World Intellectual Property Organization,Patent applications,2019,29.476191
Monaco,United States Patent and Trademark Office,Patent applications,2019,25.3762
Monaco,United States Patent and Trademark Office,Patent grants,2019,13.2333
Monaco,European Patent Office,Patent applications,2020,26.8333
Monaco,European Patent Office,Patent grants,2020,9.4167004
Monaco,World Intellectual Property Organization,Patent applications,2020,27.25
Monaco,United States Patent and Trademark Office,Patent applications,2020,15.5333
Monaco,United States Patent and Trademark Office,Patent grants,2020,6.1167002
Monaco,European Patent Office,Patent applications,2021,10.7429
Monaco,European Patent Office,Patent grants,2021,1.3333
Monaco,World Intellectual Property Organization,Patent applications,2021,8.6999998
Monaco,United States Patent and Trademark Office,Patent applications,2021,8.7833004
Monaco,United States Patent and Trademark Office,Patent grants,2021,4.0332999
Monaco,European Patent Office,Patent applications,2022,10.25
Monaco,World Intellectual Property Organization,Patent applications,2022,13.25
Monaco,United States Patent and Trademark Office,Patent applications,2022,17.200001
Monaco,World Intellectual Property Organization,Patent applications,2023,13.246087
Monaco,World Intellectual Property Organization,Patent applications,2024,11.790926
Mongolia,European Patent Office,Patent grants,2009,0.0
Mongolia,World Intellectual Property Organization,Patent applications,2009,0.0
Mongolia,United States Patent and Trademark Office,Patent applications,2009,1.0
Mongolia,United States Patent and Trademark Office,Patent grants,2009,0.0
Mongolia,European Patent Office,Patent grants,2010,0.0
Mongolia,World Intellectual Property Organization,Patent applications,2010,0.66666669
Mongolia,United States Patent and Trademark Office,Patent applications,2010,1.0
Mongolia,United States Patent and Trademark Office,Patent grants,2010,1.0
Mongolia,European Patent Office,Patent grants,2011,0.0
Mongolia,World Intellectual Property Organization,Patent applications,2011,1.0
Mongolia,United States Patent and Trademark Office,Patent applications,2011,2.7832999
Mongolia,United States Patent and Trademark Office,Patent grants,2011,2.5332999
Mongolia,European Patent Office,Patent grants,2012,0.0
Mongolia,World Intellectual Property Organization,Patent applications,2012,3.0
Mongolia,United States Patent and Trademark Office,Patent applications,2012,1.3
Mongolia,United States Patent and Trademark Office,Patent grants,2012,1.2
Mongolia,European Patent Office,Patent grants,2013,0.0
Mongolia,World Intellectual Property Organization,Patent applications,2013,0.11111111
Mongolia,United States Patent and Trademark Office,Patent applications,2013,1.0833
Mongolia,United States Patent and Trademark Office,Patent grants,2013,0.91670001
Mongolia,European Patent Office,Patent grants,2014,0.0
Mongolia,World Intellectual Property Organization,Patent applications,2014,1.0
Mongolia,United States Patent and Trademark Office,Patent applications,2014,0.0
Mongolia,United States Patent and Trademark Office,Patent grants,2014,0.0
Mongolia,European Patent Office,Patent grants,2015,0.33329999
Mongolia,World Intellectual Property Organization,Patent applications,2015,0.16666667
Mongolia,United States Patent and Trademark Office,Patent applications,2015,0.33329999
Mongolia,United States Patent and Trademark Office,Patent grants,2015,0.16670001
Mongolia,European Patent Office,Patent grants,2016,0.0
Mongolia,World Intellectual Property Organization,Patent applications,2016,0.41666666
Mongolia,United States Patent and Trademark Office,Patent applications,2016,3.3833001
Mongolia,United States Patent and Trademark Office,Patent grants,2016,2.6333001
Mongolia,European Patent Office,Patent grants,2017,0.0
Mongolia,World Intellectual Property Organization,Patent applications,2017,1.5
Mongolia,United States Patent and Trademark Office,Patent applications,2017,2.4897001
Mongolia,United States Patent and Trademark Office,Patent grants,2017,1.25
Mongolia,European Patent Office,Patent grants,2018,0.0
Mongolia,World Intellectual Property Organization,Patent applications,2018,1.4145594
Mongolia,United States Patent and Trademark Office,Patent applications,2018,2.2456
Mongolia,United States Patent and Trademark Office,Patent grants,2018,0.4111
Mongolia,European Patent Office,Patent grants,2019,0.1429
Mongolia,World Intellectual Property Organization,Patent applications,2019,0.34285715
Mongolia,United States Patent and Trademark Office,Patent applications,2019,0.87779999
Mongolia,United States Patent and Trademark Office,Patent grants,2019,0.69999999
Mongolia,European Patent Office,Patent grants,2020,0.0
Mongolia,World Intellectual Property Organization,Patent applications,2020,1.0
Mongolia,United States Patent and Trademark Office,Patent applications,2020,1.4583
Mongolia,United States Patent and Trademark Office,Patent grants,2020,0.33329999
Mongolia,European Patent Office,Patent grants,2021,0.0
Mongolia,World Intellectual Property Organization,Patent applications,2021,0.0
Mongolia,United States Patent and Trademark Office,Patent applications,2021,0.72619998
Mongolia,United States Patent and Trademark Office,Patent grants,2021,0.0
Mongolia,World Intellectual Property Organization,Patent applications,2022,1.3333334
Mongolia,United States Patent and Trademark Office,Patent applications,2022,0.1
Mongolia,World Intellectual Property Organization,Patent applications,2023,0.48924538
Mongolia,World Intellectual Property Organization,Patent applications,2024,0.61381662
Morocco,European Patent Office,Patent applications,2009,5.0742002
Morocco,European Patent Office,Patent grants,2009,3.0242
Morocco,World Intellectual Property Organization,Patent applications,2009,25.009956
Morocco,United States Patent and Trademark Office,Patent grants,2009,1.45
Morocco,European Patent Office,Patent applications,2010,2.5
Morocco,European Patent Office,Patent grants,2010,2.0
Morocco,World Intellectual Property Organization,Patent applications,2010,16.0
Morocco,United States Patent and Trademark Office,Patent grants,2010,0.1429
Morocco,European Patent Office,Patent applications,2011,3.1063001
Morocco,European Patent Office,Patent grants,2011,0.84439999
Morocco,World Intellectual Property Organization,Patent applications,2011,25.492064
Morocco,United States Patent and Trademark Office,Patent grants,2011,4.9087
Morocco,European Patent Office,Patent applications,2012,4.4095001
Morocco,European Patent Office,Patent grants,2012,2.6666999
Morocco,World Intellectual Property Organization,Patent applications,2012,42.784523
Morocco,United States Patent and Trademark Office,Patent grants,2012,3.8333001
Morocco,European Patent Office,Patent applications,2013,3.3678999
Morocco,European Patent Office,Patent grants,2013,2.5901999
Morocco,World Intellectual Property Organization,Patent applications,2013,59.075001
Morocco,United States Patent and Trademark Office,Patent grants,2013,3.1500001
Morocco,European Patent Office,Patent applications,2014,1.5
Morocco,European Patent Office,Patent grants,2014,0.0
Morocco,World Intellectual Property Organization,Patent applications,2014,57.5
Morocco,United States Patent and Trademark Office,Patent grants,2014,4.1666999
Morocco,European Patent Office,Patent applications,2015,6.8249998
Morocco,European Patent Office,Patent grants,2015,5.8249998
Morocco,World Intellectual Property Organization,Patent applications,2015,32.658333
Morocco,United States Patent and Trademark Office,Patent grants,2015,4.6761999
Morocco,European Patent Office,Patent applications,2016,9.0
Morocco,European Patent Office,Patent grants,2016,5.0
Morocco,World Intellectual Property Organization,Patent applications,2016,47.023811
Morocco,United States Patent and Trademark Office,Patent grants,2016,5.8583002
Morocco,European Patent Office,Patent applications,2017,5.0500002
Morocco,European Patent Office,Patent grants,2017,3.0
Morocco,World Intellectual Property Organization,Patent applications,2017,40.842857
Morocco,United States Patent and Trademark Office,Patent grants,2017,7.6717
Morocco,European Patent Office,Patent applications,2018,11.5083
Morocco,European Patent Office,Patent grants,2018,5.1332998
Morocco,World Intellectual Property Organization,Patent applications,2018,37.674999
Morocco,United States Patent and Trademark Office,Patent grants,2018,4.6094999
Morocco,European Patent Office,Patent applications,2019,12.4583
Morocco,European Patent Office,Patent grants,2019,4.8333001
Morocco,World Intellectual Property Organization,Patent applications,2019,30.208334
Morocco,United States Patent and Trademark Office,Patent grants,2019,5.8730001
Morocco,European Patent Office,Patent applications,2020,18.6667
Morocco,European Patent Office,Patent grants,2020,6.5833001
Morocco,World Intellectual Property Organization,Patent applications,2020,58.238094
Morocco,United States Patent and Trademark Office,Patent grants,2020,6.2929001
Morocco,European Patent Office,Patent applications,2021,35.0
Morocco,European Patent Office,Patent grants,2021,13.6333
Morocco,World Intellectual Property Organization,Patent applications,2021,82.083336
Morocco,United States Patent and Trademark Office,Patent grants,2021,4.1917
Morocco,European Patent Office,Patent applications,2022,29.866699
Morocco,World Intellectual Property Organization,Patent applications,2022,58.616665
Morocco,World Intellectual Property Organization,Patent applications,2023,67.792763
Morocco,World Intellectual Property Organization,Patent applications,2024,69.672676
Nigeria,European Patent Office,Patent applications,2009,0.0
Nigeria,World Intellectual Property Organization,Patent applications,2009,1.1666666
Nigeria,United States Patent and Trademark Office,Patent applications,2009,3.75
Nigeria,United States Patent and Trademark Office,Patent grants,2009,0.75
Nigeria,European Patent Office,Patent applications,2010,0.16670001
Nigeria,World Intellectual Property Organization,Patent applications,2010,1.1666666
Nigeria,United States Patent and Trademark Office,Patent applications,2010,5.1666999
Nigeria,United States Patent and Trademark Office,Patent grants,2010,1.1667
Nigeria,European Patent Office,Patent applications,2011,1.0
Nigeria,World Intellectual Property Organization,Patent applications,2011,4.1999998
Nigeria,United States Patent and Trademark Office,Patent applications,2011,5.8667002
Nigeria,United States Patent and Trademark Office,Patent grants,2011,0.5
Nigeria,European Patent Office,Patent applications,2012,0.25
Nigeria,World Intellectual Property Organization,Patent applications,2012,3.25
Nigeria,United States Patent and Trademark Office,Patent applications,2012,3.1666999
Nigeria,United States Patent and Trademark Office,Patent grants,2012,1.4167
Nigeria,European Patent Office,Patent applications,2013,0.0
Nigeria,World Intellectual Property Organization,Patent applications,2013,6.0
Nigeria,United States Patent and Trademark Office,Patent applications,2013,5.4791999
Nigeria,United States Patent and Trademark Office,Patent grants,2013,1.25
Nigeria,European Patent Office,Patent applications,2014,0.0
Nigeria,World Intellectual Property Organization,Patent applications,2014,1.8333334
Nigeria,United States Patent and Trademark Office,Patent applications,2014,6.1666999
Nigeria,United States Patent and Trademark Office,Patent grants,2014,1.4167
Nigeria,European Patent Office,Patent applications,2015,1.0
Nigeria,World Intellectual Property Organization,Patent applications,2015,5.1999998
Nigeria,United States Patent and Trademark Office,Patent applications,2015,3.6183
Nigeria,United States Patent and Trademark Office,Patent grants,2015,2.5683
Nigeria,European Patent Office,Patent applications,2016,0.80000001
Nigeria,World Intellectual Property Organization,Patent applications,2016,4.3000002
Nigeria,United States Patent and Trademark Office,Patent applications,2016,6.8000002
Nigeria,United States Patent and Trademark Office,Patent grants,2016,3.4667001
Nigeria,European Patent Office,Patent applications,2017,1.0
Nigeria,World Intellectual Property Organization,Patent applications,2017,3.0833333
Nigeria,United States Patent and Trademark Office,Patent applications,2017,5.1666999
Nigeria,United States Patent and Trademark Office,Patent grants,2017,3.6666999
Nigeria,European Patent Office,Patent applications,2018,1.1429
Nigeria,World Intellectual Property Organization,Patent applications,2018,4.0952382
Nigeria,United States Patent and Trademark Office,Patent applications,2018,5.619
Nigeria,United States Patent and Trademark Office,Patent grants,2018,2.619
Nigeria,European Patent Office,Patent applications,2019,0.0
Nigeria,World Intellectual Property Organization,Patent applications,2019,1.3333334
Nigeria,United States Patent and Trademark Office,Patent applications,2019,6.4000001
Nigeria,United States Patent and Trademark Office,Patent grants,2019,1.2
Nigeria,European Patent Office,Patent applications,2020,0.0
Nigeria,World Intellectual Property Organization,Patent applications,2020,2.3333333
Nigeria,United States Patent and Trademark Office,Patent applications,2020,5.0833001
Nigeria,United States Patent and Trademark Office,Patent grants,2020,2.25
Nigeria,European Patent Office,Patent applications,2021,4.131
Nigeria,World Intellectual Property Organization,Patent applications,2021,4.4642859
Nigeria,United States Patent and Trademark Office,Patent applications,2021,4.7975998
Nigeria,United States Patent and Trademark Office,Patent grants,2021,0.0
Nigeria,European Patent Office,Patent applications,2022,0.66670001
Nigeria,World Intellectual Property Organization,Patent applications,2022,2.6666667
Nigeria,United States Patent and Trademark Office,Patent applications,2022,2.9000001
Nigeria,World Intellectual Property Organization,Patent applications,2023,3.8275685
Nigeria,World Intellectual Property Organization,Patent applications,2024,3.6605844
